CVEGEO,Estatus,CVE_ENT,NOM_ENT,NOM_ABR,CVE_MUN,NOM_MUN,CVE_LOC,NOM_LOC,AMBITO,LATITUD,LONGITUD,LAT_DECIMAL,LON_DECIMAL,ALTITUD,CVE_CARTA,POB_TOTAL,POB_MASCULINA,POB_FEMENINA,TOTAL DE VIVIENDAS HABITADAS
"090020001","","09","Ciudad de Mexico","CDMX","002","Azcapotzalco","0001","Azcapotzalco","U","19°29´02.770"N","099°11´03.698"W","19.48410200","-99.18436000","2244","E14A39","432205","204950","227255","134204"
"090030001","","09","Ciudad de Mexico","CDMX","003","Coyoacan","0001","Coyoacan","U","19°21´00.770"N","099°09´43.724"W","19.35021400","-99.16214600","2247","E14A39","614447","289110","325337","191646"
"090040001","","09","Ciudad de Mexico","CDMX","004","Cuajimalpa de Morelos","0001","Cuajimalpa de Morelos","U","19°21´26.461"N","099°17´59.252"W","19.35735000","-99.29979200","2780","E14A39","186693","89078","97615","52530"
"090040010","","09","Ciudad de Mexico","CDMX","004","Cuajimalpa de Morelos","0010","Cruz Blanca","R","19°19´04.026"N","099°19´26.437"W","19.31778400","-99.32401000","2985","E14A39","728","366","362","192"
"090040020","","09","Ciudad de Mexico","CDMX","004","Cuajimalpa de Morelos","0020","San Lorenzo Acopilco","U","19°19´51.617"N","099°19´32.454"W","19.33100400","-99.32568100","2937","E14A39","26042","12626","13416","6627"
"090040050","","09","Ciudad de Mexico","CDMX","004","Cuajimalpa de Morelos","0050","La Venta","R","19°20´03.752"N","099°18´36.766"W","19.33437500","-99.31021300","2863","E14A39","486","216","270","124"
"090040054","","09","Ciudad de Mexico","CDMX","004","Cuajimalpa de Morelos","0054","Puerto las Cruces (Monte las Cruces)","R","19°17´41.500"N","099°20´51.436"W","19.29486100","-99.34762100","3200","E14A38","1233","585","648","323"
"090040055","","09","Ciudad de Mexico","CDMX","004","Cuajimalpa de Morelos","0055","Teopazulco","R","19°20´45.333"N","099°19´23.215"W","19.34592600","-99.32311500","2941","E14A39","80","40","40","23"
"090040056","","09","Ciudad de Mexico","CDMX","004","Cuajimalpa de Morelos","0056","Valle de las Monjas","R","19°20´18.829"N","099°17´35.672"W","19.33856300","-99.29324200","2666","E14A39","108","61","47","32"
"090040057","","09","Ciudad de Mexico","CDMX","004","Cuajimalpa de Morelos","0057","Prolongacion Constitucion","R","19°21´09.542"N","099°19´36.019"W","19.35265100","-99.32667100","2712","E14A39","131","66","65","32"
"090040058","","09","Ciudad de Mexico","CDMX","004","Cuajimalpa de Morelos","0058","Paraje Rio Borracho","R","19°20´57.976"N","099°19´41.652"W","19.34943700","-99.32823600","2696","E14A39","80","36","44","21"
"090040059","","09","Ciudad de Mexico","CDMX","004","Cuajimalpa de Morelos","0059","El Zarco","R","19°17´35.718"N","099°21´15.809"W","19.29325500","-99.35439100","3141","E14A38","24","12","12","9"
"090040060","","09","Ciudad de Mexico","CDMX","004","Cuajimalpa de Morelos","0060","La Bolsa (El Encinal)","R","19°20´20.408"N","099°18´06.266"W","19.33900200","-99.30174100","2783","E14A39","9","*","*","2"
"090040062","","09","Ciudad de Mexico","CDMX","004","Cuajimalpa de Morelos","0062","Los Campesinos [Rancho]","R","19°18´18.001"N","099°20´40.786"W","19.30500000","-99.34466200","3056","E14A38","29","15","14","5"
"090040063","","09","Ciudad de Mexico","CDMX","004","Cuajimalpa de Morelos","0063","Santa Rosa","R","19°19´23.959"N","099°17´42.290"W","19.32332100","-99.29508000","2860","E14A39","818","404","414","204"
"090040064","","09","Ciudad de Mexico","CDMX","004","Cuajimalpa de Morelos","0064","Paraje Cerro de los Padres","R","19°21´51.054"N","099°19´01.120"W","19.36418200","-99.31697700","2846","E14A39","12","*","*","1"
"090040066","","09","Ciudad de Mexico","CDMX","004","Cuajimalpa de Morelos","0066","Santa Laura [Rancho]","R","19°20´36.786"N","099°19´10.138"W","19.34355100","-99.31948200","2723","E14A39","38","25","13","14"
"090040067","","09","Ciudad de Mexico","CDMX","004","Cuajimalpa de Morelos","0067","La Papa [Escuela Niños Heroes]","R","19°20´42.793"N","099°18´46.174"W","19.34522000","-99.31282600","2853","E14A39","4","*","*","1"
"090040068","","09","Ciudad de Mexico","CDMX","004","Cuajimalpa de Morelos","0068","Convento del Desierto de los Leones","R","19°18´49.000"N","099°18´37.000"W","19.31361100","-99.31027800","2977","E14A39","0","0","0","0"
"090040069","","09","Ciudad de Mexico","CDMX","004","Cuajimalpa de Morelos","0069","La Troje","R","19°19´37.118"N","099°19´05.778"W","19.32697700","-99.31827100","2834","E14A39","0","0","0","0"
"090040070","","09","Ciudad de Mexico","CDMX","004","Cuajimalpa de Morelos","0070","Punta Galicia","R","19°22´29.628"N","099°18´12.141"W","19.37489600","-99.30337300","2538","E14A39","438","231","207","119"
"090040071","","09","Ciudad de Mexico","CDMX","004","Cuajimalpa de Morelos","0071","Cola de Pato","R","19°18´13.824"N","099°20´23.850"W","19.30384000","-99.33995800","3128","E14A38","7","*","*","2"
"090040073","","09","Ciudad de Mexico","CDMX","004","Cuajimalpa de Morelos","0073","Los Aguacates","R","19°22´11.647"N","099°18´38.635"W","19.36990100","-99.31073200","2725","E14A39","514","253","261","129"
"090040074","","09","Ciudad de Mexico","CDMX","004","Cuajimalpa de Morelos","0074","Punta Ahuatenco","R","19°22´04.908"N","099°18´20.883"W","19.36802900","-99.30580100","2560","E14A39","173","99","74","43"
"090040075","","09","Ciudad de Mexico","CDMX","004","Cuajimalpa de Morelos","0075","Los Laureles [Rancho]","R","19°19´53.695"N","099°18´07.338"W","19.33158100","-99.30203800","2742","E14A39","5","*","*","2"
"090040077","","09","Ciudad de Mexico","CDMX","004","Cuajimalpa de Morelos","0077","Coatzehuaya","R","19°21´00.103"N","099°19´31.307"W","19.35002900","-99.32536200","2828","E14A39","28","15","13","5"
"090040078","","09","Ciudad de Mexico","CDMX","004","Cuajimalpa de Morelos","0078","La Loma","R","19°19´22.025"N","099°20´07.055"W","19.32278400","-99.33529300","3005","E14A38","4","*","*","1"
"090040079","","09","Ciudad de Mexico","CDMX","004","Cuajimalpa de Morelos","0079","Llanito Redondo","R","19°19´21.032"N","099°20´04.332"W","19.32250800","-99.33453600","2967","E14A38","2","*","*","1"
"090050001","","09","Ciudad de Mexico","CDMX","005","Gustavo A. Madero","0001","Gustavo A. Madero","U","19°28´58.603"N","099°06´48.495"W","19.48294500","-99.11347100","2229","E14A39","1173351","563874","609477","340301"
"090060001","","09","Ciudad de Mexico","CDMX","006","Iztacalco","0001","Iztacalco","U","19°23´45.245"N","099°05´51.406"W","19.39590100","-99.09761200","2233","E14A39","404695","192352","212343","117740"
"090070001","","09","Ciudad de Mexico","CDMX","007","Iztapalapa","0001","Iztapalapa","U","19°21´32.414"N","099°05´33.441"W","19.35900400","-99.09262200","2242","E14A39","1835486","887651","947835","504456"
"090080001","","09","Ciudad de Mexico","CDMX","008","La Magdalena Contreras","0001","La Magdalena Contreras","U","19°18´17.633"N","099°14´29.456"W","19.30489800","-99.24151500","2520","E14A39","246428","117661","128767","67772"
"090080066","","09","Ciudad de Mexico","CDMX","008","La Magdalena Contreras","0066","Manantiales de Monte Alegre","R","19°13´46.850"N","099°16´46.029"W","19.22968000","-99.27945200","3300","E14A49","0","0","0","0"
"090080071","","09","Ciudad de Mexico","CDMX","008","La Magdalena Contreras","0071","Ejido de San Nicolas Totolapan","R","19°15´14.274"N","099°14´43.606"W","19.25396500","-99.24544600","2914","E14A39","15","8","7","6"
"090080075","","09","Ciudad de Mexico","CDMX","008","La Magdalena Contreras","0075","Segundo Dinamo","R","19°17´03.597"N","099°16´28.157"W","19.28433200","-99.27448700","2758","E14A39","10","9","1","6"
"090080079","","09","Ciudad de Mexico","CDMX","008","La Magdalena Contreras","0079","Las Golondrinas","R","19°15´59.233"N","099°14´57.216"W","19.26645400","-99.24922600","2826","E14A39","4","*","*","1"
"090080081","","09","Ciudad de Mexico","CDMX","008","La Magdalena Contreras","0081","Primer Dinamo","R","19°17´20.000"N","099°15´52.000"W","19.28888900","-99.26444400","2671","E14A39","0","0","0","0"
"090080083","","09","Ciudad de Mexico","CDMX","008","La Magdalena Contreras","0083","El Gavillero","R","19°17´13.291"N","099°14´56.833"W","19.28702500","-99.24912000","2608","E14A39","452","218","234","116"
"090080085","","09","Ciudad de Mexico","CDMX","008","La Magdalena Contreras","0085","El Ocotal (La Carbonera)","R","19°17´37.875"N","099°15´45.401"W","19.29385400","-99.26261100","2726","E14A39","23","12","11","12"
"090080086","","09","Ciudad de Mexico","CDMX","008","La Magdalena Contreras","0086","Coapanoaya","R","19°17´09.895"N","099°16´11.040"W","19.28608200","-99.26973300","2719","E14A39","0","0","0","0"
"090080088","","09","Ciudad de Mexico","CDMX","008","La Magdalena Contreras","0088","Totolapan","R","19°16´50.508"N","099°14´45.672"W","19.28069600","-99.24602000","2620","E14A39","334","170","164","88"
"090080089","","09","Ciudad de Mexico","CDMX","008","La Magdalena Contreras","0089","Sehuaya","R","19°16´54.060"N","099°16´25.410"W","19.28168300","-99.27372400","2801","E14A39","5","*","*","2"
"090080090","","09","Ciudad de Mexico","CDMX","008","La Magdalena Contreras","0090","Tercer Dinamo","R","19°16´53.002"N","099°16´42.276"W","19.28138900","-99.27840900","2805","E14A39","0","0","0","0"
"090080092","","09","Ciudad de Mexico","CDMX","008","La Magdalena Contreras","0092","Cuarto Dinamo","R","19°15´59.320"N","099°17´36.456"W","19.26647800","-99.29346000","3060","E14A39","0","0","0","0"
"090080093","","09","Ciudad de Mexico","CDMX","008","La Magdalena Contreras","0093","La Bodega","R","19°16´00.735"N","099°17´14.669"W","19.26687000","-99.28740800","3036","E14A39","0","0","0","0"
"090080094","","09","Ciudad de Mexico","CDMX","008","La Magdalena Contreras","0094","La Campana [Rancho]","R","19°14´56.396"N","099°14´52.445"W","19.24899900","-99.24790100","2919","E14A49","5","*","*","2"
"090080095","","09","Ciudad de Mexico","CDMX","008","La Magdalena Contreras","0095","La Escondida","R","19°14´50.583"N","099°15´15.785"W","19.24738400","-99.25438500","3019","E14A49","0","0","0","0"
"090080096","","09","Ciudad de Mexico","CDMX","008","La Magdalena Contreras","0096","La Polea","R","19°13´45.255"N","099°16´02.061"W","19.22923700","-99.26723900","3273","E14A49","1","*","*","1"
"090080098","","09","Ciudad de Mexico","CDMX","008","La Magdalena Contreras","0098","Valle del Tezontle","R","19°12´57.000"N","099°16´42.000"W","19.21583300","-99.27833300","3428","E14A49","11","*","*","1"
"090080099","","09","Ciudad de Mexico","CDMX","008","La Magdalena Contreras","0099","Albergue Alpino Ajusco","R","19°13´37.644"N","099°16´00.884"W","19.22712300","-99.26691200","3297","E14A49","1","*","*","1"
"090080100","","09","Ciudad de Mexico","CDMX","008","La Magdalena Contreras","0100","Los Cedros","R","19°16´47.102"N","099°15´01.465"W","19.27975000","-99.25040700","2649","E14A39","5","*","*","2"
"090080101","","09","Ciudad de Mexico","CDMX","008","La Magdalena Contreras","0101","Ocotenco (La Loma Cazulco)","R","19°17´34.392"N","099°15´15.889"W","19.29288600","-99.25441400","2657","E14A39","15","11","4","14"
"090080102","","09","Ciudad de Mexico","CDMX","008","La Magdalena Contreras","0102","El Tejocote","R","19°15´50.603"N","099°14´48.147"W","19.26405600","-99.24670700","2775","E14A39","1","*","*","1"
"090080103","","09","Ciudad de Mexico","CDMX","008","La Magdalena Contreras","0103","Paraje Ayla","R","19°15´36.047"N","099°18´04.467"W","19.26001300","-99.30124100","3212","E14A39","0","0","0","0"
"090080104","","09","Ciudad de Mexico","CDMX","008","La Magdalena Contreras","0104","Rancho Viejo","R","19°15´29.664"N","099°15´01.151"W","19.25824000","-99.25032000","2842","E14A39","67","35","32","14"
"090080106","","09","Ciudad de Mexico","CDMX","008","La Magdalena Contreras","0106","Prolongacion Ermitaño","R","19°18´03.091"N","099°16´02.363"W","19.30085900","-99.26732200","2744","E14A39","37","20","17","9"
"090080107","","09","Ciudad de Mexico","CDMX","008","La Magdalena Contreras","0107","Llanos de Acopilco","R","19°16´28.856"N","099°16´48.265"W","19.27468200","-99.28007300","3062","E14A39","2","*","*","2"
"090080108","Baja","09","Ciudad de Mexico","CDMX","008","La Magdalena Contreras","0108","Rincon Eslava","R","19°17´22.894"N","099°15´03.870"W","19.28969200","-99.25107500","2555","E14A39","51","30","21","13"
"090080109","","09","Ciudad de Mexico","CDMX","008","La Magdalena Contreras","0109","La Cañada [Parque]","R","19°17´54.343"N","099°15´10.474"W","19.29842800","-99.25290900","2561","E14A39","1","*","*","1"
"090080111","Baja","09","Ciudad de Mexico","CDMX","008","La Magdalena Contreras","0111","Rancho Chichicaspa","R","19°16´35.681"N","099°14´45.284"W","19.27657700","-99.24591200","2591","E14A39","29","17","12","7"
"090080112","Baja","09","Ciudad de Mexico","CDMX","008","La Magdalena Contreras","0112","Paraje Chichicaspa","R","19°16´32.836"N","099°14´59.943"W","19.27578700","-99.24998400","2596","E14A39","119","68","51","34"
"090080113","","09","Ciudad de Mexico","CDMX","008","La Magdalena Contreras","0113","Meyuca","R","19°17´59.664"N","099°15´58.290"W","19.29990600","-99.26619200","2800","E14A39","6","*","*","2"
"090090001","","09","Ciudad de Mexico","CDMX","009","Milpa Alta","0001","Villa Milpa Alta","U","19°11´28.498"N","099°01´24.139"W","19.19124900","-99.02337100","2429","E14A49","18213","8863","9350","4622"
"090090011","","09","Ciudad de Mexico","CDMX","009","Milpa Alta","0011","San Antonio Tecomitl","U","19°13´03.134"N","098°59´37.384"W","19.21753700","-98.99371700","2258","E14B41","27768","13478","14290","7221"
"090090015","","09","Ciudad de Mexico","CDMX","009","Milpa Alta","0015","San Bartolome Xicomulco","U","19°12´24.334"N","099°04´04.413"W","19.20675900","-99.06789200","2592","E14A49","4933","2351","2582","1331"
"090090017","","09","Ciudad de Mexico","CDMX","009","Milpa Alta","0017","San Francisco Tecoxpa","U","19°11´58.014"N","099°00´22.633"W","19.19944800","-99.00628700","2309","E14A49","13919","6806","7113","3613"
"090090024","","09","Ciudad de Mexico","CDMX","009","Milpa Alta","0024","San Pablo Oztotepec","U","19°11´14.226"N","099°04´23.337"W","19.18728500","-99.07314900","2716","E14A49","17715","8511","9204","4488"
"090090029","","09","Ciudad de Mexico","CDMX","009","Milpa Alta","0029","San Pedro Atocpan","U","19°12´05.894"N","099°02´57.879"W","19.20163700","-99.04941100","2445","E14A49","9234","4529","4705","2342"
"090090033","","09","Ciudad de Mexico","CDMX","009","Milpa Alta","0033","San Salvador Cuauhtenco","U","19°11´31.158"N","099°05´23.835"W","19.19198800","-99.08995400","2753","E14A49","16847","8182","8665","4233"
"090090036","","09","Ciudad de Mexico","CDMX","009","Milpa Alta","0036","Santa Ana Tlacotenco","U","19°10´33.278"N","098°59´52.083"W","19.17591000","-98.99780100","2613","E14B41","11715","5589","6126","3030"
"090090037","","09","Ciudad de Mexico","CDMX","009","Milpa Alta","0037","Cruztitla","R","19°12´53.590"N","099°00´12.610"W","19.21488600","-99.00350300","2308","E14A49","1123","563","560","278"
"090090039","","09","Ciudad de Mexico","CDMX","009","Milpa Alta","0039","Atlimeya","R","19°10´00.718"N","099°04´21.795"W","19.16686500","-99.07272000","2913","E14A49","0","0","0","0"
"090090045","","09","Ciudad de Mexico","CDMX","009","Milpa Alta","0045","Los Pinos (Totulan)","R","19°11´00.784"N","099°02´06.444"W","19.18355100","-99.03512300","2572","E14A49","57","31","26","17"
"090090046","","09","Ciudad de Mexico","CDMX","009","Milpa Alta","0046","Xoctonco","R","19°11´02.584"N","099°05´13.130"W","19.18405100","-99.08698000","2866","E14A49","394","201","193","107"
"090090050","","09","Ciudad de Mexico","CDMX","009","Milpa Alta","0050","Cozcatlan","R","19°10´52.254"N","099°01´03.626"W","19.18118100","-99.01767300","2539","E14A49","27","10","17","6"
"090090052","","09","Ciudad de Mexico","CDMX","009","Milpa Alta","0052","La Herradura (Septima Curva)","R","19°11´08.198"N","099°03´04.783"W","19.18561000","-99.05132900","2601","E14A49","102","51","51","31"
"090090054","","09","Ciudad de Mexico","CDMX","009","Milpa Alta","0054","Zangahco","R","19°10´29.152"N","099°03´48.603"W","19.17476400","-99.06350100","2797","E14A49","72","38","34","18"
"090090056","","09","Ciudad de Mexico","CDMX","009","Milpa Alta","0056","Hueycotzingo","R","19°11´28.736"N","099°03´08.648"W","19.19131500","-99.05240200","2547","E14A49","110","51","59","25"
"090090062","","09","Ciudad de Mexico","CDMX","009","Milpa Alta","0062","Melhcalhca","R","19°10´21.095"N","099°06´19.523"W","19.17252600","-99.10542300","3057","E14A49","0","0","0","0"
"090090066","","09","Ciudad de Mexico","CDMX","009","Milpa Alta","0066","Cuauhtec (El Mirador Santa Ana Tlacotenco)","R","19°09´41.191"N","098°59´24.096"W","19.16144200","-98.99002600","2717","E14B41","16","7","9","3"
"090090067","","09","Ciudad de Mexico","CDMX","009","Milpa Alta","0067","La Mora","R","19°11´24.229"N","099°02´05.411"W","19.19006300","-99.03483600","2517","E14A49","182","96","86","44"
"090090068","","09","Ciudad de Mexico","CDMX","009","Milpa Alta","0068","Metenco","R","19°12´17.803"N","099°04´51.746"W","19.20494500","-99.08104000","2636","E14A49","464","230","234","130"
"090090072","","09","Ciudad de Mexico","CDMX","009","Milpa Alta","0072","Tamasquititla","R","19°10´26.007"N","099°01´26.641"W","19.17389000","-99.02406600","2665","E14A49","11","6","5","4"
"090090074","","09","Ciudad de Mexico","CDMX","009","Milpa Alta","0074","San Agustin Xolco","R","19°10´38.166"N","099°00´31.428"W","19.17726800","-99.00873000","2614","E14A49","38","20","18","9"
"090090077","","09","Ciudad de Mexico","CDMX","009","Milpa Alta","0077","San Marcos (Tezocotitla)","R","19°10´10.506"N","099°01´34.080"W","19.16958400","-99.02613300","2739","E14A49","195","89","106","54"
"090090081","","09","Ciudad de Mexico","CDMX","009","Milpa Alta","0081","Cuyucalco","R","19°10´59.396"N","099°03´35.539"W","19.18316500","-99.05987200","2673","E14A49","120","62","58","34"
"090090082","","09","Ciudad de Mexico","CDMX","009","Milpa Alta","0082","Iztahuaca","R","19°11´07.147"N","099°03´32.147"W","19.18531800","-99.05893000","2650","E14A49","84","39","45","22"
"090090083","","09","Ciudad de Mexico","CDMX","009","Milpa Alta","0083","Tzotzomaco","R","19°11´53.233"N","099°02´20.738"W","19.19812000","-99.03909400","2494","E14A49","25","11","14","8"
"090090084","","09","Ciudad de Mexico","CDMX","009","Milpa Alta","0084","Tlatepexco","R","19°11´44.300"N","099°04´39.925"W","19.19563900","-99.07775600","2627","E14A49","156","66","90","40"
"090090087","Baja","09","Ciudad de Mexico","CDMX","009","Milpa Alta","0087","Lagunilla","R","19°10´54.788"N","099°05´47.024"W","19.18188500","-99.09639500","2914","E14A49","0","0","0","0"
"090090088","","09","Ciudad de Mexico","CDMX","009","Milpa Alta","0088","San Paocotitla","R","19°11´11.690"N","099°03´03.366"W","19.18658000","-99.05093500","2591","E14A49","197","113","84","51"
"090090090","","09","Ciudad de Mexico","CDMX","009","Milpa Alta","0090","Tlacopac","R","19°10´22.082"N","099°02´26.803"W","19.17280000","-99.04077800","2720","E14A49","110","53","57","28"
"090090092","","09","Ciudad de Mexico","CDMX","009","Milpa Alta","0092","Tecolotzitzatzian (Tiapa)","R","19°09´50.620"N","099°02´36.190"W","19.16406100","-99.04338600","2824","E14A49","15","9","6","5"
"090090093","","09","Ciudad de Mexico","CDMX","009","Milpa Alta","0093","Tehuitzco","R","19°10´36.452"N","099°05´07.859"W","19.17679200","-99.08551600","2955","E14A49","0","0","0","0"
"090090095","","09","Ciudad de Mexico","CDMX","009","Milpa Alta","0095","Tepetlapa","R","19°11´07.803"N","099°00´35.488"W","19.18550100","-99.00985800","2453","E14A49","225","113","112","56"
"090090096","","09","Ciudad de Mexico","CDMX","009","Milpa Alta","0096","Tequianquiztunco","R","19°09´58.707"N","099°04´19.828"W","19.16630800","-99.07217400","2915","E14A49","18","8","10","5"
"090090098","","09","Ciudad de Mexico","CDMX","009","Milpa Alta","0098","Tetexipezco","R","19°12´07.675"N","099°02´12.275"W","19.20213200","-99.03674300","2451","E14A49","35","19","16","9"
"090090099","","09","Ciudad de Mexico","CDMX","009","Milpa Alta","0099","Tetlicuili (El Encinal)","R","19°09´48.505"N","098°58´59.856"W","19.16347400","-98.98329300","2692","E14B41","15","10","5","5"
"090090100","Baja","09","Ciudad de Mexico","CDMX","009","Milpa Alta","0100","Toltecas Parte Alta (Barrio Tenantitla)","R","19°13´10.894"N","099°01´51.410"W","19.21969200","-99.03094700","2554","E14A49","3","*","*","1"
"090090101","","09","Ciudad de Mexico","CDMX","009","Milpa Alta","0101","Texcalatlautenco","R","19°12´06.170"N","099°03´31.951"W","19.20171400","-99.05887500","2487","E14A49","40","19","21","9"
"090090102","","09","Ciudad de Mexico","CDMX","009","Milpa Alta","0102","Texcayuca (Ojo de Agua)","R","19°09´28.856"N","099°08´46.359"W","19.15801600","-99.14621100","2915","E14A49","0","0","0","0"
"090090103","","09","Ciudad de Mexico","CDMX","009","Milpa Alta","0103","Tezompa","R","19°11´19.897"N","099°03´10.804"W","19.18886000","-99.05300100","2575","E14A49","226","105","121","51"
"090090104","","09","Ciudad de Mexico","CDMX","009","Milpa Alta","0104","Teziuhtepec","R","19°10´18.954"N","099°04´15.763"W","19.17193100","-99.07104500","2852","E14A49","138","73","65","34"
"090090105","","09","Ciudad de Mexico","CDMX","009","Milpa Alta","0105","Tetzumpa","R","19°10´04.220"N","099°04´13.182"W","19.16783800","-99.07032800","2890","E14A49","18","9","9","5"
"090090109","","09","Ciudad de Mexico","CDMX","009","Milpa Alta","0109","Tlaxala","R","19°12´10.063"N","099°02´14.696"W","19.20279500","-99.03741500","2446","E14A49","69","38","31","13"
"090090110","","09","Ciudad de Mexico","CDMX","009","Milpa Alta","0110","Ahuapapatlapa","R","19°10´17.800"N","099°02´45.127"W","19.17161000","-99.04586800","2770","E14A49","4","*","*","1"
"090090112","","09","Ciudad de Mexico","CDMX","009","Milpa Alta","0112","Tetepanco","R","19°12´21.055"N","099°03´16.575"W","19.20584900","-99.05460400","2543","E14A49","153","86","67","33"
"090090113","","09","Ciudad de Mexico","CDMX","009","Milpa Alta","0113","Copexalco","R","19°12´50.202"N","099°03´39.451"W","19.21394500","-99.06095900","2575","E14A49","69","30","39","19"
"090090115","","09","Ciudad de Mexico","CDMX","009","Milpa Alta","0115","San Jose","R","19°12´23.663"N","099°03´36.406"W","19.20657300","-99.06011300","2586","E14A49","313","160","153","88"
"090090116","","09","Ciudad de Mexico","CDMX","009","Milpa Alta","0116","Hueytepetl (Bugambilias)","R","19°11´21.536"N","098°59´24.396"W","19.18931500","-98.99011000","2459","E14B41","249","123","126","63"
"090090117","","09","Ciudad de Mexico","CDMX","009","Milpa Alta","0117","Ocoximalipa","R","19°10´26.042"N","099°04´09.447"W","19.17390000","-99.06929000","2830","E14A49","144","72","72","33"
"090090120","","09","Ciudad de Mexico","CDMX","009","Milpa Alta","0120","Corralixpa","R","19°10´35.203"N","099°04´35.631"W","19.17644500","-99.07656400","2857","E14A49","245","127","118","60"
"090090124","","09","Ciudad de Mexico","CDMX","009","Milpa Alta","0124","El Rancho","R","19°11´28.718"N","099°01´56.009"W","19.19131000","-99.03222400","2479","E14A49","12","*","*","2"
"090090126","","09","Ciudad de Mexico","CDMX","009","Milpa Alta","0126","Coyocalli","R","19°11´50.848"N","099°02´11.411"W","19.19745700","-99.03650300","2474","E14A49","44","20","24","10"
"090090129","","09","Ciudad de Mexico","CDMX","009","Milpa Alta","0129","Tlapalan","R","19°10´47.170"N","099°00´37.517"W","19.17976900","-99.01042100","2571","E14A49","36","19","17","9"
"090090130","","09","Ciudad de Mexico","CDMX","009","Milpa Alta","0130","Retamatitla (Tepehualli)","R","19°10´36.483"N","099°01´16.728"W","19.17680000","-99.02131300","2614","E14A49","1","*","*","1"
"090090131","","09","Ciudad de Mexico","CDMX","009","Milpa Alta","0131","Texalco","R","19°11´34.456"N","099°02´07.909"W","19.19290400","-99.03553000","2472","E14A49","157","78","79","37"
"090090134","","09","Ciudad de Mexico","CDMX","009","Milpa Alta","0134","Queapilco","R","19°11´24.832"N","099°06´03.759"W","19.19023100","-99.10104400","2779","E14A49","59","31","28","16"
"090090135","","09","Ciudad de Mexico","CDMX","009","Milpa Alta","0135","Texococlixpa (Rancho Santa Elena)","R","19°11´00.052"N","099°06´01.193"W","19.18334700","-99.10033100","2878","E14A49","5","*","*","1"
"090090136","Baja","09","Ciudad de Mexico","CDMX","009","Milpa Alta","0136","Cuilotepec","R","19°10´57.972"N","099°05´01.450"W","19.18276900","-99.08373600","2840","E14A49","0","0","0","0"
"090090138","","09","Ciudad de Mexico","CDMX","009","Milpa Alta","0138","Barranca Seca (Pozo Ocho)","R","19°12´26.720"N","098°59´50.805"W","19.20742200","-98.99744600","2280","E14B41","265","125","140","66"
"090090139","","09","Ciudad de Mexico","CDMX","009","Milpa Alta","0139","Teatlaco","R","19°11´25.320"N","098°59´28.343"W","19.19036600","-98.99120600","2439","E14B41","165","71","94","40"
"090090140","","09","Ciudad de Mexico","CDMX","009","Milpa Alta","0140","Tlaloxtoc","R","19°11´48.307"N","098°58´49.972"W","19.19675200","-98.98054700","2334","E14B41","19","8","11","6"
"090090141","","09","Ciudad de Mexico","CDMX","009","Milpa Alta","0141","Tezquizco","R","19°12´17.026"N","099°05´09.675"W","19.20472900","-99.08602100","2630","E14A49","11","7","4","3"
"090090142","","09","Ciudad de Mexico","CDMX","009","Milpa Alta","0142","Atuzanco","R","19°12´32.832"N","099°03´19.113"W","19.20912000","-99.05530900","2554","E14A49","20","10","10","6"
"090090147","","09","Ciudad de Mexico","CDMX","009","Milpa Alta","0147","El Potrero","R","19°12´38.680"N","099°05´35.066"W","19.21074400","-99.09307400","2569","E14A49","23","8","15","8"
"090090148","Baja","09","Ciudad de Mexico","CDMX","009","Milpa Alta","0148","Jalisco","R","19°11´58.927"N","099°02´08.488"W","19.19970200","-99.03569100","2439","E14A49","0","0","0","0"
"090090151","","09","Ciudad de Mexico","CDMX","009","Milpa Alta","0151","Miquixpa","R","19°11´14.728"N","099°06´02.834"W","19.18742400","-99.10078700","2820","E14A49","50","23","27","9"
"090090152","","09","Ciudad de Mexico","CDMX","009","Milpa Alta","0152","San Lorenzo Tlacoyucan","U","19°10´34.761"N","099°01´53.120"W","19.17632200","-99.03142200","2616","E14A49","4288","2102","2186","1112"
"090090154","","09","Ciudad de Mexico","CDMX","009","Milpa Alta","0154","Rinconada del Teoca","R","19°12´32.225"N","099°05´21.701"W","19.20895100","-99.08936100","2602","E14A49","134","67","67","32"
"090090155","","09","Ciudad de Mexico","CDMX","009","Milpa Alta","0155","Tepexomulco","R","19°12´16.390"N","099°03´22.178"W","19.20455300","-99.05616100","2516","E14A49","123","65","58","25"
"090090156","","09","Ciudad de Mexico","CDMX","009","Milpa Alta","0156","Temoclaluca","R","19°11´44.774"N","099°04´47.964"W","19.19577000","-99.07998900","2645","E14A49","32","21","11","9"
"090090158","","09","Ciudad de Mexico","CDMX","009","Milpa Alta","0158","Malacaxco","R","19°11´52.554"N","099°03´54.024"W","19.19793100","-99.06500700","2535","E14A49","314","169","145","75"
"090090159","","09","Ciudad de Mexico","CDMX","009","Milpa Alta","0159","Cuatlixco","R","19°11´41.447"N","099°03´49.552"W","19.19484600","-99.06376400","2543","E14A49","13","5","8","3"
"090090161","","09","Ciudad de Mexico","CDMX","009","Milpa Alta","0161","Coametzu","R","19°11´18.563"N","099°03´29.103"W","19.18848900","-99.05808400","2619","E14A49","302","154","148","72"
"090090163","","09","Ciudad de Mexico","CDMX","009","Milpa Alta","0163","Cuauhtunco","R","19°13´01.534"N","099°02´42.440"W","19.21709200","-99.04512200","2494","E14A49","260","136","124","67"
"090090166","","09","Ciudad de Mexico","CDMX","009","Milpa Alta","0166","La Era","R","19°12´58.264"N","099°02´12.535"W","19.21618400","-99.03681500","2540","E14A49","7","4","3","3"
"090090167","","09","Ciudad de Mexico","CDMX","009","Milpa Alta","0167","Tepetenco","R","19°12´15.931"N","099°02´14.650"W","19.20442500","-99.03740200","2476","E14A49","303","143","160","71"
"090090168","","09","Ciudad de Mexico","CDMX","009","Milpa Alta","0168","San Isidro Cuatepec","R","19°13´08.535"N","099°00´27.765"W","19.21903700","-99.00771300","2378","E14A49","1063","506","557","277"
"090090169","","09","Ciudad de Mexico","CDMX","009","Milpa Alta","0169","Xaluis","R","19°11´05.922"N","099°03´19.035"W","19.18497800","-99.05528800","2621","E14A49","191","102","89","47"
"090090171","","09","Ciudad de Mexico","CDMX","009","Milpa Alta","0171","Tepetipac","R","19°12´25.371"N","098°59´39.855"W","19.20704800","-98.99440400","2280","E14B41","277","125","152","61"
"090090172","","09","Ciudad de Mexico","CDMX","009","Milpa Alta","0172","Tlatlalahuaya","R","19°11´00.826"N","099°03´15.430"W","19.18356200","-99.05428600","2640","E14A49","48","22","26","13"
"090090173","","09","Ciudad de Mexico","CDMX","009","Milpa Alta","0173","Texunco (Camino Real a Tlaltenami)","R","19°10´47.627"N","099°03´42.175"W","19.17989600","-99.06171500","2718","E14A49","65","28","37","18"
"090090174","","09","Ciudad de Mexico","CDMX","009","Milpa Alta","0174","Mecalco (Camino al Mirador)","R","19°10´51.069"N","099°01´12.748"W","19.18085200","-99.02020700","2522","E14A49","232","114","118","56"
"090090176","","09","Ciudad de Mexico","CDMX","009","Milpa Alta","0176","Zacatonco","R","19°10´51.497"N","099°00´59.896"W","19.18097100","-99.01663800","2540","E14A49","359","182","177","92"
"090090178","","09","Ciudad de Mexico","CDMX","009","Milpa Alta","0178","Xali","R","19°10´12.803"N","099°01´53.464"W","19.17022200","-99.03151700","2726","E14A49","84","44","40","18"
"090090179","","09","Ciudad de Mexico","CDMX","009","Milpa Alta","0179","Texaxahuacalli","R","19°09´36.711"N","099°02´28.251"W","19.16019800","-99.04118100","2869","E14A49","0","0","0","0"
"090090185","","09","Ciudad de Mexico","CDMX","009","Milpa Alta","0185","Zacazontlipac","R","19°11´45.074"N","099°06´18.599"W","19.19585400","-99.10516600","2681","E14A49","363","182","181","110"
"090090187","","09","Ciudad de Mexico","CDMX","009","Milpa Alta","0187","Santa Catarina (Piedra Blanca)","R","19°12´40.444"N","099°04´43.115"W","19.21123400","-99.07864200","2620","E14A49","177","90","87","53"
"090090188","","09","Ciudad de Mexico","CDMX","009","Milpa Alta","0188","Cuauhtetec","R","19°11´39.365"N","099°04´52.759"W","19.19426800","-99.08132100","2693","E14A49","270","136","134","72"
"090090189","","09","Ciudad de Mexico","CDMX","009","Milpa Alta","0189","Huitlalpa","R","19°11´33.285"N","099°04´47.256"W","19.19257900","-99.07979300","2689","E14A49","59","24","35","16"
"090090191","","09","Ciudad de Mexico","CDMX","009","Milpa Alta","0191","Texcolipan","R","19°13´03.118"N","099°03´33.372"W","19.21753200","-99.05927000","2561","E14A49","15","7","8","4"
"090090192","","09","Ciudad de Mexico","CDMX","009","Milpa Alta","0192","Tetzmititla","R","19°12´28.340"N","099°03´23.124"W","19.20787200","-99.05642300","2573","E14A49","33","16","17","10"
"090090195","","09","Ciudad de Mexico","CDMX","009","Milpa Alta","0195","Tlaxiomulco","R","19°11´28.763"N","099°02´17.899"W","19.19132300","-99.03830500","2523","E14A49","143","67","76","28"
"090090198","","09","Ciudad de Mexico","CDMX","009","Milpa Alta","0198","Tecoloxtitla","R","19°10´54.801"N","099°00´44.205"W","19.18188900","-99.01227900","2517","E14A49","158","84","74","46"
"090090199","","09","Ciudad de Mexico","CDMX","009","Milpa Alta","0199","Tapalaco (Amacapultitla)","R","19°10´13.155"N","099°00´10.948"W","19.17032000","-99.00304100","2709","E14A49","81","43","38","23"
"090090200","","09","Ciudad de Mexico","CDMX","009","Milpa Alta","0200","Teacalco","R","19°11´57.183"N","099°03´39.811"W","19.19921700","-99.06105900","2489","E14A49","25","11","14","5"
"090090201","","09","Ciudad de Mexico","CDMX","009","Milpa Alta","0201","Iztlalco","R","19°12´57.090"N","099°03´39.498"W","19.21585800","-99.06097200","2565","E14A49","0","0","0","0"
"090090202","","09","Ciudad de Mexico","CDMX","009","Milpa Alta","0202","Cuauhzontlipan","R","19°12´49.379"N","099°03´44.628"W","19.21371600","-99.06239700","2583","E14A49","103","56","47","26"
"090090203","","09","Ciudad de Mexico","CDMX","009","Milpa Alta","0203","Huepaltepec","R","19°12´44.941"N","099°04´25.860"W","19.21248400","-99.07384900","2602","E14A49","74","36","38","22"
"090090204","","09","Ciudad de Mexico","CDMX","009","Milpa Alta","0204","Mecatlan (Rancho el Refugio)","R","19°12´36.370"N","099°05´01.251"W","19.21010300","-99.08368100","2630","E14A49","61","32","29","16"
"090090205","","09","Ciudad de Mexico","CDMX","009","Milpa Alta","0205","Tecupilco (Kilometro 17.5)","R","19°13´05.842"N","099°03´02.577"W","19.21828900","-99.05071600","2438","E14A49","124","45","79","33"
"090090206","","09","Ciudad de Mexico","CDMX","009","Milpa Alta","0206","Xaxalpa","R","19°12´59.893"N","099°02´57.874"W","19.21663700","-99.04940900","2443","E14A49","141","70","71","40"
"090090207","","09","Ciudad de Mexico","CDMX","009","Milpa Alta","0207","Xaltepetitla","R","19°12´56.301"N","099°02´36.999"W","19.21563900","-99.04361100","2478","E14A49","61","33","28","18"
"090090208","","09","Ciudad de Mexico","CDMX","009","Milpa Alta","0208","Tetecolok","R","19°12´45.601"N","099°03´14.848"W","19.21266700","-99.05412400","2563","E14A49","88","41","47","25"
"090090210","","09","Ciudad de Mexico","CDMX","009","Milpa Alta","0210","Santa Rosa","R","19°13´32.983"N","099°00´11.590"W","19.22582800","-99.00321900","2338","E14A49","187","93","94","44"
"090090211","","09","Ciudad de Mexico","CDMX","009","Milpa Alta","0211","Olla de Piedra","R","19°13´27.428"N","099°00´11.300"W","19.22428500","-99.00313900","2325","E14A49","126","64","62","29"
"090090213","","09","Ciudad de Mexico","CDMX","009","Milpa Alta","0213","El Zapote (Techultepec)","R","19°12´40.647"N","099°00´19.020"W","19.21129100","-99.00528300","2321","E14A49","66","34","32","14"
"090090214","","09","Ciudad de Mexico","CDMX","009","Milpa Alta","0214","Maxulco (Barrio Cruztitla)","R","19°12´33.719"N","099°00´12.369"W","19.20936600","-99.00343600","2313","E14A49","222","108","114","62"
"090090215","","09","Ciudad de Mexico","CDMX","009","Milpa Alta","0215","Tecoxpa (El Pirul)","R","19°12´25.264"N","099°00´38.011"W","19.20701800","-99.01055900","2358","E14A49","11","5","6","4"
"090090216","","09","Ciudad de Mexico","CDMX","009","Milpa Alta","0216","Santa Martha Cosalan","R","19°12´12.746"N","099°01´24.337"W","19.20354100","-99.02342600","2387","E14A49","98","46","52","24"
"090090217","","09","Ciudad de Mexico","CDMX","009","Milpa Alta","0217","Zacuaztitla","R","19°12´10.493"N","098°58´58.442"W","19.20291500","-98.98290000","2302","E14B41","413","215","198","97"
"090090218","","09","Ciudad de Mexico","CDMX","009","Milpa Alta","0218","Rancho Paraiso Escondido","R","19°12´17.559"N","098°59´13.753"W","19.20487800","-98.98715300","2293","E14B41","6","*","*","2"
"090090219","","09","Ciudad de Mexico","CDMX","009","Milpa Alta","0219","Omaxa","R","19°11´04.745"N","099°05´39.405"W","19.18465100","-99.09427900","2855","E14A49","191","92","99","46"
"090090222","","09","Ciudad de Mexico","CDMX","009","Milpa Alta","0222","Ahuatitla (Ixmatunco)","R","19°11´05.928"N","099°04´55.346"W","19.18498000","-99.08204000","2801","E14A49","47","19","28","13"
"090090223","","09","Ciudad de Mexico","CDMX","009","Milpa Alta","0223","Texacazintla (Xacalixpa)","R","19°10´40.491"N","099°04´43.612"W","19.17791400","-99.07878000","2866","E14A49","111","55","56","29"
"090090224","","09","Ciudad de Mexico","CDMX","009","Milpa Alta","0224","Chichilesca","R","19°10´37.568"N","099°04´03.627"W","19.17710200","-99.06767400","2795","E14A49","207","101","106","49"
"090090226","","09","Ciudad de Mexico","CDMX","009","Milpa Alta","0226","Calle Capulines","R","19°11´51.999"N","099°03´33.196"W","19.19777700","-99.05922100","2504","E14A49","13","8","5","5"
"090090227","","09","Ciudad de Mexico","CDMX","009","Milpa Alta","0227","Temalacatl","R","19°11´41.072"N","099°03´27.259"W","19.19474200","-99.05757200","2535","E14A49","46","23","23","11"
"090090228","","09","Ciudad de Mexico","CDMX","009","Milpa Alta","0228","Temoayan","R","19°11´47.616"N","099°03´24.510"W","19.19656000","-99.05680800","2512","E14A49","12","8","4","3"
"090090229","","09","Ciudad de Mexico","CDMX","009","Milpa Alta","0229","Prolongacion Xolotl","R","19°11´35.636"N","099°03´20.821"W","19.19323200","-99.05578400","2549","E14A49","20","13","7","4"
"090090230","","09","Ciudad de Mexico","CDMX","009","Milpa Alta","0230","Anayeli","R","19°11´37.165"N","099°03´16.450"W","19.19365700","-99.05456900","2536","E14A49","1","*","*","1"
"090090233","","09","Ciudad de Mexico","CDMX","009","Milpa Alta","0233","Las Cruces Parte Alta (Tehuepanco)","R","19°10´28.259"N","099°02´23.051"W","19.17451600","-99.03973600","2701","E14A49","166","84","82","42"
"090090234","","09","Ciudad de Mexico","CDMX","009","Milpa Alta","0234","Cuacualipa","R","19°10´14.264"N","099°02´03.333"W","19.17062800","-99.03425900","2718","E14A49","36","19","17","12"
"090090235","","09","Ciudad de Mexico","CDMX","009","Milpa Alta","0235","Tehuistitla","R","19°10´12.776"N","099°02´17.121"W","19.17021500","-99.03808900","2727","E14A49","88","43","45","24"
"090090236","","09","Ciudad de Mexico","CDMX","009","Milpa Alta","0236","Cuaxaltepec","R","19°10´03.357"N","099°02´12.874"W","19.16759900","-99.03690900","2768","E14A49","10","5","5","3"
"090090237","","09","Ciudad de Mexico","CDMX","009","Milpa Alta","0237","Tenopantitla","R","19°09´53.037"N","099°01´41.826"W","19.16473300","-99.02828400","2826","E14A49","5","*","*","2"
"090090238","","09","Ciudad de Mexico","CDMX","009","Milpa Alta","0238","Ocoteloloco (Tlaxcantitla)","R","19°10´21.043"N","099°01´08.757"W","19.17251100","-99.01909900","2701","E14A49","0","0","0","0"
"090090239","","09","Ciudad de Mexico","CDMX","009","Milpa Alta","0239","Tecpallo","R","19°11´49.842"N","098°59´26.231"W","19.19717800","-98.99061900","2380","E14B41","70","33","37","21"
"090090241","","09","Ciudad de Mexico","CDMX","009","Milpa Alta","0241","Loma Bonita","R","19°10´28.111"N","098°59´16.806"W","19.17447500","-98.98800100","2603","E14B41","64","29","35","18"
"090090242","","09","Ciudad de Mexico","CDMX","009","Milpa Alta","0242","Cuacuahotlipa","R","19°10´05.892"N","098°59´13.770"W","19.16830300","-98.98715800","2658","E14B41","300","152","148","78"
"090090243","","09","Ciudad de Mexico","CDMX","009","Milpa Alta","0243","Nacatulatlaxco","R","19°10´02.183"N","098°59´29.911"W","19.16727200","-98.99164200","2663","E14B41","20","10","10","6"
"090090244","","09","Ciudad de Mexico","CDMX","009","Milpa Alta","0244","Tlacoxpa (Teshutla)","R","19°09´55.431"N","098°59´22.280"W","19.16539800","-98.98952200","2665","E14B41","31","18","13","7"
"090090245","","09","Ciudad de Mexico","CDMX","009","Milpa Alta","0245","Citlalcuac (Rancho el Paraiso Perdido)","R","19°12´01.052"N","099°05´44.390"W","19.20029200","-99.09566400","2656","E14A49","114","61","53","25"
"090090246","","09","Ciudad de Mexico","CDMX","009","Milpa Alta","0246","Atoctenco (Prolongacion Niños Heroes)","R","19°12´00.129"N","099°05´12.133"W","19.20003600","-99.08670300","2633","E14A49","140","79","61","41"
"090090248","","09","Ciudad de Mexico","CDMX","009","Milpa Alta","0248","Paraje Huicalco","R","19°12´36.541"N","099°03´36.510"W","19.21015000","-99.06014200","2579","E14A49","111","56","55","31"
"090090249","","09","Ciudad de Mexico","CDMX","009","Milpa Alta","0249","Los Aguilar","R","19°12´22.849"N","099°04´35.280"W","19.20634700","-99.07646600","2648","E14A49","11","4","7","6"
"090090250","","09","Ciudad de Mexico","CDMX","009","Milpa Alta","0250","Tetexaloca","R","19°11´19.183"N","099°03´41.412"W","19.18866200","-99.06150300","2626","E14A49","25","11","14","7"
"090090251","","09","Ciudad de Mexico","CDMX","009","Milpa Alta","0251","Prolongacion Justo Sierra","R","19°12´04.772"N","099°03´30.913"W","19.20132600","-99.05858700","2467","E14A49","48","18","30","13"
"090090252","","09","Ciudad de Mexico","CDMX","009","Milpa Alta","0252","Acatlahuco","R","19°10´51.714"N","099°03´43.824"W","19.18103100","-99.06217300","2706","E14A49","95","48","47","26"
"090090253","","09","Ciudad de Mexico","CDMX","009","Milpa Alta","0253","Xalmoyo","R","19°11´10.575"N","099°05´54.183"W","19.18627100","-99.09838400","2833","E14A49","95","46","49","24"
"090090254","","09","Ciudad de Mexico","CDMX","009","Milpa Alta","0254","Oluca","R","19°11´39.193"N","099°06´11.001"W","19.19422000","-99.10305600","2715","E14A49","367","192","175","96"
"090090256","","09","Ciudad de Mexico","CDMX","009","Milpa Alta","0256","Tlalcoxtepec","R","19°12´00.891"N","099°04´56.952"W","19.20024800","-99.08248600","2594","E14A49","221","122","99","63"
"090090257","","09","Ciudad de Mexico","CDMX","009","Milpa Alta","0257","Camino Viejo a Santa Cruz","R","19°12´43.118"N","099°04´02.221"W","19.21197700","-99.06728300","2574","E14A49","78","35","43","19"
"090090258","","09","Ciudad de Mexico","CDMX","009","Milpa Alta","0258","Concla (Camino a Tlaltenamic)","R","19°11´11.450"N","099°02´36.473"W","19.18651400","-99.04346400","2641","E14A49","10","*","*","2"
"090090259","","09","Ciudad de Mexico","CDMX","009","Milpa Alta","0259","Tlaltenami","R","19°10´03.315"N","099°03´30.099"W","19.16758700","-99.05836100","2883","E14A49","0","0","0","0"
"090090264","","09","Ciudad de Mexico","CDMX","009","Milpa Alta","0264","Panuca (Cuatexoxoco)","R","19°09´57.017"N","098°59´43.138"W","19.16583800","-98.99531600","2728","E14B41","49","25","24","15"
"090090265","","09","Ciudad de Mexico","CDMX","009","Milpa Alta","0265","Tlaltepec (Tlacoxtepec)","R","19°11´08.322"N","099°00´21.708"W","19.18564500","-99.00603000","2472","E14A49","107","47","60","34"
"090090266","","09","Ciudad de Mexico","CDMX","009","Milpa Alta","0266","Chimeo (Las Palmas)","R","19°13´19.475"N","099°00´36.932"W","19.22207600","-99.01025900","2424","E14A49","146","76","70","33"
"090090267","Baja","09","Ciudad de Mexico","CDMX","009","Milpa Alta","0267","El Tulmiac [Campamento Forestal]","R","19°08´09.864"N","099°06´55.117"W","19.13607300","-99.11531000","3331","E14A49","0","0","0","0"
"090090268","","09","Ciudad de Mexico","CDMX","009","Milpa Alta","0268","Moxala","R","19°12´26.308"N","099°00´52.176"W","19.20730800","-99.01449300","2381","E14A49","161","87","74","35"
"090090269","Baja","09","Ciudad de Mexico","CDMX","009","Milpa Alta","0269","El Cerrito","R","19°12´40.733"N","098°59´18.682"W","19.21131500","-98.98852200","2257","E14B41","236","123","113","54"
"090090270","Baja","09","Ciudad de Mexico","CDMX","009","Milpa Alta","0270","Cerro Cuautzin [Campamento Forestal]","R","19°09´28.753"N","099°06´24.731"W","19.15798700","-99.10687000","3500","E14A49","0","0","0","0"
"090090271","","09","Ciudad de Mexico","CDMX","009","Milpa Alta","0271","San Miguel (Tecoxomayehualtitla)","R","19°10´01.684"N","099°00´20.233"W","19.16713400","-99.00562000","2782","E14A49","34","17","17","11"
"090090273","","09","Ciudad de Mexico","CDMX","009","Milpa Alta","0273","Texomulco","R","19°13´09.531"N","099°02´40.601"W","19.21931400","-99.04461100","2500","E14A49","0","0","0","0"
"090090274","","09","Ciudad de Mexico","CDMX","009","Milpa Alta","0274","Tlalmanco (Prolongacion Benito Juarez)","R","19°09´52.078"N","098°59´55.219"W","19.16446600","-98.99867200","2781","E14B41","12","8","4","3"
"090090275","","09","Ciudad de Mexico","CDMX","009","Milpa Alta","0275","Tlalcocomoya","R","19°10´19.858"N","099°02´37.194"W","19.17218200","-99.04366500","2757","E14A49","38","18","20","10"
"090090276","","09","Ciudad de Mexico","CDMX","009","Milpa Alta","0276","Paraje Tatazquiopa","R","19°10´17.721"N","099°02´41.276"W","19.17158900","-99.04479900","2770","E14A49","27","13","14","8"
"090090277","","09","Ciudad de Mexico","CDMX","009","Milpa Alta","0277","Atoctenco","R","19°12´56.363"N","099°02´52.522"W","19.21565600","-99.04792200","2457","E14A49","546","266","280","123"
"090090278","","09","Ciudad de Mexico","CDMX","009","Milpa Alta","0278","Tecamac","R","19°11´34.827"N","099°02´01.859"W","19.19300700","-99.03384900","2478","E14A49","63","28","35","12"
"090090280","","09","Ciudad de Mexico","CDMX","009","Milpa Alta","0280","Teutlalpa","R","19°12´37.264"N","099°03´26.360"W","19.21035100","-99.05732200","2571","E14A49","11","4","7","3"
"090090281","","09","Ciudad de Mexico","CDMX","009","Milpa Alta","0281","Zihuantemohuayan","R","19°12´50.178"N","099°03´26.855"W","19.21393800","-99.05746000","2578","E14A49","27","11","16","8"
"090090282","","09","Ciudad de Mexico","CDMX","009","Milpa Alta","0282","Las Abejas","R","19°12´32.918"N","099°04´33.415"W","19.20914400","-99.07594800","2626","E14A49","20","9","11","5"
"090090283","","09","Ciudad de Mexico","CDMX","009","Milpa Alta","0283","Tlatzala","R","19°12´37.394"N","099°03´16.305"W","19.21038700","-99.05452900","2519","E14A49","50","23","27","11"
"090090284","","09","Ciudad de Mexico","CDMX","009","Milpa Alta","0284","Tetzompa","R","19°12´21.620"N","099°00´48.798"W","19.20600600","-99.01355500","2368","E14A49","66","32","34","14"
"090090285","","09","Ciudad de Mexico","CDMX","009","Milpa Alta","0285","Tuzanco (La Joya)","R","19°12´04.401"N","099°05´17.871"W","19.20122300","-99.08829700","2619","E14A49","351","172","179","91"
"090090286","","09","Ciudad de Mexico","CDMX","009","Milpa Alta","0286","San Jose Lopez Trejo","R","19°10´13.489"N","099°03´48.328"W","19.17041300","-99.06342400","2878","E14A49","1","*","*","1"
"090090287","Baja","09","Ciudad de Mexico","CDMX","009","Milpa Alta","0287","Comunal Actopan","R","19°09´53.679"N","099°03´25.539"W","19.16491100","-99.05709400","2891","E14A49","0","0","0","0"
"090090288","","09","Ciudad de Mexico","CDMX","009","Milpa Alta","0288","Tlacopanco","R","19°11´35.270"N","099°04´15.335"W","19.19313000","-99.07092600","2618","E14A49","59","33","26","15"
"090090289","","09","Ciudad de Mexico","CDMX","009","Milpa Alta","0289","Pixucaltitla","R","19°11´33.272"N","099°04´19.917"W","19.19257500","-99.07219900","2628","E14A49","72","37","35","13"
"090090290","","09","Ciudad de Mexico","CDMX","009","Milpa Alta","0290","Totomacuentla","R","19°11´10.145"N","099°02´11.429"W","19.18615100","-99.03650800","2562","E14A49","5","*","*","1"
"090090291","","09","Ciudad de Mexico","CDMX","009","Milpa Alta","0291","Kilometro 24","R","19°10´39.781"N","099°01´12.253"W","19.17771600","-99.02007000","2602","E14A49","21","5","16","4"
"090090292","","09","Ciudad de Mexico","CDMX","009","Milpa Alta","0292","Joyas Parte Alta","R","19°12´27.435"N","098°59´30.048"W","19.20762100","-98.99168000","2271","E14B41","591","301","290","156"
"090090294","","09","Ciudad de Mexico","CDMX","009","Milpa Alta","0294","Acuexcomatl","R","19°10´16.402"N","099°04´05.057"W","19.17122200","-99.06807100","2852","E14A49","7","*","*","2"
"090090297","","09","Ciudad de Mexico","CDMX","009","Milpa Alta","0297","San Antonio Cuilotepec","R","19°11´03.875"N","099°05´29.492"W","19.18440900","-99.09152500","2871","E14A49","390","191","199","91"
"090090299","","09","Ciudad de Mexico","CDMX","009","Milpa Alta","0299","Tenichcalco","R","19°09´15.350"N","098°59´21.662"W","19.15426400","-98.98935000","2779","E14B41","0","0","0","0"
"090090300","","09","Ciudad de Mexico","CDMX","009","Milpa Alta","0300","San Nicolas Tetelco","U","19°12´30.438"N","098°58´14.019"W","19.20845500","-98.97056000","2259","E14B41","4078","2021","2057","1008"
"090090301","","09","Ciudad de Mexico","CDMX","009","Milpa Alta","0301","El Tejocote","R","19°12´13.412"N","098°58´12.915"W","19.20372600","-98.97025400","2285","E14B41","86","44","42","26"
"090090302","","09","Ciudad de Mexico","CDMX","009","Milpa Alta","0302","Ejidos Tecoxpa","R","19°12´24.516"N","098°58´35.126"W","19.20681000","-98.97642300","2258","E14B41","4","*","*","1"
"090090303","","09","Ciudad de Mexico","CDMX","009","Milpa Alta","0303","Arboledas","R","19°12´34.611"N","098°58´51.008"W","19.20961400","-98.98083500","2257","E14B41","183","98","85","45"
"090090304","","09","Ciudad de Mexico","CDMX","009","Milpa Alta","0304","Emiliano Zapata (Camino al Cerro)","R","19°12´20.033"N","098°58´19.923"W","19.20556500","-98.97220000","2266","E14B41","45","21","24","10"
"090090305","","09","Ciudad de Mexico","CDMX","009","Milpa Alta","0305","Corraltitla","R","19°12´09.250"N","099°01´13.094"W","19.20256900","-99.02030300","2381","E14A49","166","91","75","39"
"090090306","","09","Ciudad de Mexico","CDMX","009","Milpa Alta","0306","Tepanoco","R","19°12´15.944"N","099°01´06.647"W","19.20442900","-99.01851200","2388","E14A49","33","15","18","7"
"090090309","","09","Ciudad de Mexico","CDMX","009","Milpa Alta","0309","Zacatipla","R","19°12´24.472"N","099°01´42.318"W","19.20679800","-99.02842100","2418","E14A49","2","*","*","1"
"090090310","","09","Ciudad de Mexico","CDMX","009","Milpa Alta","0310","Santa Martha Xolco","R","19°12´18.125"N","099°01´50.676"W","19.20503500","-99.03074300","2412","E14A49","58","33","25","13"
"090090312","","09","Ciudad de Mexico","CDMX","009","Milpa Alta","0312","Tepetitla (Villa Hermosa)","R","19°11´52.180"N","099°02´08.861"W","19.19782700","-99.03579400","2438","E14A49","27","15","12","7"
"090090313","","09","Ciudad de Mexico","CDMX","009","Milpa Alta","0313","Totoxhpa (Cerrada Culiacan)","R","19°11´33.781"N","099°01´56.541"W","19.19271700","-99.03237200","2460","E14A49","17","11","6","4"
"090090314","","09","Ciudad de Mexico","CDMX","009","Milpa Alta","0314","Belizario Dominguez","R","19°12´12.200"N","099°00´30.409"W","19.20338900","-99.00844700","2315","E14A49","182","92","90","48"
"090090315","","09","Ciudad de Mexico","CDMX","009","Milpa Alta","0315","Nushtla (Loma Bonita)","R","19°12´23.818"N","099°02´40.435"W","19.20661600","-99.04456500","2469","E14A49","512","255","257","114"
"090090316","","09","Ciudad de Mexico","CDMX","009","Milpa Alta","0316","Tehuizco","R","19°12´41.957"N","099°02´36.242"W","19.21165500","-99.04340000","2485","E14A49","301","142","159","70"
"090090317","","09","Ciudad de Mexico","CDMX","009","Milpa Alta","0317","Axayatipac","R","19°12´37.212"N","099°02´47.484"W","19.21033700","-99.04652300","2446","E14A49","230","107","123","57"
"090090318","","09","Ciudad de Mexico","CDMX","009","Milpa Alta","0318","Ayotepec","R","19°12´22.695"N","099°02´24.419"W","19.20630400","-99.04011600","2477","E14A49","105","57","48","28"
"090090319","","09","Ciudad de Mexico","CDMX","009","Milpa Alta","0319","Ochpantenco","R","19°10´17.905"N","099°02´07.661"W","19.17164000","-99.03546100","2700","E14A49","66","26","40","18"
"090090321","","09","Ciudad de Mexico","CDMX","009","Milpa Alta","0321","La Virgen","R","19°12´40.068"N","099°03´03.081"W","19.21113000","-99.05085600","2491","E14A49","13","8","5","4"
"090090322","","09","Ciudad de Mexico","CDMX","009","Milpa Alta","0322","Matlahuacaloca","R","19°12´26.594"N","099°03´00.741"W","19.20738700","-99.05020600","2485","E14A49","251","114","137","65"
"090090323","","09","Ciudad de Mexico","CDMX","009","Milpa Alta","0323","Tula (Huixtotlazintla)","R","19°12´16.043"N","099°03´10.019"W","19.20445600","-99.05278300","2439","E14A49","129","65","64","28"
"090090326","","09","Ciudad de Mexico","CDMX","009","Milpa Alta","0326","Tlatlapantunco","R","19°11´47.453"N","099°02´46.199"W","19.19651400","-99.04616600","2525","E14A49","17","7","10","3"
"090090328","","09","Ciudad de Mexico","CDMX","009","Milpa Alta","0328","San Agustin","R","19°10´59.093"N","099°01´05.866"W","19.18308100","-99.01829500","2496","E14A49","72","34","38","20"
"090090332","","09","Ciudad de Mexico","CDMX","009","Milpa Alta","0332","Los Angeles","R","19°10´53.068"N","099°01´33.189"W","19.18140700","-99.02588500","2524","E14A49","29","12","17","7"
"090090333","","09","Ciudad de Mexico","CDMX","009","Milpa Alta","0333","Tezontlipac (San Lorenzo Tlacoyucan)","R","19°10´50.475"N","099°01´42.030"W","19.18068700","-99.02834100","2550","E14A49","31","17","14","6"
"090090337","","09","Ciudad de Mexico","CDMX","009","Milpa Alta","0337","Tlalzonco","R","19°10´19.367"N","099°01´39.434"W","19.17204600","-99.02762000","2692","E14A49","41","23","18","10"
"090090338","","09","Ciudad de Mexico","CDMX","009","Milpa Alta","0338","Temazcaltitla","R","19°10´21.253"N","099°01´42.016"W","19.17257000","-99.02833700","2682","E14A49","71","38","33","15"
"090090340","","09","Ciudad de Mexico","CDMX","009","Milpa Alta","0340","Chautonco","R","19°10´32.513"N","099°01´37.566"W","19.17569700","-99.02710100","2623","E14A49","133","65","68","36"
"090090341","","09","Ciudad de Mexico","CDMX","009","Milpa Alta","0341","Texotitla","R","19°11´22.836"N","099°05´57.406"W","19.18967600","-99.09927900","2788","E14A49","20","9","11","7"
"090090342","","09","Ciudad de Mexico","CDMX","009","Milpa Alta","0342","Coatepec","R","19°11´10.120"N","099°05´45.434"W","19.18614400","-99.09595400","2826","E14A49","121","55","66","28"
"090090344","","09","Ciudad de Mexico","CDMX","009","Milpa Alta","0344","Ocotitla (Barrio de Santa Cruz)","R","19°12´27.208"N","099°01´10.677"W","19.20755800","-99.01963200","2407","E14A49","74","39","35","18"
"090090345","Baja","09","Ciudad de Mexico","CDMX","009","Milpa Alta","0345","Teuhtli","R","19°13´24.214"N","099°00´23.423"W","19.22339200","-99.00650600","2365","E14A49","46","22","24","10"
"090090347","","09","Ciudad de Mexico","CDMX","009","Milpa Alta","0347","Xochiatlaco","R","19°11´06.303"N","099°00´07.117"W","19.18508400","-99.00197700","2470","E14A49","21","9","12","5"
"090090348","","09","Ciudad de Mexico","CDMX","009","Milpa Alta","0348","Huacaltunco","R","19°10´58.401"N","099°00´11.552"W","19.18288900","-99.00320900","2508","E14A49","65","29","36","19"
"090090351","","09","Ciudad de Mexico","CDMX","009","Milpa Alta","0351","Tlahuiztpa","R","19°10´16.106"N","099°00´19.219"W","19.17114000","-99.00533900","2713","E14A49","129","66","63","34"
"090090352","","09","Ciudad de Mexico","CDMX","009","Milpa Alta","0352","Zacacali","R","19°10´58.272"N","099°03´27.340"W","19.18285300","-99.05759400","2667","E14A49","76","42","34","20"
"090090353","","09","Ciudad de Mexico","CDMX","009","Milpa Alta","0353","Tepenahuac [Centro de Educacion Ambiental]","R","19°10´22.417"N","098°58´37.765"W","19.17289300","-98.97715600","2600","E14B41","0","0","0","0"
"090090354","","09","Ciudad de Mexico","CDMX","009","Milpa Alta","0354","Camino Viejo a Tlaltenamic","R","19°11´06.734"N","099°02´37.176"W","19.18520400","-99.04366000","2649","E14A49","87","48","39","21"
"090090355","","09","Ciudad de Mexico","CDMX","009","Milpa Alta","0355","Joyas del Pedregal","R","19°10´35.668"N","098°59´13.668"W","19.17657400","-98.98713000","2579","E14B41","51","24","27","16"
"090090356","Baja","09","Ciudad de Mexico","CDMX","009","Milpa Alta","0356","Los Romero","R","19°09´30.208"N","098°59´36.651"W","19.15839100","-98.99351400","2823","E14B41","20","9","11","7"
"090090357","","09","Ciudad de Mexico","CDMX","009","Milpa Alta","0357","Rancho Viejo","R","19°10´21.047"N","098°59´05.657"W","19.17251200","-98.98490400","2632","E14B41","10","*","*","2"
"090090358","Baja","09","Ciudad de Mexico","CDMX","009","Milpa Alta","0358","Don Diegoco","R","19°12´46.143"N","098°59´22.241"W","19.21281800","-98.98951100","2257","E14B41","29","15","14","9"
"090090359","","09","Ciudad de Mexico","CDMX","009","Milpa Alta","0359","Apilintitla","R","19°12´43.207"N","099°03´46.030"W","19.21200200","-99.06278600","2579","E14A49","51","26","25","10"
"090090360","","09","Ciudad de Mexico","CDMX","009","Milpa Alta","0360","Atlahuitonca","R","19°11´47.159"N","098°59´38.259"W","19.19643300","-98.99396100","2346","E14B41","98","45","53","33"
"090090361","","09","Ciudad de Mexico","CDMX","009","Milpa Alta","0361","Xilozuchitl","R","19°11´41.374"N","099°04´22.365"W","19.19482600","-99.07287900","2602","E14A49","70","29","41","15"
"090090362","","09","Ciudad de Mexico","CDMX","009","Milpa Alta","0362","Tenco","R","19°11´26.483"N","099°04´08.330"W","19.19068900","-99.06898000","2627","E14A49","13","5","8","4"
"090090363","","09","Ciudad de Mexico","CDMX","009","Milpa Alta","0363","Xonacatepec","R","19°12´02.256"N","098°59´37.110"W","19.20062700","-98.99364100","2319","E14B41","30","12","18","7"
"090090364","","09","Ciudad de Mexico","CDMX","009","Milpa Alta","0364","Xicalhuacan","R","19°12´05.913"N","098°59´48.336"W","19.20164300","-98.99676000","2302","E14B41","43","23","20","16"
"090090365","","09","Ciudad de Mexico","CDMX","009","Milpa Alta","0365","Ixotitla","R","19°10´59.293"N","099°04´55.434"W","19.18313600","-99.08206400","2830","E14A49","37","20","17","11"
"090090366","","09","Ciudad de Mexico","CDMX","009","Milpa Alta","0366","Xaltenco","R","19°12´03.917"N","099°02´13.374"W","19.20108800","-99.03704800","2452","E14A49","14","7","7","5"
"090090367","","09","Ciudad de Mexico","CDMX","009","Milpa Alta","0367","Tlaquexpa","R","19°12´04.214"N","099°05´37.511"W","19.20117100","-99.09375300","2676","E14A49","32","13","19","9"
"090090368","","09","Ciudad de Mexico","CDMX","009","Milpa Alta","0368","Pipitongo","R","19°11´13.924"N","099°00´08.573"W","19.18720100","-99.00238100","2441","E14A49","6","*","*","2"
"090090369","","09","Ciudad de Mexico","CDMX","009","Milpa Alta","0369","Encinos","R","19°12´24.422"N","099°00´57.294"W","19.20678400","-99.01591500","2393","E14A49","10","4","6","3"
"090090370","","09","Ciudad de Mexico","CDMX","009","Milpa Alta","0370","Tehuehuec","R","19°12´30.754"N","099°01´24.703"W","19.20854300","-99.02352800","2421","E14A49","18","13","5","7"
"090090371","","09","Ciudad de Mexico","CDMX","009","Milpa Alta","0371","Tlalaxco","R","19°13´03.445"N","099°02´47.429"W","19.21762300","-99.04650800","2473","E14A49","105","54","51","31"
"090090372","","09","Ciudad de Mexico","CDMX","009","Milpa Alta","0372","Apetatitla","R","19°11´33.259"N","099°04´33.327"W","19.19257200","-99.07592400","2655","E14A49","89","43","46","18"
"090090373","","09","Ciudad de Mexico","CDMX","009","Milpa Alta","0373","Texali","R","19°11´36.935"N","099°04´36.331"W","19.19359300","-99.07675800","2644","E14A49","67","33","34","21"
"090090374","","09","Ciudad de Mexico","CDMX","009","Milpa Alta","0374","Xilutepec","R","19°11´31.524"N","098°59´28.161"W","19.19209000","-98.99115600","2397","E14B41","46","27","19","13"
"090090375","","09","Ciudad de Mexico","CDMX","009","Milpa Alta","0375","Chuchupic","R","19°09´56.916"N","099°04´14.136"W","19.16581000","-99.07059300","2910","E14A49","0","0","0","0"
"090090376","","09","Ciudad de Mexico","CDMX","009","Milpa Alta","0376","San Isidro Labrador","R","19°09´49.405"N","099°03´55.935"W","19.16372400","-99.06553800","2948","E14A49","0","0","0","0"
"090090377","","09","Ciudad de Mexico","CDMX","009","Milpa Alta","0377","Ecatepeclixpa","R","19°10´25.456"N","099°03´39.807"W","19.17373700","-99.06105800","2823","E14A49","0","0","0","0"
"090090378","","09","Ciudad de Mexico","CDMX","009","Milpa Alta","0378","Don Guillermo","R","19°10´31.122"N","099°03´31.450"W","19.17531100","-99.05873600","2763","E14A49","1","*","*","1"
"090090379","Baja","09","Ciudad de Mexico","CDMX","009","Milpa Alta","0379","Ixtonpaxtitla","R","19°10´51.336"N","099°03´13.718"W","19.18092600","-99.05381100","2663","E14A49","6","*","*","1"
"090090380","","09","Ciudad de Mexico","CDMX","009","Milpa Alta","0380","Texico","R","19°10´49.886"N","099°03´04.154"W","19.18052300","-99.05115400","2671","E14A49","21","11","10","6"
"090090381","","09","Ciudad de Mexico","CDMX","009","Milpa Alta","0381","El Santanero","R","19°12´08.171"N","098°58´05.128"W","19.20227000","-98.96809000","2289","E14B41","5","*","*","1"
"090090382","","09","Ciudad de Mexico","CDMX","009","Milpa Alta","0382","Hueyahuatitla","R","19°11´03.758"N","099°06´15.049"W","19.18437700","-99.10418000","2860","E14A49","2","*","*","1"
"090090383","","09","Ciudad de Mexico","CDMX","009","Milpa Alta","0383","Zopilocalco (Tatamazquipa)","R","19°10´08.222"N","099°02´30.243"W","19.16895000","-99.04173400","2759","E14A49","5","*","*","2"
"090090384","","09","Ciudad de Mexico","CDMX","009","Milpa Alta","0384","Acopilipan","R","19°10´31.036"N","099°02´45.431"W","19.17528700","-99.04595300","2724","E14A49","32","19","13","9"
"090090385","","09","Ciudad de Mexico","CDMX","009","Milpa Alta","0385","Hueyitlatile","R","19°10´16.212"N","099°00´31.544"W","19.17116900","-99.00876200","2735","E14A49","9","4","5","3"
"090090386","","09","Ciudad de Mexico","CDMX","009","Milpa Alta","0386","Coyote","R","19°09´35.555"N","099°01´44.165"W","19.15987600","-99.02893400","2909","E14A49","2","*","*","2"
"090090387","","09","Ciudad de Mexico","CDMX","009","Milpa Alta","0387","El Triangulo","R","19°11´05.474"N","098°59´54.621"W","19.18485400","-98.99850600","2487","E14B41","6","*","*","2"
"090090388","","09","Ciudad de Mexico","CDMX","009","Milpa Alta","0388","La Purisima","R","19°10´59.383"N","099°02´17.771"W","19.18316100","-99.03826900","2594","E14A49","77","32","45","17"
"090090389","","09","Ciudad de Mexico","CDMX","009","Milpa Alta","0389","Atempa","R","19°10´47.387"N","099°03´52.019"W","19.17982900","-99.06445000","2736","E14A49","33","22","11","8"
"090090390","","09","Ciudad de Mexico","CDMX","009","Milpa Alta","0390","Tlacuitlaya","R","19°12´06.976"N","099°03´33.773"W","19.20193800","-99.05938100","2510","E14A49","17","8","9","4"
"090090391","","09","Ciudad de Mexico","CDMX","009","Milpa Alta","0391","Cruz Tlaltempa","R","19°12´10.528"N","099°03´42.009"W","19.20292400","-99.06166900","2564","E14A49","31","13","18","7"
"090090392","","09","Ciudad de Mexico","CDMX","009","Milpa Alta","0392","Ahuatitla (El Tecorral)","R","19°11´27.783"N","099°03´39.022"W","19.19105100","-99.06083900","2587","E14A49","83","43","40","20"
"090090393","","09","Ciudad de Mexico","CDMX","009","Milpa Alta","0393","Xaltepec","R","19°12´58.882"N","099°02´26.188"W","19.21635600","-99.04060700","2566","E14A49","2","*","*","1"
"090090394","","09","Ciudad de Mexico","CDMX","009","Milpa Alta","0394","Limonuxititla","R","19°10´37.042"N","099°04´55.617"W","19.17695500","-99.08211500","2936","E14A49","1","*","*","1"
"090090395","","09","Ciudad de Mexico","CDMX","009","Milpa Alta","0395","Cuapetzayuca","R","19°10´16.805"N","099°04´50.106"W","19.17133400","-99.08058400","2955","E14A49","17","12","5","6"
"090090396","","09","Ciudad de Mexico","CDMX","009","Milpa Alta","0396","Techalli","R","19°10´13.442"N","099°04´29.311"W","19.17040000","-99.07480800","2922","E14A49","5","*","*","1"
"090090397","Baja","09","Ciudad de Mexico","CDMX","009","Milpa Alta","0397","Los Barcenas","R","19°10´19.716"N","099°05´09.336"W","19.17214300","-99.08592600","3009","E14A49","0","0","0","0"
"090090398","Baja","09","Ciudad de Mexico","CDMX","009","Milpa Alta","0398","Los Molina","R","19°09´51.113"N","099°05´02.202"W","19.16419800","-99.08394500","3090","E14A49","0","0","0","0"
"090090399","","09","Ciudad de Mexico","CDMX","009","Milpa Alta","0399","Tlacapantongo","R","19°10´20.612"N","099°05´05.654"W","19.17239200","-99.08490400","3005","E14A49","0","0","0","0"
"090090400","Baja","09","Ciudad de Mexico","CDMX","009","Milpa Alta","0400","El Dios Tlaloc","R","19°10´55.208"N","099°05´42.820"W","19.18200200","-99.09522700","2898","E14A49","9","*","*","2"
"090090401","","09","Ciudad de Mexico","CDMX","009","Milpa Alta","0401","La Loma de San Jose","R","19°10´45.146"N","099°05´16.484"W","19.17920700","-99.08791200","2957","E14A49","10","*","*","2"
"090090402","","09","Ciudad de Mexico","CDMX","009","Milpa Alta","0402","Tepozan Seco","R","19°10´15.760"N","099°05´50.811"W","19.17104400","-99.09744700","3059","E14A49","1","*","*","1"
"090090403","","09","Ciudad de Mexico","CDMX","009","Milpa Alta","0403","Memeyuca","R","19°10´49.788"N","099°05´37.012"W","19.18049600","-99.09361400","2928","E14A49","6","3","3","3"
"090090404","Baja","09","Ciudad de Mexico","CDMX","009","Milpa Alta","0404","El Rancho","R","19°10´17.819"N","099°05´59.258"W","19.17161600","-99.09979400","3068","E14A49","0","0","0","0"
"090090405","","09","Ciudad de Mexico","CDMX","009","Milpa Alta","0405","Niño Perdido","R","19°10´56.241"N","099°06´07.358"W","19.18228900","-99.10204400","2893","E14A49","0","0","0","0"
"090090406","Baja","09","Ciudad de Mexico","CDMX","009","Milpa Alta","0406","Tepetlixpa","R","19°11´23.506"N","099°06´30.256"W","19.18986200","-99.10840400","2773","E14A49","0","0","0","0"
"090090407","","09","Ciudad de Mexico","CDMX","009","Milpa Alta","0407","Papalocahuitl","R","19°11´21.774"N","099°06´18.679"W","19.18938100","-99.10518900","2771","E14A49","37","19","18","6"
"090090408","","09","Ciudad de Mexico","CDMX","009","Milpa Alta","0408","Cilxuchitl","R","19°11´23.446"N","099°03´53.670"W","19.18984600","-99.06490800","2611","E14A49","2","*","*","1"
"090090409","","09","Ciudad de Mexico","CDMX","009","Milpa Alta","0409","Ahuatlixpa","R","19°12´54.244"N","099°03´24.439"W","19.21506800","-99.05678900","2573","E14A49","0","0","0","0"
"090090410","","09","Ciudad de Mexico","CDMX","009","Milpa Alta","0410","Tlaltelpampa","R","19°12´56.995"N","099°03´21.302"W","19.21583200","-99.05591700","2566","E14A49","10","4","6","3"
"090090411","Baja","09","Ciudad de Mexico","CDMX","009","Milpa Alta","0411","La Cruz","R","19°12´49.283"N","099°03´22.797"W","19.21369000","-99.05633300","2577","E14A49","8","*","*","2"
"090090412","","09","Ciudad de Mexico","CDMX","009","Milpa Alta","0412","Atotzingo","R","19°13´18.319"N","099°02´11.322"W","19.22175500","-99.03647800","2571","E14A49","0","0","0","0"
"090090413","","09","Ciudad de Mexico","CDMX","009","Milpa Alta","0413","Tepecuescotitla (San Antonio)","R","19°12´35.585"N","099°03´44.840"W","19.20988500","-99.06245600","2580","E14A49","28","13","15","9"
"090090414","Baja","09","Ciudad de Mexico","CDMX","009","Milpa Alta","0414","La Lupita Tlacotenco","R","19°11´06.657"N","098°59´24.521"W","19.18518200","-98.99014400","2501","E14B41","11","6","5","3"
"090090415","","09","Ciudad de Mexico","CDMX","009","Milpa Alta","0415","Cristo Rey (Emiliano Zapata)","R","19°12´19.024"N","099°00´09.105"W","19.20528400","-99.00252900","2305","E14A49","132","62","70","38"
"090100001","","09","Ciudad de Mexico","CDMX","010","alvaro Obregon","0001","alvaro Obregon","U","19°23´26.902"N","099°11´43.488"W","19.39080600","-99.19541300","2308","E14A39","759003","360935","398068","219413"
"090100007","","09","Ciudad de Mexico","CDMX","010","alvaro Obregon","0007","Rancho Barbechos","R","19°15´28.216"N","099°19´01.794"W","19.25783800","-99.31716400","3484","E14A39","4","*","*","1"
"090100213","","09","Ciudad de Mexico","CDMX","010","alvaro Obregon","0213","Ojo de Agua","R","19°18´06.915"N","099°16´28.697"W","19.30192100","-99.27463700","2864","E14A39","63","33","30","12"
"090100214","","09","Ciudad de Mexico","CDMX","010","alvaro Obregon","0214","Camino a la Bandera","R","19°19´17.889"N","099°16´23.200"W","19.32163500","-99.27311000","2819","E14A39","12","7","5","4"
"090100215","","09","Ciudad de Mexico","CDMX","010","alvaro Obregon","0215","Tiximaloya","R","19°18´45.512"N","099°16´35.556"W","19.31264200","-99.27654300","2884","E14A39","3","2","1","3"
"090100216","","09","Ciudad de Mexico","CDMX","010","alvaro Obregon","0216","El Ermitaño (Paraje el Chipil)","R","19°18´03.913"N","099°16´11.942"W","19.30108700","-99.26998300","2773","E14A39","47","23","24","9"
"090100217","","09","Ciudad de Mexico","CDMX","010","alvaro Obregon","0217","Texcalatlaco","R","19°19´03.854"N","099°16´28.155"W","19.31773700","-99.27448700","2814","E14A39","5","3","2","3"
"090100219","","09","Ciudad de Mexico","CDMX","010","alvaro Obregon","0219","Apapaxtla","R","19°16´58.137"N","099°17´16.647"W","19.28281500","-99.28795700","2954","E14A39","0","0","0","0"
"090110001","","09","Ciudad de Mexico","CDMX","011","Tlahuac","0001","Tlahuac","U","19°16´14.039"N","099°00´17.446"W","19.27056600","-99.00484600","2249","E14A39","323771","156497","167274","89454"
"090110011","","09","Ciudad de Mexico","CDMX","011","Tlahuac","0011","San Andres Mixquic","U","19°13´29.203"N","098°57´53.800"W","19.22477800","-98.96494400","2240","E14B41","13910","6828","7082","3191"
"090110021","","09","Ciudad de Mexico","CDMX","011","Tlahuac","0021","San Juan Ixtayopan","U","19°14´27.226"N","098°59´44.148"W","19.24089600","-98.99559600","2241","E14B41","28027","13773","14254","7361"
"090110024","","09","Ciudad de Mexico","CDMX","011","Tlahuac","0024","San Nicolas Tetelco","U","19°13´03.310"N","098°58´21.811"W","19.21758500","-98.97272500","2242","E14B41","4919","2330","2589","1290"
"090110026","","09","Ciudad de Mexico","CDMX","011","Tlahuac","0026","Santa Catarina Yecahuitzotl","U","19°18´32.261"N","098°58´06.883"W","19.30896100","-98.96857800","2260","E14B31","11644","5744","5900","3087"
"090110069","","09","Ciudad de Mexico","CDMX","011","Tlahuac","0069","San Miguel","R","19°13´16.351"N","098°57´30.448"W","19.22120800","-98.95845800","2237","E14B41","221","113","108","53"
"090110071","","09","Ciudad de Mexico","CDMX","011","Tlahuac","0071","Tabla los Pozos","R","19°16´54.119"N","098°59´23.452"W","19.28169900","-98.98984700","2232","E14B31","301","158","143","70"
"090110072","","09","Ciudad de Mexico","CDMX","011","Tlahuac","0072","Mesita del Capulin","R","19°18´30.686"N","098°58´57.218"W","19.30852400","-98.98256000","2285","E14B31","125","71","54","33"
"090110076","","09","Ciudad de Mexico","CDMX","011","Tlahuac","0076","Ojo de Agua","R","19°13´08.817"N","098°57´57.991"W","19.21911500","-98.96610900","2236","E14B41","118","59","59","26"
"090110081","","09","Ciudad de Mexico","CDMX","011","Tlahuac","0081","San Miguel (Chinampas)","R","19°13´12.487"N","098°58´02.034"W","19.22013500","-98.96723100","2236","E14B41","65","34","31","19"
"090110086","","09","Ciudad de Mexico","CDMX","011","Tlahuac","0086","Xila","R","19°13´10.900"N","098°57´20.701"W","19.21969400","-98.95575000","2233","E14B41","103","49","54","21"
"090110087","","09","Ciudad de Mexico","CDMX","011","Tlahuac","0087","Axolocalco (Prolongacion Santa Cruz)","R","19°13´12.872"N","098°56´42.811"W","19.22024200","-98.94522500","2212","E14B41","90","46","44","25"
"090110089","","09","Ciudad de Mexico","CDMX","011","Tlahuac","0089","El Tetecon (El Solitario)","R","19°19´09.387"N","099°01´29.874"W","19.31927400","-99.02496400","2345","E14A39","16","5","11","5"
"090110094","","09","Ciudad de Mexico","CDMX","011","Tlahuac","0094","Chinampa San Juan","R","19°16´17.789"N","099°00´35.938"W","19.27160700","-99.00998300","2256","E14A39","18","8","10","5"
"090110095","Baja","09","Ciudad de Mexico","CDMX","011","Tlahuac","0095","Fin de Galeana","R","19°16´11.624"N","099°00´37.251"W","19.26989500","-99.01034800","2258","E14A39","17","*","*","2"
"090110100","","09","Ciudad de Mexico","CDMX","011","Tlahuac","0100","Puente de Tubo","R","19°13´55.936"N","098°59´06.256"W","19.23220400","-98.98507100","2240","E14B41","0","0","0","0"
"090110103","","09","Ciudad de Mexico","CDMX","011","Tlahuac","0103","Paraje Xometitla","R","19°13´12.837"N","098°57´48.536"W","19.22023200","-98.96348200","2239","E14B41","145","70","75","34"
"090110104","","09","Ciudad de Mexico","CDMX","011","Tlahuac","0104","San Ignacio de Loyola","R","19°13´01.858"N","098°57´24.472"W","19.21718200","-98.95679800","2236","E14B41","856","407","449","208"
"090110108","","09","Ciudad de Mexico","CDMX","011","Tlahuac","0108","Paraje Ayecac","R","19°13´31.000"N","098°58´10.368"W","19.22527700","-98.96954600","2236","E14B41","81","47","34","19"
"090110110","","09","Ciudad de Mexico","CDMX","011","Tlahuac","0110","La Cienega","R","19°17´15.245"N","099°01´19.134"W","19.28756800","-99.02198100","2235","E14A39","3050","1490","1560","841"
"090110111","","09","Ciudad de Mexico","CDMX","011","Tlahuac","0111","Chinampas Tetelco","R","19°13´08.363"N","098°58´04.958"W","19.21898900","-98.96804300","2235","E14B41","24","11","13","7"
"090110113","","09","Ciudad de Mexico","CDMX","011","Tlahuac","0113","Lomas de Xocotlan","R","19°12´46.659"N","098°57´58.795"W","19.21296100","-98.96633200","2239","E14B41","238","113","125","56"
"090110116","","09","Ciudad de Mexico","CDMX","011","Tlahuac","0116","Santa Catarina [Lienzo Charro]","R","19°18´18.567"N","098°58´12.564"W","19.30515800","-98.97015600","2246","E14B31","5","*","*","1"
"090110119","","09","Ciudad de Mexico","CDMX","011","Tlahuac","0119","Tierra Blanca Parte Alta","R","19°13´57.433"N","099°00´35.035"W","19.23262000","-99.00973200","2370","E14A49","178","87","91","42"
"090110122","","09","Ciudad de Mexico","CDMX","011","Tlahuac","0122","Las Tablas","R","19°15´20.349"N","098°59´54.864"W","19.25565300","-98.99857300","2241","E14B31","8","*","*","1"
"090110123","","09","Ciudad de Mexico","CDMX","011","Tlahuac","0123","Mina Xaltepec","R","19°18´39.028"N","099°02´01.247"W","19.31084100","-99.03367900","2276","E14A39","0","0","0","0"
"090110124","","09","Ciudad de Mexico","CDMX","011","Tlahuac","0124","Mina la Estancia","R","19°19´11.065"N","099°01´09.460"W","19.31974000","-99.01929400","2366","E14A39","0","0","0","0"
"090110125","","09","Ciudad de Mexico","CDMX","011","Tlahuac","0125","Mina Texcocatitla","R","19°18´40.307"N","099°01´53.022"W","19.31119600","-99.03139400","2282","E14A39","0","0","0","0"
"090110126","","09","Ciudad de Mexico","CDMX","011","Tlahuac","0126","Camino a Tlaltenco","R","19°18´18.334"N","099°01´36.170"W","19.30509300","-99.02671300","2254","E14A39","71","41","30","14"
"090110128","","09","Ciudad de Mexico","CDMX","011","Tlahuac","0128","Prolongacion Peña Alta","R","19°13´34.061"N","099°00´26.305"W","19.22612700","-99.00730700","2387","E14A49","101","39","62","26"
"090110129","","09","Ciudad de Mexico","CDMX","011","Tlahuac","0129","Rancho los Pollitos","R","19°17´54.371"N","099°00´17.459"W","19.29843600","-99.00485000","2252","E14A39","23","10","13","9"
"090110133","","09","Ciudad de Mexico","CDMX","011","Tlahuac","0133","Ejido de San Juan Ixtayopan","R","19°14´40.336"N","098°59´31.537"W","19.24453700","-98.99209300","2237","E14B41","20","10","10","5"
"090110134","Baja","09","Ciudad de Mexico","CDMX","011","Tlahuac","0134","Tabla Telocuatitla","R","19°17´44.725"N","098°58´48.255"W","19.29575700","-98.98007000","2239","E14B31","34","19","15","10"
"090110136","","09","Ciudad de Mexico","CDMX","011","Tlahuac","0136","El Pato","R","19°15´02.896"N","098°59´47.926"W","19.25080400","-98.99664600","2237","E14B31","359","170","189","88"
"090110137","","09","Ciudad de Mexico","CDMX","011","Tlahuac","0137","Ejido de Tlahuac","R","19°15´43.113"N","098°59´39.641"W","19.26197600","-98.99434400","2231","E14B31","77","44","33","22"
"090110138","","09","Ciudad de Mexico","CDMX","011","Tlahuac","0138","Monserrat (Arenales Oaxaca)","R","19°18´58.000"N","099°01´04.000"W","19.31611100","-99.01777700","2328","E14A39","0","0","0","0"
"090110140","","09","Ciudad de Mexico","CDMX","011","Tlahuac","0140","El Paraiso (Mecoxtla)","R","19°19´26.933"N","098°58´36.217"W","19.32414700","-98.97672600","2334","E14B31","1436","733","703","359"
"090110141","","09","Ciudad de Mexico","CDMX","011","Tlahuac","0141","Colonia los 500 metros","R","19°19´22.277"N","098°58´14.513"W","19.32285400","-98.97069700","2281","E14B31","405","220","185","102"
"090110142","","09","Ciudad de Mexico","CDMX","011","Tlahuac","0142","Ampliacion San Miguel","R","19°17´37.744"N","098°58´12.312"W","19.29381700","-98.97008600","2236","E14B31","276","142","134","76"
"090110143","Baja","09","Ciudad de Mexico","CDMX","011","Tlahuac","0143","Ninguno","R","19°17´54.864"N","098°59´42.806"W","19.29857300","-98.99522400","2260","E14B31","1","*","*","1"
"090110145","","09","Ciudad de Mexico","CDMX","011","Tlahuac","0145","Xalpa (Lopez Portillo)","R","19°18´21.080"N","099°01´24.861"W","19.30585600","-99.02357200","2261","E14A39","240","115","125","55"
"090110146","","09","Ciudad de Mexico","CDMX","011","Tlahuac","0146","Piñon","R","19°18´19.418"N","099°00´53.102"W","19.30539400","-99.01475100","2281","E14A39","54","26","28","16"
"090110148","","09","Ciudad de Mexico","CDMX","011","Tlahuac","0148","Puertantitla (Camino al Cerro)","R","19°18´09.479"N","099°00´45.500"W","19.30263300","-99.01263900","2267","E14A39","275","138","137","65"
"090110149","","09","Ciudad de Mexico","CDMX","011","Tlahuac","0149","Prolongacion el Rosario","R","19°14´06.203"N","099°00´37.147"W","19.23505600","-99.01031900","2352","E14A49","152","71","81","40"
"090110150","","09","Ciudad de Mexico","CDMX","011","Tlahuac","0150","La Nopalera","R","19°14´17.325"N","099°00´44.631"W","19.23814600","-99.01239800","2354","E14A49","26","13","13","7"
"090110152","","09","Ciudad de Mexico","CDMX","011","Tlahuac","0152","Bugambilias","R","19°18´00.106"N","098°59´11.867"W","19.30002900","-98.98662900","2260","E14B31","13","10","3","3"
"090110153","","09","Ciudad de Mexico","CDMX","011","Tlahuac","0153","Tezontitla","R","19°18´12.521"N","099°00´11.930"W","19.30347800","-99.00331400","2278","E14A39","25","13","12","6"
"090110154","","09","Ciudad de Mexico","CDMX","011","Tlahuac","0154","Xalatlayco","R","19°18´09.316"N","099°00´21.503"W","19.30258800","-99.00597300","2273","E14A39","145","78","67","37"
"090110155","","09","Ciudad de Mexico","CDMX","011","Tlahuac","0155","El Capulin","R","19°19´05.701"N","098°59´52.790"W","19.31825000","-98.99799700","2433","E14B31","30","14","16","8"
"090110156","","09","Ciudad de Mexico","CDMX","011","Tlahuac","0156","Las Palmas","R","19°18´20.481"N","099°00´05.935"W","19.30568900","-99.00164900","2300","E14A39","13","6","7","3"
"090110157","","09","Ciudad de Mexico","CDMX","011","Tlahuac","0157","Tezontenco","R","19°18´36.931"N","099°01´22.445"W","19.31025900","-99.02290100","2291","E14A39","10","*","*","2"
"090110158","","09","Ciudad de Mexico","CDMX","011","Tlahuac","0158","Las Calabacitas","R","19°18´50.545"N","099°02´15.558"W","19.31404000","-99.03765500","2261","E14A39","19","*","*","2"
"090110159","","09","Ciudad de Mexico","CDMX","011","Tlahuac","0159","Apoyautla (Cerro de Guadalupe)","R","19°18´03.771"N","099°00´21.918"W","19.30104800","-99.00608800","2261","E14A39","263","143","120","73"
"090110160","","09","Ciudad de Mexico","CDMX","011","Tlahuac","0160","Las Nieves (Almoloya)","R","19°12´52.368"N","098°57´51.690"W","19.21454700","-98.96435800","2237","E14B41","124","68","56","36"
"090110161","","09","Ciudad de Mexico","CDMX","011","Tlahuac","0161","La Cruz","R","19°14´03.226"N","099°01´04.134"W","19.23422900","-99.01781400","2453","E14A49","31","19","12","8"
"090110162","Baja","09","Ciudad de Mexico","CDMX","011","Tlahuac","0162","Mixtlaplan","R","19°18´29.826"N","099°00´51.366"W","19.30828500","-99.01426800","2295","E14A39","90","51","39","20"
"090110163","","09","Ciudad de Mexico","CDMX","011","Tlahuac","0163","El Llano","R","19°13´25.954"N","098°58´36.376"W","19.22387500","-98.97677000","2231","E14B41","70","29","41","20"
"090110164","Baja","09","Ciudad de Mexico","CDMX","011","Tlahuac","0164","Corena Regional 3","R","19°17´52.847"N","098°59´13.897"W","19.29801300","-98.98719300","2253","E14B31","0","0","0","0"
"090120001","","09","Ciudad de Mexico","CDMX","012","Tlalpan","0001","Tlalpan","U","19°17´17.790"N","099°10´01.654"W","19.28827500","-99.16712500","2280","E14A39","599935","285651","314284","176605"
"090120019","","09","Ciudad de Mexico","CDMX","012","Tlalpan","0019","Parres (El Guarda)","U","19°08´10.328"N","099°10´30.209"W","19.13620200","-99.17505700","2996","E14A49","3197","1593","1604","806"
"090120026","","09","Ciudad de Mexico","CDMX","012","Tlalpan","0026","San Miguel Ajusco","U","19°13´04.690"N","099°12´14.282"W","19.21796900","-99.20396700","2934","E14A49","37282","18174","19108","9890"
"090120027","","09","Ciudad de Mexico","CDMX","012","Tlalpan","0027","San Miguel Topilejo","U","19°12´04.891"N","099°08´29.034"W","19.20135900","-99.14139800","2649","E14A49","41087","20173","20914","10310"
"090120104","Baja","09","Ciudad de Mexico","CDMX","012","Tlalpan","0104","La Cima Uno [Campamento Forestal]","R","19°06´18.607"N","099°11´41.691"W","19.10516900","-99.19491400","3031","E14A49","0","0","0","0"
"090120105","","09","Ciudad de Mexico","CDMX","012","Tlalpan","0105","Apapaxtles","R","19°12´28.866"N","099°13´40.845"W","19.20801800","-99.22801200","3091","E14A49","67","36","31","18"
"090120108","Baja","09","Ciudad de Mexico","CDMX","012","Tlalpan","0108","Paraje Cercatenco","R","19°12´15.291"N","099°13´21.586"W","19.20424800","-99.22266200","3143","E14A49","4","*","*","2"
"090120109","","09","Ciudad de Mexico","CDMX","012","Tlalpan","0109","Llano de Cantimplora","R","19°12´17.552"N","099°16´27.243"W","19.20487600","-99.27423400","3463","E14A49","0","0","0","0"
"090120110","","09","Ciudad de Mexico","CDMX","012","Tlalpan","0110","Casa Solar","R","19°11´21.099"N","099°14´02.333"W","19.18919400","-99.23398100","3367","E14A49","0","0","0","0"
"090120112","","09","Ciudad de Mexico","CDMX","012","Tlalpan","0112","Cañada del Acueducto","R","19°12´17.345"N","099°12´33.272"W","19.20481800","-99.20924200","3030","E14A49","161","83","78","42"
"090120113","Baja","09","Ciudad de Mexico","CDMX","012","Tlalpan","0113","La Cima Dos [Campamento Forestal]","R","19°06´43.156"N","099°11´41.406"W","19.11198800","-99.19483500","3133","E14A49","0","0","0","0"
"090120114","","09","Ciudad de Mexico","CDMX","012","Tlalpan","0114","Cuamino","R","19°12´30.172"N","099°13´58.112"W","19.20838100","-99.23280800","3159","E14A49","11","5","6","3"
"090120118","","09","Ciudad de Mexico","CDMX","012","Tlalpan","0118","La Cima","R","19°06´53.418"N","099°11´43.961"W","19.11483800","-99.19554400","3020","E14A49","1","*","*","1"
"090120119","Baja","09","Ciudad de Mexico","CDMX","012","Tlalpan","0119","Mezontepec [Campamento Forestal]","R","19°10´58.442"N","099°13´55.430"W","19.18290000","-99.23206300","3333","E14A49","0","0","0","0"
"090120123","","09","Ciudad de Mexico","CDMX","012","Tlalpan","0123","Xacatixtla (Granja la Garriga)","R","19°11´48.958"N","099°10´13.753"W","19.19693200","-99.17048600","2796","E14A49","7","*","*","2"
"090120124","","09","Ciudad de Mexico","CDMX","012","Tlalpan","0124","Heroes de 1910","R","19°14´49.282"N","099°14´04.497"W","19.24702200","-99.23458200","2947","E14A49","571","305","266","174"
"090120128","","09","Ciudad de Mexico","CDMX","012","Tlalpan","0128","Las Raices","R","19°10´09.468"N","099°09´30.264"W","19.16929600","-99.15840700","2886","E14A49","25","14","11","6"
"090120129","","09","Ciudad de Mexico","CDMX","012","Tlalpan","0129","Kilometro 38","R","19°08´30.377"N","099°10´06.777"W","19.14177100","-99.16854900","2968","E14A49","2","*","*","1"
"090120130","","09","Ciudad de Mexico","CDMX","012","Tlalpan","0130","Kilometro 36.5 (El Crucero)","R","19°09´16.290"N","099°09´46.595"W","19.15452500","-99.16294300","2935","E14A49","69","31","38","18"
"090120131","","09","Ciudad de Mexico","CDMX","012","Tlalpan","0131","Las Maravillas (Kilometro 37)","R","19°08´54.795"N","099°09´56.371"W","19.14855400","-99.16565900","2942","E14A49","45","20","25","13"
"090120132","Baja","09","Ciudad de Mexico","CDMX","012","Tlalpan","0132","Kilometro 33.5","R","19°10´43.345"N","099°09´38.665"W","19.17870600","-99.16074000","2865","E14A49","7","5","2","3"
"090120135","","09","Ciudad de Mexico","CDMX","012","Tlalpan","0135","Lomas de Tepemecatl","R","19°14´17.596"N","099°14´25.756"W","19.23822100","-99.24048700","2960","E14A49","4058","2029","2029","1030"
"090120140","","09","Ciudad de Mexico","CDMX","012","Tlalpan","0140","El Oyamel","R","19°12´16.269"N","099°12´53.678"W","19.20451900","-99.21491100","3100","E14A49","4","*","*","1"
"090120143","","09","Ciudad de Mexico","CDMX","012","Tlalpan","0143","Pentatlon","R","19°13´33.048"N","099°14´53.526"W","19.22584600","-99.24820100","3173","E14A49","0","0","0","0"
"090120144","","09","Ciudad de Mexico","CDMX","012","Tlalpan","0144","Piedra Larga","R","19°11´25.771"N","099°08´15.733"W","19.19049200","-99.13770300","2745","E14A49","532","272","260","145"
"090120145","","09","Ciudad de Mexico","CDMX","012","Tlalpan","0145","Piedras Blancas","R","19°12´00.757"N","099°13´35.537"W","19.20021000","-99.22653700","3249","E14A49","4","*","*","1"
"090120152","","09","Ciudad de Mexico","CDMX","012","Tlalpan","0152","Rancho Ramirez","R","19°13´10.380"N","099°13´26.255"W","19.21954900","-99.22395900","3065","E14A49","4","*","*","1"
"090120154","","09","Ciudad de Mexico","CDMX","012","Tlalpan","0154","Las Ferminas","R","19°11´52.012"N","099°13´47.903"W","19.19778100","-99.22997200","3283","E14A49","0","0","0","0"
"090120155","","09","Ciudad de Mexico","CDMX","012","Tlalpan","0155","La Fortaleza","R","19°12´11.927"N","099°14´16.560"W","19.20331300","-99.23793300","3270","E14A49","9","*","*","1"
"090120159","","09","Ciudad de Mexico","CDMX","012","Tlalpan","0159","La Pedrera","R","19°12´09.307"N","099°10´27.034"W","19.20258500","-99.17417500","2815","E14A49","92","47","45","24"
"090120161","","09","Ciudad de Mexico","CDMX","012","Tlalpan","0161","El Pedregal","R","19°14´09.003"N","099°12´20.949"W","19.23583400","-99.20581900","2869","E14A49","822","420","402","223"
"090120162","","09","Ciudad de Mexico","CDMX","012","Tlalpan","0162","El Sifon","R","19°09´49.463"N","099°10´09.945"W","19.16374000","-99.16942900","3011","E14A49","103","50","53","22"
"090120164","","09","Ciudad de Mexico","CDMX","012","Tlalpan","0164","Kilometro 17 (Circuito Ajusco)","R","19°13´08.035"N","099°13´54.708"W","19.21889800","-99.23186300","3076","E14A49","0","0","0","0"
"090120165","","09","Ciudad de Mexico","CDMX","012","Tlalpan","0165","Rancho las Trojes","R","19°09´48.807"N","099°09´35.212"W","19.16355800","-99.15978100","2920","E14A49","0","0","0","0"
"090120168","","09","Ciudad de Mexico","CDMX","012","Tlalpan","0168","Chalcuitongo (La Asuncion)","R","19°11´00.995"N","099°08´42.269"W","19.18360900","-99.14507400","2748","E14A49","1048","526","522","270"
"090120171","","09","Ciudad de Mexico","CDMX","012","Tlalpan","0171","Santa Martha","R","19°12´35.553"N","099°13´14.018"W","19.20987600","-99.22056000","3049","E14A49","0","0","0","0"
"090120175","","09","Ciudad de Mexico","CDMX","012","Tlalpan","0175","Siete Ocotes","R","19°09´44.278"N","099°09´27.041"W","19.16229900","-99.15751100","2911","E14A49","35","18","17","10"
"090120179","","09","Ciudad de Mexico","CDMX","012","Tlalpan","0179","El Charco","R","19°14´04.146"N","099°13´31.517"W","19.23448500","-99.22542100","2950","E14A49","759","375","384","205"
"090120187","","09","Ciudad de Mexico","CDMX","012","Tlalpan","0187","Huinixco","R","19°10´29.689"N","099°09´44.861"W","19.17491300","-99.16246100","2908","E14A49","271","134","137","66"
"090120192","","09","Ciudad de Mexico","CDMX","012","Tlalpan","0192","Rancho Kyalami","R","19°12´08.533"N","099°13´58.210"W","19.20237000","-99.23283500","3204","E14A49","8","*","*","2"
"090120193","","09","Ciudad de Mexico","CDMX","012","Tlalpan","0193","Los Sauces","R","19°11´58.565"N","099°13´48.594"W","19.19960100","-99.23016400","3269","E14A49","5","*","*","1"
"090120197","","09","Ciudad de Mexico","CDMX","012","Tlalpan","0197","Rancho San Francisco","R","19°12´57.672"N","099°13´48.532"W","19.21602000","-99.23014700","3092","E14A49","0","0","0","0"
"090120198","","09","Ciudad de Mexico","CDMX","012","Tlalpan","0198","La Troje","R","19°12´38.854"N","099°13´53.112"W","19.21079300","-99.23141900","3147","E14A49","18","9","9","7"
"090120199","","09","Ciudad de Mexico","CDMX","012","Tlalpan","0199","El Cofrecito","R","19°14´43.151"N","099°14´32.167"W","19.24531900","-99.24226800","2930","E14A49","12","*","*","2"
"090120200","Baja","09","Ciudad de Mexico","CDMX","012","Tlalpan","0200","Rancho Espiridion","R","19°12´48.170"N","099°14´04.701"W","19.21338100","-99.23463900","3182","E14A49","0","0","0","0"
"090120201","Baja","09","Ciudad de Mexico","CDMX","012","Tlalpan","0201","Rancho los Compadres","R","19°12´57.732"N","099°13´32.520"W","19.21603700","-99.22569900","3106","E14A49","3","*","*","1"
"090120202","Baja","09","Ciudad de Mexico","CDMX","012","Tlalpan","0202","Rancho el Paraiso","R","19°12´54.217"N","099°13´47.204"W","19.21506000","-99.22977800","3131","E14A49","0","0","0","0"
"090120205","","09","Ciudad de Mexico","CDMX","012","Tlalpan","0205","El Divisadero","R","19°13´29.446"N","099°14´13.944"W","19.22484500","-99.23720600","3076","E14A49","0","0","0","0"
"090120207","","09","Ciudad de Mexico","CDMX","012","Tlalpan","0207","Camino Viejo a San Andres","R","19°14´21.531"N","099°11´28.292"W","19.23931400","-99.19119200","2757","E14A49","8","*","*","1"
"090120209","Baja","09","Ciudad de Mexico","CDMX","012","Tlalpan","0209","Rancho San Nicolas","R","19°13´01.755"N","099°13´36.627"W","19.21715400","-99.22684000","3100","E14A49","2","*","*","1"
"090120210","","09","Ciudad de Mexico","CDMX","012","Tlalpan","0210","El Arenal","R","19°14´00.915"N","099°11´10.391"W","19.23358700","-99.18621900","2743","E14A49","65","33","32","15"
"090120216","","09","Ciudad de Mexico","CDMX","012","Tlalpan","0216","Cuanejaque","R","19°11´46.121"N","099°10´35.984"W","19.19614400","-99.17666200","2844","E14A49","239","124","115","70"
"090120217","","09","Ciudad de Mexico","CDMX","012","Tlalpan","0217","El Oyameyo","R","19°11´17.628"N","099°10´17.103"W","19.18823000","-99.17141700","2915","E14A49","189","102","87","55"
"090120218","","09","Ciudad de Mexico","CDMX","012","Tlalpan","0218","Parada Oyameyo (Kilometro 31.5)","R","19°11´32.531"N","099°10´02.326"W","19.19236900","-99.16731200","2831","E14A49","112","57","55","36"
"090120220","","09","Ciudad de Mexico","CDMX","012","Tlalpan","0220","La Campana","R","19°15´03.527"N","099°14´38.584"W","19.25098000","-99.24405100","2909","E14A39","20","9","11","8"
"090120221","","09","Ciudad de Mexico","CDMX","012","Tlalpan","0221","La Rufina","R","19°13´55.629"N","099°13´59.865"W","19.23211900","-99.23329500","2969","E14A49","50","27","23","10"
"090120222","","09","Ciudad de Mexico","CDMX","012","Tlalpan","0222","Nopaltitla","R","19°14´06.544"N","099°12´52.976"W","19.23515100","-99.21471600","2931","E14A49","669","329","340","170"
"090120229","Baja","09","Ciudad de Mexico","CDMX","012","Tlalpan","0229","Tres Cabañas","R","19°13´01.535"N","099°13´26.241"W","19.21709200","-99.22395500","3063","E14A49","6","*","*","1"
"090120232","Baja","09","Ciudad de Mexico","CDMX","012","Tlalpan","0232","El Alambrado","R","19°13´44.261"N","099°14´46.550"W","19.22896100","-99.24626400","3092","E14A49","4","*","*","1"
"090120234","","09","Ciudad de Mexico","CDMX","012","Tlalpan","0234","Estudios Ajusco","R","19°13´37.748"N","099°13´44.479"W","19.22715200","-99.22902100","2964","E14A49","0","0","0","0"
"090120236","","09","Ciudad de Mexico","CDMX","012","Tlalpan","0236","El Abrevadero","R","19°13´28.664"N","099°14´38.126"W","19.22462800","-99.24392400","3136","E14A49","0","0","0","0"
"090120237","","09","Ciudad de Mexico","CDMX","012","Tlalpan","0237","Xomulco (Oyamertonco)","R","19°13´06.727"N","099°13´40.709"W","19.21853500","-99.22797400","3058","E14A49","36","23","13","11"
"090120240","","09","Ciudad de Mexico","CDMX","012","Tlalpan","0240","La Cofradia","R","19°12´04.161"N","099°14´05.019"W","19.20115600","-99.23472700","3252","E14A49","0","0","0","0"
"090120243","","09","Ciudad de Mexico","CDMX","012","Tlalpan","0243","Los Caballos","R","19°12´00.571"N","099°14´22.686"W","19.20015900","-99.23963500","3367","E14A49","0","0","0","0"
"090120246","","09","Ciudad de Mexico","CDMX","012","Tlalpan","0246","Rancho Chico","R","19°11´56.084"N","099°14´01.956"W","19.19891200","-99.23387600","3301","E14A49","4","*","*","1"
"090120249","","09","Ciudad de Mexico","CDMX","012","Tlalpan","0249","Rancho los Cedros del Abuelo","R","19°12´30.299"N","099°13´30.808"W","19.20841600","-99.22522400","3079","E14A49","4","*","*","1"
"090120252","","09","Ciudad de Mexico","CDMX","012","Tlalpan","0252","La Morucha","R","19°11´38.509"N","099°10´27.735"W","19.19403000","-99.17437000","2857","E14A49","5","*","*","2"
"090120253","","09","Ciudad de Mexico","CDMX","012","Tlalpan","0253","Rancho San Patricio","R","19°11´16.701"N","099°10´54.517"W","19.18797200","-99.18181000","2978","E14A49","0","0","0","0"
"090120254","","09","Ciudad de Mexico","CDMX","012","Tlalpan","0254","Barranquilla","R","19°11´26.354"N","099°11´00.120"W","19.19065400","-99.18336600","2954","E14A49","18","9","9","4"
"090120256","","09","Ciudad de Mexico","CDMX","012","Tlalpan","0256","La Capilla","R","19°11´26.312"N","099°13´13.618"W","19.19064200","-99.22044900","3356","E14A49","5","*","*","1"
"090120257","","09","Ciudad de Mexico","CDMX","012","Tlalpan","0257","Rancho Mezontepec","R","19°11´12.453"N","099°13´59.971"W","19.18679200","-99.23332500","3363","E14A49","0","0","0","0"
"090120258","","09","Ciudad de Mexico","CDMX","012","Tlalpan","0258","Rancho Llano de Vidrio","R","19°11´24.000"N","099°15´30.000"W","19.19000000","-99.25833300","3309","E14A49","0","0","0","0"
"090120259","","09","Ciudad de Mexico","CDMX","012","Tlalpan","0259","Llanito Largo","R","19°08´01.775"N","099°16´16.086"W","19.13382600","-99.27113400","3017","E14A49","0","0","0","0"
"090120262","Baja","09","Ciudad de Mexico","CDMX","012","Tlalpan","0262","El Sicomoro","R","19°11´23.939"N","099°10´34.130"W","19.18998300","-99.17614700","2916","E14A49","5","*","*","1"
"090120263","Baja","09","Ciudad de Mexico","CDMX","012","Tlalpan","0263","Tlamenelolpa (Los Encinos)","R","19°11´26.213"N","099°10´31.914"W","19.19061400","-99.17553100","2902","E14A49","5","*","*","2"
"090120264","","09","Ciudad de Mexico","CDMX","012","Tlalpan","0264","Predio Tepetzintla","R","19°10´53.313"N","099°10´28.734"W","19.18147500","-99.17464800","2993","E14A49","0","0","0","0"
"090120265","","09","Ciudad de Mexico","CDMX","012","Tlalpan","0265","La Candelaria","R","19°11´23.060"N","099°09´57.381"W","19.18973900","-99.16593900","2821","E14A49","8","*","*","1"
"090120266","","09","Ciudad de Mexico","CDMX","012","Tlalpan","0266","La Providencia","R","19°11´20.684"N","099°09´56.360"W","19.18907900","-99.16565600","2822","E14A49","6","*","*","2"
"090120267","","09","Ciudad de Mexico","CDMX","012","Tlalpan","0267","Finca Trancas (UCAPSA)","R","19°11´14.020"N","099°09´59.918"W","19.18722700","-99.16664400","2857","E14A49","3","*","*","1"
"090120268","","09","Ciudad de Mexico","CDMX","012","Tlalpan","0268","Kilometro 32.3","R","19°11´06.231"N","099°09´57.057"W","19.18506400","-99.16584900","2868","E14A49","7","*","*","2"
"090120269","Baja","09","Ciudad de Mexico","CDMX","012","Tlalpan","0269","Temaxcatitla (Kilometro 32.2)","R","19°11´07.717"N","099°09´46.691"W","19.18547700","-99.16297000","2827","E14A49","65","40","25","17"
"090120271","","09","Ciudad de Mexico","CDMX","012","Tlalpan","0271","Totoapan","R","19°10´30.108"N","099°09´03.139"W","19.17502900","-99.15087200","2809","E14A49","0","0","0","0"
"090120272","","09","Ciudad de Mexico","CDMX","012","Tlalpan","0272","Colonia Ocotla","R","19°12´57.912"N","099°09´31.685"W","19.21608700","-99.15880100","2825","E14A49","121","62","59","31"
"090120275","","09","Ciudad de Mexico","CDMX","012","Tlalpan","0275","Kilometro 29.5","R","19°12´22.270"N","099°09´23.913"W","19.20618600","-99.15664300","2801","E14A49","44","20","24","12"
"090120276","","09","Ciudad de Mexico","CDMX","012","Tlalpan","0276","Lomas del Capulin (Kilometro 30)","R","19°12´15.805"N","099°09´45.716"W","19.20439000","-99.16269900","2826","E14A49","529","258","271","131"
"090120277","","09","Ciudad de Mexico","CDMX","012","Tlalpan","0277","Tlatepancaltitla (Kilometro 30.5)","R","19°12´03.835"N","099°09´49.332"W","19.20106500","-99.16370300","2787","E14A49","55","22","33","17"
"090120278","","09","Ciudad de Mexico","CDMX","012","Tlalpan","0278","Jose Maria Morelos","R","19°12´36.615"N","099°13´16.750"W","19.21017100","-99.22131900","3049","E14A49","3","*","*","1"
"090120280","Baja","09","Ciudad de Mexico","CDMX","012","Tlalpan","0280","Tlalalpuente","R","19°12´20.364"N","099°13´14.642"W","19.20565700","-99.22073300","3116","E14A49","21","11","10","8"
"090120282","","09","Ciudad de Mexico","CDMX","012","Tlalpan","0282","Ocotla Chico","R","19°12´39.068"N","099°10´08.853"W","19.21085200","-99.16912500","2896","E14A49","943","458","485","238"
"090120283","","09","Ciudad de Mexico","CDMX","012","Tlalpan","0283","Paraje Atonco","R","19°12´47.833"N","099°13´37.069"W","19.21328700","-99.22696300","3110","E14A49","31","17","14","6"
"090120290","","09","Ciudad de Mexico","CDMX","012","Tlalpan","0290","La Herradura","R","19°14´04.976"N","099°11´44.862"W","19.23471500","-99.19579500","2794","E14A49","793","404","389","192"
"090120291","","09","Ciudad de Mexico","CDMX","012","Tlalpan","0291","Carretera al Ajusco","R","19°14´06.708"N","099°11´18.676"W","19.23519600","-99.18852100","2756","E14A49","49","24","25","15"
"090120295","","09","Ciudad de Mexico","CDMX","012","Tlalpan","0295","Chahualixcantitla","R","19°10´58.712"N","099°10´01.621"W","19.18297500","-99.16711600","2891","E14A49","16","7","9","7"
"090120296","","09","Ciudad de Mexico","CDMX","012","Tlalpan","0296","Lomas de San Jose","R","19°10´22.443"N","099°09´52.348"W","19.17290000","-99.16454100","2945","E14A49","69","37","32","17"
"090120300","","09","Ciudad de Mexico","CDMX","012","Tlalpan","0300","Colonia San Juan","R","19°12´25.567"N","099°12´44.414"W","19.20710200","-99.21233700","3025","E14A49","219","120","99","54"
"090120301","","09","Ciudad de Mexico","CDMX","012","Tlalpan","0301","Colonia Ahuayoto","R","19°12´20.643"N","099°12´59.800"W","19.20573400","-99.21661100","3102","E14A49","325","169","156","95"
"090120302","","09","Ciudad de Mexico","CDMX","012","Tlalpan","0302","Los Encinos","R","19°11´51.551"N","099°07´49.616"W","19.19765300","-99.13044800","2592","E14A49","96","55","41","26"
"090120303","","09","Ciudad de Mexico","CDMX","012","Tlalpan","0303","Kilometro 32.1","R","19°11´17.511"N","099°09´52.637"W","19.18819700","-99.16462100","2829","E14A49","1","*","*","1"
"090120305","","09","Ciudad de Mexico","CDMX","012","Tlalpan","0305","Lienzo Charro Pepe Castro","R","19°11´44.644"N","099°12´11.051"W","19.19573400","-99.20307000","3048","E14A49","3","*","*","1"
"090120306","","09","Ciudad de Mexico","CDMX","012","Tlalpan","0306","Tres Vientos","R","19°11´03.098"N","099°13´10.247"W","19.18419400","-99.21951200","3303","E14A49","0","0","0","0"
"090120310","","09","Ciudad de Mexico","CDMX","012","Tlalpan","0310","Camino a la Venta","R","19°13´11.651"N","099°11´39.006"W","19.21990200","-99.19416800","2833","E14A49","51","26","25","10"
"090120311","","09","Ciudad de Mexico","CDMX","012","Tlalpan","0311","La Monera","R","19°14´14.562"N","099°11´20.710"W","19.23737800","-99.18908600","2752","E14A49","15","9","6","5"
"090120316","","09","Ciudad de Mexico","CDMX","012","Tlalpan","0316","Huiquilahua","R","19°11´51.291"N","099°11´01.469"W","19.19758100","-99.18374100","2886","E14A49","3","*","*","1"
"090120317","","09","Ciudad de Mexico","CDMX","012","Tlalpan","0317","El Tianguillo","R","19°13´38.944"N","099°15´07.541"W","19.22748400","-99.25209500","3164","E14A49","5","3","2","3"
"090120318","","09","Ciudad de Mexico","CDMX","012","Tlalpan","0318","Criadero Kodik","R","19°13´27.337"N","099°14´19.391"W","19.22426000","-99.23871900","3102","E14A49","0","0","0","0"
"090120319","","09","Ciudad de Mexico","CDMX","012","Tlalpan","0319","Popotenco","R","19°11´14.109"N","099°09´45.254"W","19.18725200","-99.16257100","2808","E14A49","20","9","11","6"
"090120321","","09","Ciudad de Mexico","CDMX","012","Tlalpan","0321","Las Canteras","R","19°12´51.591"N","099°09´06.168"W","19.21433100","-99.15171300","2753","E14A49","0","0","0","0"
"090120325","","09","Ciudad de Mexico","CDMX","012","Tlalpan","0325","Planta Abasolo","R","19°14´01.453"N","099°11´38.126"W","19.23373700","-99.19392400","2784","E14A49","93","42","51","24"
"090120326","Baja","09","Ciudad de Mexico","CDMX","012","Tlalpan","0326","Cuauhtenco","R","19°13´06.967"N","099°09´00.337"W","19.21860100","-99.15009400","2721","E14A49","10","4","6","3"
"090120327","","09","Ciudad de Mexico","CDMX","012","Tlalpan","0327","Tepozan [Parque Ecoturistico]","R","19°15´25.143"N","099°14´25.599"W","19.25698400","-99.24044400","2879","E14A39","2","*","*","2"
"090120328","","09","Ciudad de Mexico","CDMX","012","Tlalpan","0328","Ejidos de San Andres Totoltepec","R","19°15´13.470"N","099°13´44.931"W","19.25374200","-99.22914700","2906","E14A39","384","195","189","108"
"090120330","","09","Ciudad de Mexico","CDMX","012","Tlalpan","0330","area de los Venados (La SIREFA)","R","19°14´48.555"N","099°11´59.766"W","19.24682100","-99.19993500","2841","E14A49","3","*","*","1"
"090120333","","09","Ciudad de Mexico","CDMX","012","Tlalpan","0333","Prolongacion Acueducto","R","19°11´56.763"N","099°12´17.971"W","19.19910100","-99.20499200","3046","E14A49","20","10","10","6"
"090120334","","09","Ciudad de Mexico","CDMX","012","Tlalpan","0334","Granja los Pinos","R","19°12´34.701"N","099°13´22.991"W","19.20963900","-99.22305200","3056","E14A49","0","0","0","0"
"090120335","","09","Ciudad de Mexico","CDMX","012","Tlalpan","0335","Rancho el Tordi...yo","R","19°12´21.525"N","099°14´15.364"W","19.20597900","-99.23760100","3225","E14A49","7","*","*","1"
"090120337","Baja","09","Ciudad de Mexico","CDMX","012","Tlalpan","0337","Rancho Yamel","R","19°13´06.391"N","099°13´29.834"W","19.21844100","-99.22495300","3095","E14A49","10","*","*","2"
"090120339","","09","Ciudad de Mexico","CDMX","012","Tlalpan","0339","El Oyamel","R","19°13´49.320"N","099°14´31.441"W","19.23036600","-99.24206700","3033","E14A49","7","3","4","3"
"090120340","","09","Ciudad de Mexico","CDMX","012","Tlalpan","0340","Rancho Tres Hermanos","R","19°11´23.041"N","099°13´34.842"W","19.18973300","-99.22634400","3414","E14A49","6","*","*","1"
"090120341","","09","Ciudad de Mexico","CDMX","012","Tlalpan","0341","Las Cruces","R","19°11´44.629"N","099°13´46.228"W","19.19573000","-99.22950700","3300","E14A49","2","*","*","1"
"090120342","","09","Ciudad de Mexico","CDMX","012","Tlalpan","0342","Rancho Matamoros","R","19°11´55.392"N","099°13´56.338"W","19.19872000","-99.23231500","3280","E14A49","10","6","4","3"
"090120343","","09","Ciudad de Mexico","CDMX","012","Tlalpan","0343","Rancho Valentina","R","19°11´59.260"N","099°13´58.387"W","19.19979400","-99.23288500","3274","E14A49","5","*","*","1"
"090120345","","09","Ciudad de Mexico","CDMX","012","Tlalpan","0345","Ermita Ajusco","R","19°12´14.067"N","099°12´20.346"W","19.20390800","-99.20565200","2999","E14A49","0","0","0","0"
"090120346","","09","Ciudad de Mexico","CDMX","012","Tlalpan","0346","Tepehuaxotla (Prolongacion Piramide)","R","19°12´29.322"N","099°12´29.171"W","19.20814500","-99.20810300","2970","E14A49","156","71","85","39"
"090120347","","09","Ciudad de Mexico","CDMX","012","Tlalpan","0347","Las Calaveras (Doña Cristy)","R","19°12´33.088"N","099°12´08.664"W","19.20919100","-99.20240700","2881","E14A49","5","*","*","1"
"090120350","","09","Ciudad de Mexico","CDMX","012","Tlalpan","0350","Los Tlapancos","R","19°12´16.271"N","099°11´30.492"W","19.20452000","-99.19180300","2870","E14A49","108","61","47","31"
"090120351","","09","Ciudad de Mexico","CDMX","012","Tlalpan","0351","Carretera al Ajusco II","R","19°13´56.038"N","099°11´31.425"W","19.23223200","-99.19206200","2793","E14A49","128","63","65","28"
"090120352","","09","Ciudad de Mexico","CDMX","012","Tlalpan","0352","Las Ventas","R","19°13´04.563"N","099°09´17.488"W","19.21793400","-99.15485800","2819","E14A49","0","0","0","0"
"090120353","","09","Ciudad de Mexico","CDMX","012","Tlalpan","0353","Camino Antiguo a Cuernavaca","R","19°10´50.986"N","099°09´10.875"W","19.18082900","-99.15302100","2767","E14A49","8","*","*","2"
"090120354","","09","Ciudad de Mexico","CDMX","012","Tlalpan","0354","Acazacatongo","R","19°12´11.994"N","099°12´33.249"W","19.20333200","-99.20923600","3056","E14A49","86","42","44","27"
"090120355","","09","Ciudad de Mexico","CDMX","012","Tlalpan","0355","Acueducto 1ra. Seccion","R","19°12´22.024"N","099°12´46.449"W","19.20611800","-99.21290300","3050","E14A49","35","17","18","15"
"090120356","","09","Ciudad de Mexico","CDMX","012","Tlalpan","0356","El Campo","R","19°14´35.866"N","099°11´47.948"W","19.24329600","-99.19665200","2769","E14A49","8","5","3","3"
"090120357","","09","Ciudad de Mexico","CDMX","012","Tlalpan","0357","Cuatzontle","R","19°14´29.224"N","099°11´55.576"W","19.24145100","-99.19877100","2816","E14A49","34","20","14","7"
"090120358","","09","Ciudad de Mexico","CDMX","012","Tlalpan","0358","El Arcoiris","R","19°12´30.708"N","099°12´48.024"W","19.20853000","-99.21334000","3015","E14A49","190","95","95","49"
"090120359","","09","Ciudad de Mexico","CDMX","012","Tlalpan","0359","Tixtapaltongo (Loma de Ahuayoto)","R","19°12´06.765"N","099°12´44.077"W","19.20187900","-99.21224400","3127","E14A49","6","2","4","3"
"090120360","","09","Ciudad de Mexico","CDMX","012","Tlalpan","0360","Rancho Ahuayoto","R","19°12´18.790"N","099°12´53.019"W","19.20521900","-99.21472800","3080","E14A49","10","4","6","3"
"090120361","","09","Ciudad de Mexico","CDMX","012","Tlalpan","0361","Oyametonco","R","19°12´07.891"N","099°13´19.357"W","19.20219200","-99.22204300","3188","E14A49","12","5","7","4"
"090120362","","09","Ciudad de Mexico","CDMX","012","Tlalpan","0362","Cansacaballos","R","19°12´07.976"N","099°13´28.949"W","19.20221600","-99.22470700","3196","E14A49","1","*","*","1"
"090120363","","09","Ciudad de Mexico","CDMX","012","Tlalpan","0363","Los Arcos","R","19°11´38.629"N","099°14´02.652"W","19.19406300","-99.23407000","3337","E14A49","0","0","0","0"
"090120364","","09","Ciudad de Mexico","CDMX","012","Tlalpan","0364","Bellavista","R","19°11´46.027"N","099°14´05.662"W","19.19611800","-99.23490600","3335","E14A49","6","*","*","1"
"090120365","","09","Ciudad de Mexico","CDMX","012","Tlalpan","0365","Ojo de Agua","R","19°11´54.395"N","099°14´22.746"W","19.19844300","-99.23965100","3376","E14A49","4","*","*","1"
"090120368","","09","Ciudad de Mexico","CDMX","012","Tlalpan","0368","Tepelancoxtla","R","19°11´25.061"N","099°10´50.919"W","19.19029400","-99.18081000","2943","E14A49","3","*","*","2"
"090120371","","09","Ciudad de Mexico","CDMX","012","Tlalpan","0371","San Agustin","R","19°12´19.548"N","099°12´11.341"W","19.20543000","-99.20315000","2946","E14A49","3","*","*","1"
"090120373","","09","Ciudad de Mexico","CDMX","012","Tlalpan","0373","Ixpancolohuia","R","19°11´04.046"N","099°10´02.874"W","19.18445700","-99.16746400","2884","E14A49","43","20","23","12"
"090120374","Baja","09","Ciudad de Mexico","CDMX","012","Tlalpan","0374","Paraje Tlalmenelolpa","R","19°11´31.362"N","099°10´14.623"W","19.19204500","-99.17072800","2862","E14A49","89","35","54","26"
"090120376","","09","Ciudad de Mexico","CDMX","012","Tlalpan","0376","Teteocotla","R","19°10´50.885"N","099°09´39.276"W","19.18080100","-99.16091000","2858","E14A49","234","122","112","65"
"090120377","","09","Ciudad de Mexico","CDMX","012","Tlalpan","0377","Paraje el Tezontle Acopiaxco","R","19°07´29.480"N","099°10´01.780"W","19.12485500","-99.16716000","3101","E14A49","6","*","*","2"
"090120378","","09","Ciudad de Mexico","CDMX","012","Tlalpan","0378","Rancho Viejo","R","19°15´34.909"N","099°14´40.005"W","19.25969700","-99.24444600","2841","E14A39","43","26","17","8"
"090120379","","09","Ciudad de Mexico","CDMX","012","Tlalpan","0379","Paraje el Negro","R","19°15´57.992"N","099°14´43.712"W","19.26610900","-99.24547500","2761","E14A39","6","*","*","1"
"090120381","","09","Ciudad de Mexico","CDMX","012","Tlalpan","0381","Ololica (Loloigque)","R","19°13´00.258"N","099°10´16.515"W","19.21673800","-99.17125400","2920","E14A49","126","62","64","28"
"090120383","","09","Ciudad de Mexico","CDMX","012","Tlalpan","0383","Tepacheras (Kilometro 31)","R","19°11´44.113"N","099°10´00.285"W","19.19558700","-99.16674500","2802","E14A49","89","47","42","27"
"090120387","","09","Ciudad de Mexico","CDMX","012","Tlalpan","0387","La Glorieta","R","19°07´29.002"N","099°10´34.839"W","19.12472200","-99.17634400","3028","E14A49","0","0","0","0"
"090120388","","09","Ciudad de Mexico","CDMX","012","Tlalpan","0388","Paraje Altavista","R","19°07´15.572"N","099°10´38.466"W","19.12099200","-99.17735100","3049","E14A49","0","0","0","0"
"090120389","","09","Ciudad de Mexico","CDMX","012","Tlalpan","0389","La Loma","R","19°09´44.479"N","099°08´31.926"W","19.16235500","-99.14220100","2888","E14A49","6","*","*","2"
"090120390","","09","Ciudad de Mexico","CDMX","012","Tlalpan","0390","La Reja","R","19°10´14.876"N","099°08´33.749"W","19.17079800","-99.14270800","2821","E14A49","50","28","22","15"
"090120391","Baja","09","Ciudad de Mexico","CDMX","012","Tlalpan","0391","Popocotla","R","19°11´02.793"N","099°09´30.319"W","19.18410900","-99.15842200","2785","E14A49","43","23","20","10"
"090120392","","09","Ciudad de Mexico","CDMX","012","Tlalpan","0392","Colonia Cuauhtenco (Kilometro 27)","R","19°13´04.103"N","099°08´51.130"W","19.21780600","-99.14753600","2690","E14A49","43","24","19","10"
"090120393","","09","Ciudad de Mexico","CDMX","012","Tlalpan","0393","Kilometro 28 Sur","R","19°12´44.819"N","099°09´06.450"W","19.21245000","-99.15179200","2753","E14A49","311","151","160","84"
"090120394","","09","Ciudad de Mexico","CDMX","012","Tlalpan","0394","Paraje Buenavista","R","19°12´38.918"N","099°08´43.519"W","19.21081100","-99.14542200","2809","E14A49","160","80","80","36"
"090120395","Baja","09","Ciudad de Mexico","CDMX","012","Tlalpan","0395","Los Encinos [Rancho]","R","19°12´57.612"N","099°08´36.766"W","19.21600300","-99.14354600","2660","E14A49","10","*","*","2"
"090120396","","09","Ciudad de Mexico","CDMX","012","Tlalpan","0396","Tezontitla","R","19°12´33.507"N","099°08´58.657"W","19.20930800","-99.14962700","2756","E14A49","853","424","429","216"
"090120397","Baja","09","Ciudad de Mexico","CDMX","012","Tlalpan","0397","Xictontle [Campamento Forestal]","R","19°14´45.259"N","099°13´39.382"W","19.24590500","-99.22760500","3040","E14A49","0","0","0","0"
"090120398","","09","Ciudad de Mexico","CDMX","012","Tlalpan","0398","Rancho Teo","R","19°11´34.016"N","099°13´38.105"W","19.19278200","-99.22725100","3390","E14A49","6","*","*","1"
"090120399","","09","Ciudad de Mexico","CDMX","012","Tlalpan","0399","Piedra Suelta","R","19°13´26.257"N","099°13´52.454"W","19.22396000","-99.23123700","2984","E14A49","241","114","127","70"
"090120400","","09","Ciudad de Mexico","CDMX","012","Tlalpan","0400","El Cristal","R","19°11´16.670"N","099°13´23.188"W","19.18796400","-99.22310700","3367","E14A49","0","0","0","0"
"090120401","","09","Ciudad de Mexico","CDMX","012","Tlalpan","0401","El Retiro","R","19°11´21.192"N","099°13´25.419"W","19.18922000","-99.22372700","3375","E14A49","5","*","*","1"
"090120402","","09","Ciudad de Mexico","CDMX","012","Tlalpan","0402","La Nube","R","19°11´21.530"N","099°13´47.073"W","19.18931400","-99.22974200","3491","E14A49","0","0","0","0"
"090120403","","09","Ciudad de Mexico","CDMX","012","Tlalpan","0403","Las Castañas","R","19°11´36.833"N","099°13´14.905"W","19.19356400","-99.22080600","3317","E14A49","3","*","*","1"
"090120404","","09","Ciudad de Mexico","CDMX","012","Tlalpan","0404","San Carlos","R","19°11´49.482"N","099°13´37.217"W","19.19707800","-99.22700400","3285","E14A49","1","*","*","1"
"090120405","Baja","09","Ciudad de Mexico","CDMX","012","Tlalpan","0405","Rancho Chato","R","19°11´48.264"N","099°13´39.451"W","19.19674000","-99.22762500","3286","E14A49","1","*","*","1"
"090120406","","09","Ciudad de Mexico","CDMX","012","Tlalpan","0406","El Capricho","R","19°11´26.308"N","099°14´00.510"W","19.19064100","-99.23347500","3362","E14A49","2","*","*","1"
"090120407","","09","Ciudad de Mexico","CDMX","012","Tlalpan","0407","El Sillar","R","19°11´11.080"N","099°13´00.102"W","19.18641100","-99.21669400","3287","E14A49","5","*","*","1"
"090120408","","09","Ciudad de Mexico","CDMX","012","Tlalpan","0408","La Quinta Estacion","R","19°11´06.585"N","099°13´06.426"W","19.18516200","-99.21845100","3293","E14A49","0","0","0","0"
"090120409","","09","Ciudad de Mexico","CDMX","012","Tlalpan","0409","Rancho Nevado","R","19°12´03.100"N","099°14´00.600"W","19.20086100","-99.23350000","3260","E14A49","8","*","*","1"
"090120410","Baja","09","Ciudad de Mexico","CDMX","012","Tlalpan","0410","La Soledad","R","19°12´16.117"N","099°13´29.857"W","19.20447700","-99.22496000","3151","E14A49","10","7","3","3"
"090120411","","09","Ciudad de Mexico","CDMX","012","Tlalpan","0411","Arenitas","R","19°10´15.207"N","099°14´45.067"W","19.17089000","-99.24585200","3239","E14A49","0","0","0","0"
"090120412","","09","Ciudad de Mexico","CDMX","012","Tlalpan","0412","Las Tinajas","R","19°11´35.057"N","099°15´07.481"W","19.19307100","-99.25207800","3317","E14A49","0","0","0","0"
"090120413","Baja","09","Ciudad de Mexico","CDMX","012","Tlalpan","0413","El Arco Amarillo","R","19°11´14.188"N","099°11´10.700"W","19.18727400","-99.18630500","3020","E14A49","4","*","*","2"
"090120414","","09","Ciudad de Mexico","CDMX","012","Tlalpan","0414","El Guardita","R","19°12´22.476"N","099°11´51.433"W","19.20624300","-99.19762000","2870","E14A49","3","*","*","1"
"090120415","","09","Ciudad de Mexico","CDMX","012","Tlalpan","0415","El Capricho","R","19°10´34.375"N","099°10´10.782"W","19.17621500","-99.16966100","2977","E14A49","9","*","*","1"
"090120416","","09","Ciudad de Mexico","CDMX","012","Tlalpan","0416","Tlayelpa","R","19°11´22.383"N","099°09´06.321"W","19.18955100","-99.15175600","2702","E14A49","106","53","53","25"
"090120417","","09","Ciudad de Mexico","CDMX","012","Tlalpan","0417","Autriquie","R","19°12´07.989"N","099°12´26.473"W","19.20221900","-99.20735400","3054","E14A49","4","*","*","2"
"090120418","","09","Ciudad de Mexico","CDMX","012","Tlalpan","0418","Cebadillas","R","19°11´57.645"N","099°09´57.773"W","19.19934600","-99.16604800","2779","E14A49","54","28","26","11"
"090120419","","09","Ciudad de Mexico","CDMX","012","Tlalpan","0419","Rancho Mac","R","19°11´50.658"N","099°14´12.032"W","19.19740500","-99.23667500","3355","E14A49","1","*","*","1"
"090120420","","09","Ciudad de Mexico","CDMX","012","Tlalpan","0420","El Salitrillo","R","19°10´36.528"N","099°08´47.255"W","19.17681300","-99.14645900","2798","E14A49","40","22","18","9"
"090120421","","09","Ciudad de Mexico","CDMX","012","Tlalpan","0421","El Encanto","R","19°11´12.144"N","099°13´15.161"W","19.18670600","-99.22087700","3354","E14A49","3","*","*","1"
"090120422","","09","Ciudad de Mexico","CDMX","012","Tlalpan","0422","Xoxoctongo","R","19°12´31.701"N","099°12´40.681"W","19.20880600","-99.21130000","2992","E14A49","41","21","20","11"
"090120423","","09","Ciudad de Mexico","CDMX","012","Tlalpan","0423","La Huerta","R","19°07´51.289"N","099°10´06.850"W","19.13091300","-99.16856900","3032","E14A49","24","13","11","8"
"090120424","","09","Ciudad de Mexico","CDMX","012","Tlalpan","0424","El Lider","R","19°13´21.744"N","099°13´30.145"W","19.22270600","-99.22504000","2991","E14A49","4","*","*","1"
"090120425","","09","Ciudad de Mexico","CDMX","012","Tlalpan","0425","Los Trementineros","R","19°15´27.276"N","099°14´36.463"W","19.25757700","-99.24346200","2888","E14A39","0","0","0","0"
"090120426","","09","Ciudad de Mexico","CDMX","012","Tlalpan","0426","Pedregal del Xitle","R","19°14´23.353"N","099°13´09.766"W","19.23982000","-99.21937900","2960","E14A49","35","17","18","11"
"090120427","","09","Ciudad de Mexico","CDMX","012","Tlalpan","0427","Santa Ana","R","19°13´02.757"N","099°09´55.940"W","19.21743200","-99.16553900","2890","E14A49","69","44","25","20"
"090120428","","09","Ciudad de Mexico","CDMX","012","Tlalpan","0428","Tlapexco","R","19°12´49.900"N","099°13´39.702"W","19.21386100","-99.22769400","3127","E14A49","4","*","*","2"
"090120429","","09","Ciudad de Mexico","CDMX","012","Tlalpan","0429","El Resumidero","R","19°15´49.341"N","099°14´20.260"W","19.26370600","-99.23896100","2811","E14A39","172","91","81","68"
"090120430","","09","Ciudad de Mexico","CDMX","012","Tlalpan","0430","Zamora","R","19°13´02.521"N","099°13´47.430"W","19.21736600","-99.22984100","3053","E14A49","10","4","6","3"
"090120431","","09","Ciudad de Mexico","CDMX","012","Tlalpan","0431","Acanceh","R","19°12´11.988"N","099°12´50.951"W","19.20333000","-99.21415300","3125","E14A49","4","*","*","2"
"090120432","","09","Ciudad de Mexico","CDMX","012","Tlalpan","0432","Majadatonco","R","19°11´42.425"N","099°12´12.256"W","19.19511800","-99.20340400","3061","E14A49","6","*","*","2"
"090120433","","09","Ciudad de Mexico","CDMX","012","Tlalpan","0433","Rancho Tequila","R","19°11´36.924"N","099°14´03.452"W","19.19359000","-99.23429200","3340","E14A49","2","*","*","1"
"090120434","Baja","09","Ciudad de Mexico","CDMX","012","Tlalpan","0434","La Loma","R","19°12´54.346"N","099°13´36.797"W","19.21509600","-99.22688700","3115","E14A49","4","*","*","2"
"090120435","","09","Ciudad de Mexico","CDMX","012","Tlalpan","0435","La Manga Lagunitas","R","19°10´21.533"N","099°16´03.147"W","19.17264700","-99.26754000","3220","E14A49","1","*","*","1"
"090120436","","09","Ciudad de Mexico","CDMX","012","Tlalpan","0436","Xililimoco","R","19°12´21.574"N","099°10´11.263"W","19.20599300","-99.16979500","2849","E14A49","141","57","84","40"
"090120437","","09","Ciudad de Mexico","CDMX","012","Tlalpan","0437","Tierra Blanca","R","19°10´39.465"N","099°13´57.266"W","19.17762900","-99.23257300","3289","E14A49","5","*","*","1"
"090120438","","09","Ciudad de Mexico","CDMX","012","Tlalpan","0438","Ejido de San Miguel Xicalco","R","19°13´38.117"N","099°11´32.603"W","19.22725400","-99.19238900","2833","E14A49","19","11","8","7"
"090120439","","09","Ciudad de Mexico","CDMX","012","Tlalpan","0439","La Joyita","R","19°11´38.850"N","099°07´58.466"W","19.19412500","-99.13290700","2636","E14A49","111","55","56","31"
"090120440","","09","Ciudad de Mexico","CDMX","012","Tlalpan","0440","Ayopa","R","19°11´50.399"N","099°08´05.164"W","19.19733300","-99.13476700","2627","E14A49","91","42","49","23"
"090130001","","09","Ciudad de Mexico","CDMX","013","Xochimilco","0001","Xochimilco","U","19°15´48.463"N","099°06´17.688"W","19.26346200","-99.10491300","2237","E14A39","429481","209088","220393","113806"
"090130091","","09","Ciudad de Mexico","CDMX","013","Xochimilco","0091","Tepemimilco","R","19°13´33.945"N","099°07´26.164"W","19.22609500","-99.12393400","2367","E14A49","156","73","83","43"
"090130096","","09","Ciudad de Mexico","CDMX","013","Xochimilco","0096","Ixotitla","R","19°14´13.980"N","099°03´25.182"W","19.23721600","-99.05699500","2350","E14A49","204","105","99","57"
"090130111","","09","Ciudad de Mexico","CDMX","013","Xochimilco","0111","Paraje Lila (El Ladrillo)","R","19°15´44.344"N","099°04´41.258"W","19.26231800","-99.07812700","2233","E14A39","30","12","18","8"
"090130112","","09","Ciudad de Mexico","CDMX","013","Xochimilco","0112","Paraje Texhuilo","R","19°15´59.228"N","099°05´20.590"W","19.26645200","-99.08905200","2232","E14A39","2","*","*","1"
"090130113","","09","Ciudad de Mexico","CDMX","013","Xochimilco","0113","Zacapa","R","19°15´30.242"N","099°03´24.863"W","19.25840100","-99.05690600","2235","E14A39","10","2","8","3"
"090130118","","09","Ciudad de Mexico","CDMX","013","Xochimilco","0118","Barrio San Antonio (Cruz Monte)","R","19°14´42.259"N","099°02´02.768"W","19.24507200","-99.03410200","2399","E14A49","279","151","128","65"
"090130131","","09","Ciudad de Mexico","CDMX","013","Xochimilco","0131","Tepepan","R","19°13´29.448"N","099°08´03.029"W","19.22484600","-99.13417400","2554","E14A49","0","0","0","0"
"090130134","","09","Ciudad de Mexico","CDMX","013","Xochimilco","0134","Ampliacion Chalmita","R","19°14´02.726"N","099°02´58.346"W","19.23409000","-99.04954000","2426","E14A49","613","293","320","159"
"090130135","","09","Ciudad de Mexico","CDMX","013","Xochimilco","0135","El Mirador (Tetexaloca)","R","19°13´12.759"N","099°08´55.225"W","19.22021000","-99.14867300","2699","E14A49","6","*","*","2"
"090130136","","09","Ciudad de Mexico","CDMX","013","Xochimilco","0136","Tepexomulco","R","19°13´53.080"N","099°07´52.743"W","19.23141000","-99.13131700","2365","E14A49","555","273","282","129"
"090130137","","09","Ciudad de Mexico","CDMX","013","Xochimilco","0137","Tlachiultepec de Ahuayucan (Las Malvinas)","R","19°12´15.657"N","099°06´07.807"W","19.20434900","-99.10216900","2590","E14A49","270","126","144","68"
"090130138","","09","Ciudad de Mexico","CDMX","013","Xochimilco","0138","Tepetitla (Tlacoxpan)","R","19°14´07.101"N","099°08´31.968"W","19.23530600","-99.14221300","2422","E14A49","102","51","51","23"
"090130139","","09","Ciudad de Mexico","CDMX","013","Xochimilco","0139","Tlacualleli (El Calvario)","R","19°14´32.173"N","099°04´40.560"W","19.24227000","-99.07793300","2311","E14A49","91","42","49","25"
"090130140","","09","Ciudad de Mexico","CDMX","013","Xochimilco","0140","Tlaltepetla (Tehuistitla)","R","19°13´28.258"N","099°06´55.232"W","19.22451500","-99.11534200","2370","E14A49","148","69","79","39"
"090130143","","09","Ciudad de Mexico","CDMX","013","Xochimilco","0143","Tlalatlaco","R","19°13´31.371"N","099°08´37.546"W","19.22538000","-99.14376200","2419","E14A49","105","57","48","26"
"090130146","","09","Ciudad de Mexico","CDMX","013","Xochimilco","0146","Tlatzala (Cuayuca)","R","19°14´10.176"N","099°04´38.567"W","19.23616000","-99.07737900","2421","E14A49","207","105","102","46"
"090130147","","09","Ciudad de Mexico","CDMX","013","Xochimilco","0147","Isla de las Muñecas","R","19°16´22.355"N","099°05´17.134"W","19.27287600","-99.08809200","2232","E14A39","1","*","*","1"
"090130151","","09","Ciudad de Mexico","CDMX","013","Xochimilco","0151","Tepuente","R","19°13´42.141"N","099°09´07.648"W","19.22837200","-99.15212400","2650","E14A49","48","25","23","15"
"090130157","","09","Ciudad de Mexico","CDMX","013","Xochimilco","0157","Tipipili","R","19°14´01.908"N","099°05´04.296"W","19.23386300","-99.08452600","2414","E14A49","709","355","354","195"
"090130160","","09","Ciudad de Mexico","CDMX","013","Xochimilco","0160","Tochuca (San Salvador)","R","19°12´08.435"N","099°06´09.242"W","19.20234300","-99.10256700","2611","E14A49","370","201","169","100"
"090130162","","09","Ciudad de Mexico","CDMX","013","Xochimilco","0162","Pepelaxtla","R","19°13´02.172"N","099°06´45.134"W","19.21726900","-99.11253700","2411","E14A49","343","175","168","84"
"090130163","","09","Ciudad de Mexico","CDMX","013","Xochimilco","0163","Tecacalango","R","19°13´04.335"N","099°06´25.550"W","19.21787000","-99.10709700","2423","E14A49","207","101","106","50"
"090130164","","09","Ciudad de Mexico","CDMX","013","Xochimilco","0164","Tzompole","R","19°12´14.585"N","099°07´03.750"W","19.20405100","-99.11770800","2589","E14A49","39","20","19","10"
"090130165","","09","Ciudad de Mexico","CDMX","013","Xochimilco","0165","Cacalco (Tepextenco)","R","19°11´40.128"N","099°07´29.025"W","19.19448000","-99.12472900","2639","E14A49","18","10","8","4"
"090130168","","09","Ciudad de Mexico","CDMX","013","Xochimilco","0168","Texalco (Joyas de Texalco)","R","19°12´24.097"N","099°06´01.305"W","19.20669400","-99.10036300","2565","E14A49","3","*","*","1"
"090130169","","09","Ciudad de Mexico","CDMX","013","Xochimilco","0169","Apatlaco","R","19°15´52.819"N","099°05´11.613"W","19.26467200","-99.08655900","2233","E14A39","95","48","47","26"
"090130172","","09","Ciudad de Mexico","CDMX","013","Xochimilco","0172","Paraje de la Cienega","R","19°16´52.707"N","099°04´49.507"W","19.28130700","-99.08041800","2235","E14A39","47","26","21","13"
"090130173","","09","Ciudad de Mexico","CDMX","013","Xochimilco","0173","Paraje los Escondidos","R","19°16´39.223"N","099°04´54.635"W","19.27756100","-99.08184200","2233","E14A39","0","0","0","0"
"090130177","","09","Ciudad de Mexico","CDMX","013","Xochimilco","0177","Kilometro 26","R","19°13´24.823"N","099°08´26.953"W","19.22356100","-99.14082000","2471","E14A49","6","*","*","2"
"090130178","","09","Ciudad de Mexico","CDMX","013","Xochimilco","0178","Tlapizatil (Puente de Urrutia)","R","19°15´43.153"N","099°04´22.284"W","19.26198700","-99.07285600","2230","E14A39","176","90","86","50"
"090130180","","09","Ciudad de Mexico","CDMX","013","Xochimilco","0180","Tepexomulco las Rocas","R","19°13´42.729"N","099°08´09.838"W","19.22853500","-99.13606600","2392","E14A49","53","28","25","15"
"090130181","","09","Ciudad de Mexico","CDMX","013","Xochimilco","0181","Ocotitla Tepachuxiac","R","19°13´41.116"N","099°08´30.149"W","19.22808700","-99.14170800","2408","E14A49","271","144","127","64"
"090130182","","09","Ciudad de Mexico","CDMX","013","Xochimilco","0182","Tecuyo","R","19°13´09.657"N","099°08´26.085"W","19.21934900","-99.14057900","2594","E14A49","4","*","*","2"
"090130183","","09","Ciudad de Mexico","CDMX","013","Xochimilco","0183","Hualpalcaltepec","R","19°12´58.316"N","099°08´22.794"W","19.21619900","-99.13966500","2692","E14A49","2","*","*","2"
"090130184","","09","Ciudad de Mexico","CDMX","013","Xochimilco","0184","Atotle","R","19°13´06.541"N","099°06´34.179"W","19.21848300","-99.10949400","2413","E14A49","330","158","172","88"
"090130185","","09","Ciudad de Mexico","CDMX","013","Xochimilco","0185","Los Tejocotes","R","19°12´10.164"N","099°07´06.512"W","19.20282300","-99.11847500","2564","E14A49","31","14","17","8"
"090130187","","09","Ciudad de Mexico","CDMX","013","Xochimilco","0187","Tepepatlaxtle","R","19°12´08.538"N","099°06´40.284"W","19.20237200","-99.11119000","2587","E14A49","162","76","86","41"
"090130190","","09","Ciudad de Mexico","CDMX","013","Xochimilco","0190","Tixculco","R","19°13´21.051"N","099°03´16.400"W","19.22251400","-99.05455600","2401","E14A49","42","23","19","17"
"090130191","","09","Ciudad de Mexico","CDMX","013","Xochimilco","0191","Tecoexcontitla","R","19°12´49.999"N","099°05´06.447"W","19.21388900","-99.08512400","2607","E14A49","263","123","140","76"
"090130192","","09","Ciudad de Mexico","CDMX","013","Xochimilco","0192","Quinta Patricia","R","19°12´45.137"N","099°05´15.068"W","19.21253800","-99.08751900","2602","E14A49","0","0","0","0"
"090130193","","09","Ciudad de Mexico","CDMX","013","Xochimilco","0193","El Potrero (Bosques de la Paz)","R","19°12´44.866"N","099°05´28.680"W","19.21246300","-99.09130000","2554","E14A49","38","18","20","11"
"090130195","","09","Ciudad de Mexico","CDMX","013","Xochimilco","0195","Paraje Tepanyecac","R","19°13´19.612"N","099°03´05.600"W","19.22211400","-99.05155600","2441","E14A49","58","36","22","16"
"090130196","","09","Ciudad de Mexico","CDMX","013","Xochimilco","0196","Tepepula","R","19°13´40.973"N","099°07´32.690"W","19.22804700","-99.12574700","2380","E14A49","48","27","21","12"
"090130197","","09","Ciudad de Mexico","CDMX","013","Xochimilco","0197","La Angostura","R","19°15´43.448"N","099°04´31.824"W","19.26206900","-99.07550600","2232","E14A39","21","12","9","7"
"090130198","","09","Ciudad de Mexico","CDMX","013","Xochimilco","0198","Sihuatlixpa","R","19°11´56.346"N","099°06´41.704"W","19.19898500","-99.11158400","2660","E14A49","25","12","13","8"
"090130201","","09","Ciudad de Mexico","CDMX","013","Xochimilco","0201","Cuatixi","R","19°13´36.699"N","099°04´32.454"W","19.22686000","-99.07568100","2492","E14A49","53","29","24","17"
"090130202","","09","Ciudad de Mexico","CDMX","013","Xochimilco","0202","Paraje Zacapa","R","19°13´02.899"N","099°05´21.911"W","19.21747100","-99.08941900","2549","E14A49","865","426","439","236"
"090130203","","09","Ciudad de Mexico","CDMX","013","Xochimilco","0203","Santa Catarina (Piedra Blanca)","R","19°12´51.392"N","099°04´47.661"W","19.21427600","-99.07990500","2612","E14A49","54","28","26","13"
"090130204","","09","Ciudad de Mexico","CDMX","013","Xochimilco","0204","Huepaltepec","R","19°12´54.857"N","099°04´27.811"W","19.21523800","-99.07439100","2570","E14A49","55","28","27","12"
"090130205","","09","Ciudad de Mexico","CDMX","013","Xochimilco","0205","Tecuanatla (Arenal Papanco)","R","19°13´01.176"N","099°06´28.375"W","19.21699300","-99.10788200","2429","E14A49","137","74","63","37"
"090130206","","09","Ciudad de Mexico","CDMX","013","Xochimilco","0206","Tepepecalachico (Inopilco)","R","19°12´39.611"N","099°06´27.205"W","19.21100300","-99.10755700","2509","E14A49","19","11","8","5"
"090130207","","09","Ciudad de Mexico","CDMX","013","Xochimilco","0207","Rancho la Flor","R","19°12´35.252"N","099°06´05.004"W","19.20979200","-99.10139000","2510","E14A49","2","*","*","2"
"090130208","","09","Ciudad de Mexico","CDMX","013","Xochimilco","0208","Los Cedros (Lienzo Charro el Canuto)","R","19°12´29.830"N","099°06´17.430"W","19.20828600","-99.10484200","2547","E14A49","2","*","*","1"
"090130209","","09","Ciudad de Mexico","CDMX","013","Xochimilco","0209","Tepeclite","R","19°12´16.863"N","099°06´21.575"W","19.20468400","-99.10599300","2605","E14A49","40","23","17","12"
"090130210","","09","Ciudad de Mexico","CDMX","013","Xochimilco","0210","Acalipa","R","19°11´30.392"N","099°07´23.644"W","19.19177500","-99.12323400","2689","E14A49","29","16","13","7"
"090130213","","09","Ciudad de Mexico","CDMX","013","Xochimilco","0213","Ampliacion Bugambilias (Nauhtecpan)","R","19°13´55.937"N","099°08´14.889"W","19.23220400","-99.13746900","2388","E14A49","128","64","64","31"
"090130214","","09","Ciudad de Mexico","CDMX","013","Xochimilco","0214","Tepeyecac (El Arenal)","R","19°13´49.245"N","099°07´31.470"W","19.23034500","-99.12540800","2362","E14A49","139","70","69","43"
"090130215","","09","Ciudad de Mexico","CDMX","013","Xochimilco","0215","Tepexomulco (Kilometro 27.8)","R","19°13´36.279"N","099°07´47.374"W","19.22674400","-99.12982500","2515","E14A49","12","6","6","4"
"090130218","","09","Ciudad de Mexico","CDMX","013","Xochimilco","0218","Ixcuicuilco","R","19°13´15.686"N","099°07´02.437"W","19.22102300","-99.11734300","2382","E14A49","43","21","22","12"
"090130224","","09","Ciudad de Mexico","CDMX","013","Xochimilco","0224","Corralon Policia Federal de Caminos","R","19°14´12.707"N","099°03´16.351"W","19.23686300","-99.05454200","2323","E14A49","14","9","5","3"
"090130226","","09","Ciudad de Mexico","CDMX","013","Xochimilco","0226","Cocopalcuautla","R","19°13´16.411"N","099°02´46.345"W","19.22122500","-99.04620700","2491","E14A49","71","37","34","20"
"090130231","","09","Ciudad de Mexico","CDMX","013","Xochimilco","0231","Tecanco","R","19°13´54.548"N","099°04´19.900"W","19.23181800","-99.07219400","2418","E14A49","355","167","188","90"
"090130232","","09","Ciudad de Mexico","CDMX","013","Xochimilco","0232","Atlaxco","R","19°13´59.768"N","099°04´06.886"W","19.23326800","-99.06857900","2359","E14A49","123","60","63","38"
"090130234","","09","Ciudad de Mexico","CDMX","013","Xochimilco","0234","Barrio Nochicala","R","19°14´41.385"N","099°02´22.943"W","19.24482900","-99.03970600","2379","E14A49","179","82","97","71"
"090130236","","09","Ciudad de Mexico","CDMX","013","Xochimilco","0236","Camino Real a San Pedro","R","19°14´01.037"N","099°03´18.810"W","19.23362100","-99.05522500","2349","E14A49","151","69","82","33"
"090130237","","09","Ciudad de Mexico","CDMX","013","Xochimilco","0237","El Cedral","R","19°12´57.745"N","099°07´04.545"W","19.21604000","-99.11792900","2400","E14A49","28","15","13","7"
"090130238","","09","Ciudad de Mexico","CDMX","013","Xochimilco","0238","La Espejera","R","19°15´44.832"N","099°03´24.945"W","19.26245300","-99.05692900","2228","E14A39","40","23","17","9"
"090130239","","09","Ciudad de Mexico","CDMX","013","Xochimilco","0239","Ahuatitla (Texcopaxuli)","R","19°13´52.973"N","099°03´15.298"W","19.23138100","-99.05424900","2368","E14A49","232","124","108","57"
"090130242","","09","Ciudad de Mexico","CDMX","013","Xochimilco","0242","Atenco (Tlaquilpa)","R","19°15´23.200"N","099°03´17.623"W","19.25644400","-99.05489500","2233","E14A39","47","26","21","15"
"090130243","","09","Ciudad de Mexico","CDMX","013","Xochimilco","0243","Naxayopa","R","19°15´32.060"N","099°03´32.479"W","19.25890600","-99.05902200","2235","E14A39","227","112","115","53"
"090130244","","09","Ciudad de Mexico","CDMX","013","Xochimilco","0244","Coapantitla","R","19°15´24.745"N","099°03´24.033"W","19.25687400","-99.05667600","2233","E14A39","62","33","29","12"
"090130245","","09","Ciudad de Mexico","CDMX","013","Xochimilco","0245","San Martin","R","19°13´55.765"N","099°04´40.511"W","19.23215600","-99.07791900","2432","E14A49","8","*","*","2"
"090130246","","09","Ciudad de Mexico","CDMX","013","Xochimilco","0246","Francisco Villa (Tepejoyuca)","R","19°13´24.803"N","099°04´38.468"W","19.22355600","-99.07735200","2497","E14A49","27","19","8","6"
"090130247","","09","Ciudad de Mexico","CDMX","013","Xochimilco","0247","Tecaxi","R","19°13´34.827"N","099°08´17.328"W","19.22634000","-99.13814600","2400","E14A49","8","*","*","2"
"090130249","","09","Ciudad de Mexico","CDMX","013","Xochimilco","0249","Chililico","R","19°15´55.136"N","099°05´30.230"W","19.26531600","-99.09173000","2233","E14A39","113","56","57","29"
"090130251","","09","Ciudad de Mexico","CDMX","013","Xochimilco","0251","Camino al Panteon (Las Cruces)","R","19°13´17.824"N","099°07´38.581"W","19.22161700","-99.12738300","2453","E14A49","54","29","25","12"
"090130252","","09","Ciudad de Mexico","CDMX","013","Xochimilco","0252","Texopantitla (Chocolines)","R","19°14´35.639"N","099°08´06.820"W","19.24323300","-99.13522700","2358","E14A49","182","82","100","54"
"090130253","","09","Ciudad de Mexico","CDMX","013","Xochimilco","0253","Ilimunxutitla","R","19°11´32.103"N","099°06´30.807"W","19.19225100","-99.10855800","2763","E14A49","71","31","40","19"
"090130254","","09","Ciudad de Mexico","CDMX","013","Xochimilco","0254","Tlacomulco (Kilometro 25.5)","R","19°13´30.243"N","099°08´45.163"W","19.22506700","-99.14587800","2434","E14A49","0","0","0","0"
"090130256","","09","Ciudad de Mexico","CDMX","013","Xochimilco","0256","La Cienega","R","19°16´06.950"N","099°04´19.709"W","19.26859700","-99.07214100","2230","E14A39","4","*","*","1"
"090130257","","09","Ciudad de Mexico","CDMX","013","Xochimilco","0257","Los Pinos (Tecacahuaco)","R","19°14´07.119"N","099°08´24.324"W","19.23531100","-99.14009000","2402","E14A49","341","181","160","88"
"090130258","","09","Ciudad de Mexico","CDMX","013","Xochimilco","0258","Temamatla","R","19°14´09.338"N","099°08´15.966"W","19.23592700","-99.13776800","2388","E14A49","168","88","80","38"
"090130261","","09","Ciudad de Mexico","CDMX","013","Xochimilco","0261","Milahuaytitla","R","19°14´25.833"N","099°02´57.312"W","19.24050900","-99.04925300","2379","E14A49","36","19","17","10"
"090130262","","09","Ciudad de Mexico","CDMX","013","Xochimilco","0262","Nochicala (Pajaritos)","R","19°14´31.277"N","099°02´15.485"W","19.24202100","-99.03763400","2440","E14A49","44","22","22","18"
"090130263","","09","Ciudad de Mexico","CDMX","013","Xochimilco","0263","San Juan Diego (Matlacuaitla)","R","19°14´35.392"N","099°02´39.800"W","19.24316400","-99.04438900","2372","E14A49","62","23","39","21"
"090130264","","09","Ciudad de Mexico","CDMX","013","Xochimilco","0264","Paraje Tlahuiteco","R","19°11´31.420"N","099°07´20.106"W","19.19206100","-99.12225100","2692","E14A49","25","13","12","7"
"090130265","","09","Ciudad de Mexico","CDMX","013","Xochimilco","0265","Moyocalco","R","19°14´59.210"N","099°08´06.932"W","19.24978000","-99.13525900","2300","E14A49","183","85","98","51"
"090130266","","09","Ciudad de Mexico","CDMX","013","Xochimilco","0266","Cuahuticultitla","R","19°13´46.079"N","099°08´30.858"W","19.22946600","-99.14190500","2410","E14A49","135","64","71","30"
"090130267","","09","Ciudad de Mexico","CDMX","013","Xochimilco","0267","Tizilingo","R","19°14´17.000"N","099°05´00.317"W","19.23805500","-99.08342100","2404","E14A49","225","119","106","66"
"090130269","","09","Ciudad de Mexico","CDMX","013","Xochimilco","0269","Bosques de la Paz","R","19°13´55.379"N","099°04´30.838"W","19.23204900","-99.07523200","2425","E14A49","201","98","103","49"
"090130270","","09","Ciudad de Mexico","CDMX","013","Xochimilco","0270","Contlalco","R","19°14´40.550"N","099°07´55.173"W","19.24459700","-99.13199200","2339","E14A49","78","32","46","17"
"090130271","","09","Ciudad de Mexico","CDMX","013","Xochimilco","0271","Tlalmelaca","R","19°15´49.873"N","099°02´14.005"W","19.26385400","-99.03722300","2233","E14A39","116","67","49","28"
"090130273","","09","Ciudad de Mexico","CDMX","013","Xochimilco","0273","Zacazontlipac","R","19°11´49.252"N","099°06´27.275"W","19.19701400","-99.10757600","2671","E14A49","575","283","292","134"
"090130274","","09","Ciudad de Mexico","CDMX","013","Xochimilco","0274","Tepetlatzinco","R","19°13´34.035"N","099°03´28.723"W","19.22612000","-99.05797900","2391","E14A49","12","8","4","5"
"090130275","","09","Ciudad de Mexico","CDMX","013","Xochimilco","0275","El Corazon","R","19°11´55.222"N","099°06´34.869"W","19.19867200","-99.10968600","2660","E14A49","42","24","18","11"
"090130276","","09","Ciudad de Mexico","CDMX","013","Xochimilco","0276","Ocoxochoca","R","19°13´31.919"N","099°08´25.903"W","19.22553200","-99.14052800","2409","E14A49","37","19","18","11"
"090130277","","09","Ciudad de Mexico","CDMX","013","Xochimilco","0277","Texcalatlaco","R","19°14´04.114"N","099°03´07.895"W","19.23447600","-99.05219300","2377","E14A49","32","21","11","12"
"090130278","","09","Ciudad de Mexico","CDMX","013","Xochimilco","0278","Azizicantitla","R","19°13´27.015"N","099°08´33.834"W","19.22417000","-99.14273100","2435","E14A49","95","46","49","25"
"090130279","","09","Ciudad de Mexico","CDMX","013","Xochimilco","0279","Tehuehueyacan","R","19°13´03.362"N","099°03´59.835"W","19.21760000","-99.06662100","2539","E14A49","0","0","0","0"
"090130280","","09","Ciudad de Mexico","CDMX","013","Xochimilco","0280","Duraznotitla (Tlaquilpa)","R","19°15´32.473"N","099°03´11.019"W","19.25902000","-99.05306100","2234","E14A39","10","*","*","2"
"090130281","","09","Ciudad de Mexico","CDMX","013","Xochimilco","0281","Ahuapixititla","R","19°12´31.245"N","099°06´24.936"W","19.20867900","-99.10692700","2540","E14A49","25","16","9","7"
"090130282","","09","Ciudad de Mexico","CDMX","013","Xochimilco","0282","El Corral","R","19°12´28.938"N","099°06´29.620"W","19.20803800","-99.10822800","2545","E14A49","6","4","2","4"
"090130283","","09","Ciudad de Mexico","CDMX","013","Xochimilco","0283","Axomulco","R","19°13´12.255"N","099°03´59.493"W","19.22007000","-99.06652600","2520","E14A49","47","27","20","14"
"090130284","","09","Ciudad de Mexico","CDMX","013","Xochimilco","0284","Oquetzalpa","R","19°13´20.773"N","099°07´00.951"W","19.22243600","-99.11693000","2373","E14A49","75","31","44","19"
"090130285","","09","Ciudad de Mexico","CDMX","013","Xochimilco","0285","Texcalpa","R","19°13´30.243"N","099°08´32.057"W","19.22506700","-99.14223800","2421","E14A49","46","23","23","14"
"090130286","","09","Ciudad de Mexico","CDMX","013","Xochimilco","0286","Acapa","R","19°13´21.009"N","099°02´40.583"W","19.22250200","-99.04460600","2516","E14A49","9","4","5","4"
"090130287","","09","Ciudad de Mexico","CDMX","013","Xochimilco","0287","Ototzingo (Acuario)","R","19°15´22.165"N","099°03´07.367"W","19.25615700","-99.05204600","2233","E14A39","33","17","16","9"
"090130288","","09","Ciudad de Mexico","CDMX","013","Xochimilco","0288","Tlalmenalqui","R","19°15´37.368"N","099°03´23.841"W","19.26038000","-99.05662300","2232","E14A39","7","*","*","2"
"090130289","","09","Ciudad de Mexico","CDMX","013","Xochimilco","0289","Zacatongo","R","19°11´40.753"N","099°07´46.441"W","19.19465300","-99.12956600","2630","E14A49","45","25","20","12"
"090130290","","09","Ciudad de Mexico","CDMX","013","Xochimilco","0290","Ampliacion Tlapanoya Baja","R","19°14´28.019"N","099°08´03.756"W","19.24111600","-99.13437600","2370","E14A49","60","31","29","20"
"090130291","","09","Ciudad de Mexico","CDMX","013","Xochimilco","0291","Ampliacion San Bartolo","R","19°14´06.720"N","099°03´55.344"W","19.23520000","-99.06537300","2393","E14A49","74","40","34","20"
"090130292","","09","Ciudad de Mexico","CDMX","013","Xochimilco","0292","Ampliacion San Martin Caballero","R","19°14´33.713"N","099°03´37.236"W","19.24269800","-99.06034300","2379","E14A49","21","10","11","9"
"090130293","","09","Ciudad de Mexico","CDMX","013","Xochimilco","0293","Techachalictic","R","19°13´00.981"N","099°03´55.432"W","19.21693900","-99.06539800","2557","E14A49","16","9","7","5"
"090130294","","09","Ciudad de Mexico","CDMX","013","Xochimilco","0294","Las Cubetas","R","19°13´28.189"N","099°04´51.573"W","19.22449600","-99.08099200","2491","E14A49","27","15","12","6"
"090130295","","09","Ciudad de Mexico","CDMX","013","Xochimilco","0295","San Sebastian","R","19°15´57.916"N","099°02´22.301"W","19.26608800","-99.03952800","2231","E14A39","27","13","14","8"
"090140001","","09","Ciudad de Mexico","CDMX","014","Benito Juarez","0001","Benito Juarez","U","19°22´19.172"N","099°09´28.272"W","19.37199200","-99.15785300","2238","E14A39","434153","202121","232032","176175"
"090150001","","09","Ciudad de Mexico","CDMX","015","Cuauhtemoc","0001","Cuauhtemoc","U","19°26´29.928"N","099°09´06.781"W","19.44164600","-99.15188400","2230","E14A39","545884","260951","284933","196593"
"090160001","","09","Ciudad de Mexico","CDMX","016","Miguel Hidalgo","0001","Miguel Hidalgo","U","19°24´26.168"N","099°11´26.716"W","19.40726900","-99.19075400","2264","E14A39","414470","195467","219003","146828"
"090170001","","09","Ciudad de Mexico","CDMX","017","Venustiano Carranza","0001","Venustiano Carranza","U","19°25´09.343"N","099°06´49.324"W","19.41926100","-99.11370100","2229","E14A39","443704","210118","233586","135789"
