Diagnostico_transcrito,Diagnostico_estandar,Diagnostico_extendido,Freq,Npartes,Nfalta,IDs,Diagnostico_clasificacion
EsCyP,_CP,craneo pelvis,1,2,1,BO_1976_04982,
HIPsP,_P,pelvis,1,2,1,BO_1976_04735,
AAxHE,AAxHE,anemia por hemorragia,3,1,0,"BO_1975_04592,BO_1978_05076,BO_1978_05382",Causas externas de morbilidad y de mortalidad
AAXHE,AAxHE,anemia por hemorragia,1,1,0,BO_1976_00517,Causas externas de morbilidad y de mortalidad
AAXHE por VP,AAxHE,anemia por hemorragia,1,2,1,BO_1974_00731,Causas externas de morbilidad y de mortalidad
AAxHExPardis,AAxHE,anemia por hemorragia,1,2,1,BO_1978_02937,Causas externas de morbilidad y de mortalidad
AAyHE,AAxHE,anemia por hemorragia,1,1,0,BO_1977_00151,Causas externas de morbilidad y de mortalidad
AAxHExAborto,AAxHE+Aborto,aborto + anemia por hemorragia,1,2,0,BO_1978_04011,"Causas externas de morbilidad y de mortalidad + Embarazo, parto y puerperio"
AAHE+HPIPVP,AAxHE+HIPC,anemia por hemorragia + herida punzo cortante,1,2,0,BO_1979_06246,Causas externas de morbilidad y de mortalidad + Herida punzo cortante
AAxHE + HI Pc P,AAxHE+HIPC,anemia por hemorragia + herida punzo cortante,1,2,0,BO_1978_00152,Causas externas de morbilidad y de mortalidad + Herida punzo cortante
AAxHExHPAFP,AAxHE+HPAF,anemia por hemorragia + herida arma fuego,1,2,0,BO_1978_03663,Causas externas de morbilidad y de mortalidad + Herida por arma de fuego
Aborto,Aborto,aborto,6,1,0,"BO_1976_01879,BO_1977_00139,BO_1977_01500,BO_1977_02198,BO_1979_03277","Embarazo, parto y puerperio"
Aborto+,Aborto,aborto,1,1,0,BO_1975_00181,"Embarazo, parto y puerperio"
BN+ABORTO,Aborto+BN,aborto + bronconeumonia,2,2,0,"BO_1974_01584,BO_1974_02299","Embarazo, parto y puerperio + Enfermedades del sistema respiratorio"
BN+Aborto,Aborto+BN,aborto + bronconeumonia,1,2,0,BO_1974_00133,"Embarazo, parto y puerperio + Enfermedades del sistema respiratorio"
Infartos ps Cerebro+abosto septico,Aborto+Cereb+Inf,aborto + cerebro + infarto o infeccion,1,4,1,BO_1974_00431,"Ciertas enfermedades infecciosas y parasitarias + Embarazo, parto y puerperio"
Aborto + EP,Aborto+EP,aborto + edema pulmonar,1,2,0,BO_1978_03021,"Embarazo, parto y puerperio + Enfermedades del sistema respiratorio"
HIxAborto,Aborto+HIPC,aborto + herida punzo cortante,1,2,0,BO_1978_05419,"Embarazo, parto y puerperio + Herida punzo cortante"
Aborto + Per,Aborto+PER,aborto + peritonitis o perforacion,1,2,0,BO_1979_00697,"Embarazo, parto y puerperio + Enfermedades del sistema digestivo"
SxAbortoPerV,Aborto+PER+Septi+_V,aborto + peritonitis o perforacion + septicemia + vientre,1,4,0,BO_1975_02593,"Ciertas enfermedades infecciosas y parasitarias + Embarazo, parto y puerperio + Enfermedades del sistema digestivo"
PN+Aborto,Aborto+PN,aborto + pleuro pneumonia,1,2,0,BO_1974_00635,"Embarazo, parto y puerperio + Enfermedades del sistema respiratorio"
PN+AbortoSep,Aborto+PN+Septi,aborto + pleuro pneumonia + septicemia,1,3,0,BO_1975_01009,"Ciertas enfermedades infecciosas y parasitarias + Embarazo, parto y puerperio + Enfermedades del sistema respiratorio"
Aborto+S,Aborto+Septi,aborto + septicemia,10,2,0,"BO_1975_03181,BO_1975_04830,BO_1976_05862,BO_1977_00781,BO_1978_02834","Ciertas enfermedades infecciosas y parasitarias + Embarazo, parto y puerperio"
Aborto Septico+S,Aborto+Septi,aborto + septicemia,2,2,0,"BO_1974_01493,BO_1975_05030","Ciertas enfermedades infecciosas y parasitarias + Embarazo, parto y puerperio"
SxAborto Septico,Aborto+Septi,aborto + septicemia,1,3,0,BO_1975_00442,"Ciertas enfermedades infecciosas y parasitarias + Embarazo, parto y puerperio"
S + Aborto Sep,Aborto+Septi,aborto + septicemia,1,3,0,BO_1974_00158,"Ciertas enfermedades infecciosas y parasitarias + Embarazo, parto y puerperio"
(Aborto) A Septico,Aborto+Septi,aborto + septicemia,1,2,0,BO_1975_02833,"Ciertas enfermedades infecciosas y parasitarias + Embarazo, parto y puerperio"
ABORTO+S,Aborto+Septi,aborto + septicemia,1,2,0,BO_1978_02594,"Ciertas enfermedades infecciosas y parasitarias + Embarazo, parto y puerperio"
Aborto Sep,Aborto+Septi,aborto + septicemia,1,2,0,BO_1978_04835,"Ciertas enfermedades infecciosas y parasitarias + Embarazo, parto y puerperio"
Aborto Sept,Aborto+Septi,aborto + septicemia,1,2,0,BO_1977_01896,"Ciertas enfermedades infecciosas y parasitarias + Embarazo, parto y puerperio"
Aborto Septico,Aborto+Septi,aborto + septicemia,1,2,0,BO_1975_06522,"Ciertas enfermedades infecciosas y parasitarias + Embarazo, parto y puerperio"
Abortyo+S,Aborto+Septi,aborto + septicemia,1,2,0,BO_1978_03150,"Ciertas enfermedades infecciosas y parasitarias + Embarazo, parto y puerperio"
Cuadro Septico por aborto,Aborto+Septi,aborto + septicemia,1,2,0,BO_1974_02896,"Ciertas enfermedades infecciosas y parasitarias + Embarazo, parto y puerperio"
CuadroSeptico AbortoSeptico,Aborto+Septi,aborto + septicemia,1,2,0,BO_1975_02984,"Ciertas enfermedades infecciosas y parasitarias + Embarazo, parto y puerperio"
Aborto inco +SH+IP,Aborto+SH,aborto + shock,1,4,2,BO_1975_01664,"Embarazo, parto y puerperio"
Aborto+SH,Aborto+SH,aborto + shock,1,2,0,BO_1979_04275,"Embarazo, parto y puerperio"
Absceso,Abs,absceso,1,1,0,BO_1975_00116,Enfermedades de la piel y del tejido subcutáneo
Abs H,Abs,absceso,1,2,1,BO_1977_04974,Enfermedades de la piel y del tejido subcutáneo
BN+Abs,Abs+BN,absceso + bronconeumonia,1,2,0,BO_1977_06538,Enfermedades de la piel y del tejido subcutáneo + Enfermedades del sistema respiratorio
Abceso Cerebral,Abs+Cereb,absceso + cerebro,2,2,0,"BO_1979_00137,BO_1979_03510",Enfermedades de la piel y del tejido subcutáneo
Absceso Cerebral,Abs+Cereb,absceso + cerebro,2,2,0,"BO_1974_04071,BO_1979_00153",Enfermedades de la piel y del tejido subcutáneo
Absceso C,Abs+Cereb,absceso + cerebro,1,2,0,BO_1975_02314,Enfermedades de la piel y del tejido subcutáneo
Abceso Gere,Abs+Cereb,absceso + cerebro,1,2,0,BO_1979_04694,Enfermedades de la piel y del tejido subcutáneo
Abcesos Cerebrales,Abs+Cereb,absceso + cerebro,1,2,0,BO_1977_00290,Enfermedades de la piel y del tejido subcutáneo
Abs Cerebral,Abs+Cereb,absceso + cerebro,1,2,0,BO_1979_02053,Enfermedades de la piel y del tejido subcutáneo
Abs cerebral,Abs+Cereb,absceso + cerebro,1,2,0,BO_1978_02459,Enfermedades de la piel y del tejido subcutáneo
CH+AbsPul,Abs+CH+Pul,absceso + cirrosis hepatica + pulmon,1,3,0,BO_1975_04757,Enfermedades de la piel y del tejido subcutáneo + Enfermedades del sistema digestivo
Abseso Hep,Abs+Hepat,absceso + higado,1,2,0,BO_1978_05839,Enfermedades de la piel y del tejido subcutáneo
AbscesoHepatico,Abs+Hepat,absceso + higado,1,2,0,BO_1975_04325,Enfermedades de la piel y del tejido subcutáneo
PN+AbsPiq,Abs+PN,absceso + pleuro pneumonia,1,3,1,BO_1975_04756,Enfermedades de la piel y del tejido subcutáneo + Enfermedades del sistema respiratorio
Absceso Pulmonar,Abs+Pul,absceso + pulmon,2,2,0,"BO_1975_05784,BO_1975_05859",Enfermedades de la piel y del tejido subcutáneo
Absesos Pulmon,Abs+Pul,absceso + pulmon,1,2,0,BO_1975_05345,Enfermedades de la piel y del tejido subcutáneo
Abs. P,Abs+Pul,absceso + pulmon,1,2,0,BO_1976_05037,Enfermedades de la piel y del tejido subcutáneo
AbscesoVag+CuadroS,Abs+Septi+Vag,absceso + septicemia + vagina,1,3,0,BO_1975_00107,Ciertas enfermedades infecciosas y parasitarias + Enfermedades de la piel y del tejido subcutáneo
AE,AE,asfixia por estrangulacion,114,1,0,"BO_1974_00087,BO_1974_00106,BO_1974_00691,BO_1974_01318,BO_1974_01319",Causas externas de morbilidad y de mortalidad
AE+T CER.,AE,asfixia por estrangulacion,1,2,1,BO_1977_06659,Causas externas de morbilidad y de mortalidad
AOVA+AE,AE+AOVA,asfixia por estrangulacion + asfixia por obstruccion de vias aereas,1,2,0,BO_1978_03437,Causas externas de morbilidad y de mortalidad
AE+AOVA,AE+AOVA,asfixia por estrangulacion + asfixia por obstruccion de vias aereas,1,2,0,BO_1975_01283,Causas externas de morbilidad y de mortalidad
AE+ASB,AE+ASB,asfixia por estrangulacion + asfixia por sumersion,1,2,0,BO_1978_01541,Causas externas de morbilidad y de mortalidad
AE+AS,AE+ASF,asfixia + asfixia por estrangulacion,1,2,0,BO_1979_05768,Causas externas de morbilidad y de mortalidad
AECA,AE+CA,asfixia por estrangulacion + cancer,1,2,0,BO_1974_05717,Causas externas de morbilidad y de mortalidad + Tumores (neoplasias)
AE+HIC,AE+HIPC,asfixia por estrangulacion + herida punzo cortante,1,2,0,BO_1978_06699,Causas externas de morbilidad y de mortalidad + Herida punzo cortante
AE+TA+HPC,AE+HIPC+TA,asfixia por estrangulacion + herida punzo cortante + traumatismo abdomen,1,3,0,BO_1976_03714,Causas externas de morbilidad y de mortalidad + Herida punzo cortante + Trauma
AE+Violacion rectal,AE+Rectal,asfixia por estrangulacion + rectal,1,3,1,BO_1977_05373,Causas externas de morbilidad y de mortalidad
AE+TCA,AE+TAC,asfixia por estrangulacion + traumatismo abdomen craneo,1,2,0,BO_1974_03511,Causas externas de morbilidad y de mortalidad + Trauma
AE+TCC,AE+TCCer,asfixia por estrangulacion + traumatismo craneo cervico,1,2,0,BO_1977_01456,Causas externas de morbilidad y de mortalidad + Trauma
TCerMed+AE,AE+TCCerM,asfixia por estrangulacion + traumatismo craneo cervico medular,1,2,0,BO_1975_06606,Causas externas de morbilidad y de mortalidad + Trauma
TCE+AE,AE+TCE,asfixia por estrangulacion + traumatismo craneo encefalico,6,2,0,"BO_1974_00755,BO_1975_06674,BO_1976_00681,BO_1977_03463,BO_1977_06898",Causas externas de morbilidad y de mortalidad + Trauma
AE+TCE,AE+TCE,asfixia por estrangulacion + traumatismo craneo encefalico,2,2,0,"BO_1974_05696,BO_1977_04278",Causas externas de morbilidad y de mortalidad + Trauma
AETCE,AE+TCE,asfixia por estrangulacion + traumatismo craneo encefalico,1,2,0,BO_1975_06665,Causas externas de morbilidad y de mortalidad + Trauma
AE+TC,AE+TCer,asfixia por estrangulacion + traumatismo cervico,1,2,0,BO_1975_00506,Causas externas de morbilidad y de mortalidad + Trauma
TCT+AE,AE+TCT,asfixia por estrangulacion + traumatismo craneo torax,1,2,0,BO_1979_03555,Causas externas de morbilidad y de mortalidad + Trauma
TCTA+AE,AE+TCTA,asfixia por estrangulacion + traumatismo craneo torax abdomen,2,2,0,"BO_1975_01829,BO_1975_01831",Causas externas de morbilidad y de mortalidad + Trauma
AE+TM,AE+TM,asfixia por estrangulacion + traumatismo multiple,1,2,0,BO_1979_03031,Causas externas de morbilidad y de mortalidad + Trauma
AE + TP,AE+TP,asfixia por estrangulacion + traumatismo pelvis,1,2,0,BO_1978_00050,Causas externas de morbilidad y de mortalidad + Trauma
TT+AE,AE+TT,asfixia por estrangulacion + traumatismo torax,1,2,0,BO_1975_00814,Causas externas de morbilidad y de mortalidad + Trauma
AE+TT,AE+TT,asfixia por estrangulacion + traumatismo torax,1,2,0,BO_1975_06165,Causas externas de morbilidad y de mortalidad + Trauma
BN+Alcohol,Alcohol+BN,alcohol + bronconeumonia,1,2,0,BO_1979_03401,Causas externas de morbilidad y de mortalidad + Enfermedades del sistema respiratorio
IntoxAlcoholica+BN,Alcohol+BN+Intox,alcohol + bronconeumonia + intoxicacion,1,3,0,BO_1976_05387,Causas externas de morbilidad y de mortalidad + Enfermedades del sistema respiratorio
Intox alcoholica + BN,Alcohol+BN+Intox,alcohol + bronconeumonia + intoxicacion,1,3,0,BO_1976_04594,Causas externas de morbilidad y de mortalidad + Enfermedades del sistema respiratorio
BN INTOX ALCOHOLICA,Alcohol+BN+Intox,alcohol + bronconeumonia + intoxicacion,1,3,0,BO_1978_00264,Causas externas de morbilidad y de mortalidad + Enfermedades del sistema respiratorio
Intox CO2+ALCOHOL,Alcohol+CO2+Intox,CO2 + alcohol + intoxicacion,1,3,0,BO_1978_04852,Causas externas de morbilidad y de mortalidad
IntoxA+EP,Alcohol+EP+Intox,alcohol + edema pulmonar + intoxicacion,1,3,0,BO_1975_05317,Causas externas de morbilidad y de mortalidad + Enfermedades del sistema respiratorio
Intox Alchohol Hepatitis,Alcohol+Hepatitis+Intox,alcohol + hepatitis + intoxicacion,1,3,0,BO_1979_04278,Causas externas de morbilidad y de mortalidad + Enfermedades del sistema digestivo
IntoxA+,Alcohol+Intox,alcohol + intoxicacion,1,2,0,BO_1975_02693,Causas externas de morbilidad y de mortalidad
IntoxAlcoholica,Alcohol+Intox,alcohol + intoxicacion,1,2,0,BO_1976_04545,Causas externas de morbilidad y de mortalidad
Intox alcohol metilo,Alcohol+Intox,alcohol + intoxicacion,1,3,1,BO_1978_05106,Causas externas de morbilidad y de mortalidad
Intoxicacion Alcoholica,Alcohol+Intox,alcohol + intoxicacion,1,2,0,BO_1976_06149,Causas externas de morbilidad y de mortalidad
Intoxicacion alcoholica,Alcohol+Intox,alcohol + intoxicacion,1,2,0,BO_1977_00035,Causas externas de morbilidad y de mortalidad
Intox Etilica,Alcohol+Intox,alcohol + intoxicacion,1,2,0,BO_1977_04026,Causas externas de morbilidad y de mortalidad
Intox A,Alcohol+Intox,alcohol + intoxicacion,1,2,0,BO_1976_03471,Causas externas de morbilidad y de mortalidad
Intox Alcohol,Alcohol+Intox,alcohol + intoxicacion,1,2,0,BO_1979_04190,Causas externas de morbilidad y de mortalidad
Intox rat y Alcoholica,Alcohol+Intox+Raticida,alcohol + intoxicacion + raticida,1,3,0,BO_1979_03705,Causas externas de morbilidad y de mortalidad
Intox x Raticida y alcohol,Alcohol+Intox+Raticida,alcohol + intoxicacion + raticida,1,3,0,BO_1975_05323,Causas externas de morbilidad y de mortalidad
AN,AN,anemia,3,1,0,"BO_1974_05528,BO_1977_06411,BO_1978_06163",
An,AN,anemia,2,1,0,"BO_1975_00897,BO_1979_03922",
Man. Abortivas + An,AN,anemia,1,3,2,BO_1976_03022,
Maniobras Abortivas + An.,AN,anemia,1,3,2,BO_1976_02397,
UE+AN,AN,anemia,1,2,1,BO_1978_05755,
UE+An,AN,anemia,1,2,1,BO_1978_02847,
SecVena+An,AN,anemia,1,3,2,BO_1976_03063,
Sec. Vasos de Brazos -+An,AN,anemia,1,3,2,BO_1976_05800,
SecArtFem+An,AN,anemia,1,3,2,BO_1975_02364,
CHVE+An,AN,anemia,1,2,1,BO_1975_02908,
ANP PREVIA,AN,anemia,1,2,1,BO_1974_02621,
ANXRF,AN,anemia,1,2,1,BO_1974_04488,
AN Vicera Peptica +,AN,anemia,1,3,2,BO_1976_00763,
AN had,AN,anemia,1,2,1,BO_1974_03840,
AN+ ULCERAS,AN,anemia,1,2,1,BO_1974_03885,
AN+T,AN,anemia,1,2,1,BO_1976_00589,
AN+Visceras,AN,anemia,1,2,1,BO_1979_05764,
AN PostAborto,AN,anemia,1,2,1,BO_1975_00024,
AN Placenta Previ,AN,anemia,1,2,1,BO_1975_04810,
An x CHVE,AN,anemia,1,2,1,BO_1979_03355,
An+Re,AN,anemia,1,2,1,BO_1976_01297,
AnPestPap,AN,anemia,1,3,2,BO_1975_02555,
AnxV,AN,anemia,1,2,1,BO_1976_03703,
AnxPuncion,AN,anemia,1,2,1,BO_1979_03383,
AnPostLegra,AN,anemia,1,2,1,BO_1976_01688,
Anemia Aguda,AN,anemia,1,2,1,BO_1975_06675,
AnxEupPSM,AN,anemia,1,3,2,BO_1975_04114,
ATMI+AN,AN,anemia,1,2,1,BO_1974_00015,
HPIPcP,AN,anemia,1,2,1,BO_1976_03701,
HIPEMI+AN,AN,anemia,1,2,1,BO_1974_04027,
Aborto+AN,AN+Aborto,aborto + anemia,3,2,0,"BO_1975_06054,BO_1979_04393,BO_1979_04553","Embarazo, parto y puerperio"
AN+ ABORTO,AN+Aborto,aborto + anemia,1,2,0,BO_1974_03480,"Embarazo, parto y puerperio"
Aborto An,AN+Aborto,aborto + anemia,1,2,0,BO_1977_04291,"Embarazo, parto y puerperio"
Aborto incomp+AN,AN+Aborto,aborto + anemia,1,3,1,BO_1974_03736,"Embarazo, parto y puerperio"
Aborto+A,AN+Aborto,aborto + anemia,1,2,0,BO_1975_00139,"Embarazo, parto y puerperio"
Anx Aborto,AN+Aborto,aborto + anemia,1,2,0,BO_1977_00687,"Embarazo, parto y puerperio"
HEM+AN MANIOBRAS ABORT,AN+Aborto+Hemo,aborto + anemia + hemorragia,1,3,0,BO_1974_02212,"Embarazo, parto y puerperio"
An x Aneurisma,AN+Aneurisma,anemia + aneurisma,1,2,0,BO_1974_00738,Enfermedades del sistema circulatorio
AN RUP AOVA,AN+AOVA+Rup,anemia + asfixia por obstruccion de vias aereas + ruptura,1,3,0,BO_1974_04070,Causas externas de morbilidad y de mortalidad
AN AOVA+VE,AN+AOVA+VE,anemia + asfixia por obstruccion de vias aereas + varices esofagicas,1,3,0,BO_1978_03443,Causas externas de morbilidad y de mortalidad + Enfermedades del sistema digestivo
BN+An,AN+BN,anemia + bronconeumonia,1,2,0,BO_1974_03219,Enfermedades del sistema respiratorio
AN+BN+CH,AN+BN+CH,anemia + bronconeumonia + cirrosis hepatica,1,3,0,BO_1974_04654,Enfermedades del sistema digestivo + Enfermedades del sistema respiratorio
VE+CH+BN+AN,AN+BN+CH+VE,anemia + bronconeumonia + cirrosis hepatica + varices esofagicas,1,4,0,BO_1975_05931,Enfermedades del sistema digestivo + Enfermedades del sistema respiratorio
BN+AN+CVG,AN+BN+CVG,anemia + bronconeumonia + congestion visceral generalizada,1,3,0,BO_1975_04054,Enfermedades del sistema respiratorio
Quemaduras+BN+AN,AN+BN+Quem,anemia + bronconeumonia + quemaduras,1,3,0,BO_1974_00219,Causas externas de morbilidad y de mortalidad + Enfermedades del sistema respiratorio
TP+BN+AN,AN+BN+TP,anemia + bronconeumonia + traumatismo pelvis,1,3,0,BO_1979_00947,Enfermedades del sistema respiratorio + Trauma
VE+AN+BN,AN+BN+VE,anemia + bronconeumonia + varices esofagicas,1,3,0,BO_1979_04429,Enfermedades del sistema digestivo + Enfermedades del sistema respiratorio
VE+An+BN,AN+BN+VE,anemia + bronconeumonia + varices esofagicas,1,3,0,BO_1978_04013,Enfermedades del sistema digestivo + Enfermedades del sistema respiratorio
VE+An+CA,AN+CA+VE,anemia + cancer + varices esofagicas,1,3,0,BO_1977_06244,Enfermedades del sistema digestivo + Tumores (neoplasias)
CH+An,AN+CH,anemia + cirrosis hepatica,3,2,0,"BO_1975_05163,BO_1976_00245,BO_1976_03050",Enfermedades del sistema digestivo
CH+AN,AN+CH,anemia + cirrosis hepatica,2,2,0,"BO_1978_03840,BO_1979_05902",Enfermedades del sistema digestivo
UE+CH+AN,AN+CH,anemia + cirrosis hepatica,1,3,1,BO_1978_06757,Enfermedades del sistema digestivo
AN+CH,AN+CH,anemia + cirrosis hepatica,1,2,0,BO_1976_01608,Enfermedades del sistema digestivo
VE+AN+CH,AN+CH+VE,anemia + cirrosis hepatica + varices esofagicas,5,3,0,"BO_1974_03207,BO_1974_03685,BO_1974_05082,BO_1976_00403,BO_1979_04667",Enfermedades del sistema digestivo
VE+An+CH,AN+CH+VE,anemia + cirrosis hepatica + varices esofagicas,3,3,0,"BO_1976_02432,BO_1976_04697,BO_1979_04004",Enfermedades del sistema digestivo
CH+VE+AN,AN+CH+VE,anemia + cirrosis hepatica + varices esofagicas,2,3,0,"BO_1977_03075,BO_1977_05691",Enfermedades del sistema digestivo
VE+CH+An,AN+CH+VE,anemia + cirrosis hepatica + varices esofagicas,2,3,0,"BO_1976_04999,BO_1979_00185",Enfermedades del sistema digestivo
VE+CH+AN,AN+CH+VE,anemia + cirrosis hepatica + varices esofagicas,1,3,0,BO_1979_06329,Enfermedades del sistema digestivo
CH+AN+VE,AN+CH+VE,anemia + cirrosis hepatica + varices esofagicas,1,3,0,BO_1979_06370,Enfermedades del sistema digestivo
An+Embarazo ectopico,AN+Embarazo,anemia + embarazo,1,3,1,BO_1975_04900,"Embarazo, parto y puerperio"
AnEmbarazo mo,AN+Embarazo,anemia + embarazo,1,3,1,BO_1976_01262,"Embarazo, parto y puerperio"
AnXEmbEctop,AN+Embarazo,anemia + embarazo,1,3,1,BO_1977_04017,"Embarazo, parto y puerperio"
AnxEmbarazo,AN+Embarazo,anemia + embarazo,1,2,0,BO_1979_00587,"Embarazo, parto y puerperio"
Ulcera Gastrica An,AN+Gastr+Ulcera,anemia + gastro + ulcera,1,3,0,BO_1976_04907,Enfermedades del sistema digestivo
Gastritis+An,AN+Gastritis,anemia + gastritis,1,2,0,BO_1979_05652,Enfermedades del sistema digestivo
HC+An,AN+HC,anemia + hemorragia cerebral o herida cortante,2,2,0,"BO_1976_02087,BO_1978_04595",Causas externas de morbilidad y de mortalidad
HC+AN,AN+HC,anemia + hemorragia cerebral o herida cortante,2,2,0,"BO_1974_00822,BO_1975_06660",Causas externas de morbilidad y de mortalidad
HcC+AN,AN+HC,anemia + hemorragia cerebral o herida cortante,1,2,0,BO_1977_01618,Causas externas de morbilidad y de mortalidad
HC+AN MI,AN+HC+MI,anemia + hemorragia cerebral o herida cortante + miembro,1,3,0,BO_1978_05676,Causas externas de morbilidad y de mortalidad
AnxHemUTo,AN+Hemo,anemia + hemorragia,1,3,1,BO_1978_00514,
Anxnova A.Rep Higado,AN+Hepat,anemia + higado,1,4,2,BO_1976_05889,
HIPC+AN,AN+HIPC,anemia + herida punzo cortante,4,2,0,"BO_1974_03671,BO_1977_00568,BO_1977_02182,BO_1979_02978",Herida punzo cortante
HIPC+An,AN+HIPC,anemia + herida punzo cortante,2,2,0,"BO_1976_04889,BO_1979_02729",Herida punzo cortante
AN+HICC,AN+HIPC,anemia + herida punzo cortante,1,2,0,BO_1975_05216,Herida punzo cortante
HPAFPT HIPPT+T,AN+HIPC,anemia + herida punzo cortante,1,2,0,BO_1975_04911,Herida punzo cortante
HsIPCS+AN,AN+HIPC,anemia + herida punzo cortante,1,2,0,BO_1974_03424,Herida punzo cortante
HsC,AN+HIPC,anemia + herida punzo cortante,1,2,0,BO_1979_04153,Herida punzo cortante
HsCs+AE,AN+HIPC,anemia + herida punzo cortante,1,2,0,BO_1976_00881,Herida punzo cortante
HsCs+AN,AN+HIPC,anemia + herida punzo cortante,1,2,0,BO_1979_00288,Herida punzo cortante
HsICC,AN+HIPC,anemia + herida punzo cortante,1,2,0,BO_1976_01228,Herida punzo cortante
HIPCP+AN,AN+HIPC,anemia + herida punzo cortante,1,2,0,BO_1979_06084,Herida punzo cortante
HIC+An,AN+HIPC,anemia + herida punzo cortante,1,2,0,BO_1975_05334,Herida punzo cortante
HIPConT+An,AN+HIPC,anemia + herida punzo cortante,1,3,1,BO_1976_00593,Herida punzo cortante
HIC+AN,AN+HIPC,anemia + herida punzo cortante,1,2,0,BO_1978_03608,Herida punzo cortante
HIPCPA+AN,AN+HIPCA,anemia + herida punzo cortante abdomen,1,2,0,BO_1974_00486,Herida punzo cortante
HIPCPA+An,AN+HIPCA,anemia + herida punzo cortante abdomen,1,2,0,BO_1975_02732,Herida punzo cortante
HsIPCPC,AN+HIPCCu,anemia + herida punzo cortante cuello,1,2,0,BO_1978_01212,Herida punzo cortante
HIC+An cuello,AN+HIPCCu,anemia + herida punzo cortante cuello,1,2,0,BO_1976_00906,Herida punzo cortante
HIC Cuello AN,AN+HIPCCu,anemia + herida punzo cortante cuello,1,2,0,BO_1977_02703,Herida punzo cortante
HICdeMI+An,AN+HIPCMi,anemia + herida punzo cortante miembros,1,2,0,BO_1976_05422,Herida punzo cortante
HIPC An Muslo,AN+HIPCMi,anemia + herida punzo cortante miembros,1,2,0,BO_1977_04765,Herida punzo cortante
HIPCPT+AN,AN+HIPCT,anemia + herida punzo cortante torax,2,2,0,"BO_1974_01760,BO_1974_01876",Herida punzo cortante
HsIPCPsT+An,AN+HIPCT,anemia + herida punzo cortante torax,1,2,0,BO_1976_05274,Herida punzo cortante
HIPCPT+An,AN+HIPCT,anemia + herida punzo cortante torax,1,2,0,BO_1975_04051,Herida punzo cortante
HICCPT+AN,AN+HIPCT,anemia + herida punzo cortante torax,1,2,0,BO_1974_03503,Herida punzo cortante
HPAFC/S,AN+HPAF,anemia + herida arma fuego,1,2,0,BO_1974_01471,Herida por arma de fuego
HPAF C-Sec ArtF,AN+HPAF,anemia + herida arma fuego,1,2,0,BO_1975_02943,Herida por arma de fuego
HPAF C/S Vasos,AN+HPAF,anemia + herida arma fuego,1,2,0,BO_1975_01878,Herida por arma de fuego
HPAF u/sec,AN+HPAF,anemia + herida arma fuego,1,2,0,BO_1975_05056,Herida por arma de fuego
HPAF+An,AN+HPAF,anemia + herida arma fuego,1,2,0,BO_1976_03360,Herida por arma de fuego
HPAFPA+,AN+HPAFA,anemia + herida arma fuego abdomen,2,2,0,"BO_1975_02969,BO_1975_04375",Herida por arma de fuego
HPAFPA+An,AN+HPAFA,anemia + herida arma fuego abdomen,1,2,0,BO_1976_01819,Herida por arma de fuego
Hs Ps AFP,AN+HPAFA,anemia + herida arma fuego abdomen,1,2,0,BO_1978_00039,Herida por arma de fuego
HPAFC+An,AN+HPAFC,anemia + herida arma fuego craneo,1,2,0,BO_1978_05602,Herida por arma de fuego
HPAFCuello,AN+HPAFCu,anemia + herida arma fuego cuello,2,2,0,"BO_1975_00605,BO_1978_06339",Herida por arma de fuego
HPAFPTAN,AN+HPAFT,anemia + herida arma fuego torax,4,2,0,"BO_1974_01409,BO_1974_03364,BO_1974_04544,BO_1974_05127",Herida por arma de fuego
HPAFPT+AN,AN+HPAFT,anemia + herida arma fuego torax,2,2,0,"BO_1974_03361,BO_1974_04506",Herida por arma de fuego
HPAFPT+An,AN+HPAFT,anemia + herida arma fuego torax,2,2,0,"BO_1975_04302,BO_1975_04737",Herida por arma de fuego
HPAFPsT+An,AN+HPAFT,anemia + herida arma fuego torax,1,2,0,BO_1974_03188,Herida por arma de fuego
HPAFPT+A,AN+HPAFT,anemia + herida arma fuego torax,1,2,0,BO_1974_01877,Herida por arma de fuego
HPAFPT+AAH,AN+HPAFT,anemia + herida arma fuego torax,1,2,0,BO_1974_01984,Herida por arma de fuego
HPAF c/1 Tronco braqui,AN+HPAFT,anemia + herida arma fuego torax,1,2,0,BO_1974_00363,Herida por arma de fuego
HPAFPT y AAN,AN+HPAFTA,anemia + herida arma fuego torax abdomen,1,2,0,BO_1974_04274,Herida por arma de fuego
HPAFPC+A,AN+HPAFV,anemia + herida arma fuego vientre,1,2,0,BO_1974_01705,Herida por arma de fuego
An+Int+Per,AN+Intes+PER,anemia + intestino + peritonitis o perforacion,1,3,0,BO_1976_01627,Enfermedades del sistema digestivo
AnxLegUterino,AN+Leg+Utero,anemia + legrado + utero,1,3,0,BO_1976_04740,"Embarazo, parto y puerperio"
AN+LOC,AN+LOC,anemia + enfermedad organica del corazon,1,2,0,BO_1975_01147,Enfermedades del sistema circulatorio
Parto Prem An,AN+Parto,anemia + parto,1,3,1,BO_1977_01262,"Embarazo, parto y puerperio"
An+Parto,AN+Parto,anemia + parto,1,2,0,BO_1979_00499,"Embarazo, parto y puerperio"
Parto Distosico+AN,AN+PartoDis,anemia + parto distosico,1,2,0,BO_1976_03739,"Embarazo, parto y puerperio"
An Parto D,AN+PartoDis,anemia + parto distosico,1,2,0,BO_1979_05024,"Embarazo, parto y puerperio"
Parto distosico AN x Rup Uterino,AN+PartoDis+Rup+Utero,anemia + parto distosico + ruptura + utero,1,4,0,BO_1974_01633,"Causas externas de morbilidad y de mortalidad + Embarazo, parto y puerperio"
ANxRupUterina PD,AN+PartoDis+Rup+Utero,anemia + parto distosico + ruptura + utero,1,4,0,BO_1975_00576,"Causas externas de morbilidad y de mortalidad + Embarazo, parto y puerperio"
ANxRupCuelloV y PartoDistosico,AN+PartoDis+Rup+Vag,anemia + parto distosico + ruptura + vagina,1,4,0,BO_1975_04249,"Causas externas de morbilidad y de mortalidad + Embarazo, parto y puerperio"
Anxpencion Per,AN+PER,anemia + peritonitis o perforacion,1,3,1,BO_1975_03665,Enfermedades del sistema digestivo
ANxUteroP,AN+PER+Utero,anemia + peritonitis o perforacion + utero,1,3,0,BO_1975_03755,Enfermedades del sistema digestivo
RotPlacenta+AN,AN+Placenta+Ret,anemia + placenta + retencion,1,3,0,BO_1978_04654,"Embarazo, parto y puerperio"
ANxRetRest,AN+Placenta+Ret,anemia + placenta + retencion,1,4,1,BO_1975_04817,"Embarazo, parto y puerperio"
AnxRet.RestosPlacent.,AN+Placenta+Ret,anemia + placenta + retencion,1,4,1,BO_1976_02731,"Embarazo, parto y puerperio"
AnxRetPlace,AN+Placenta+Ret,anemia + placenta + retencion,1,3,0,BO_1975_00939,"Embarazo, parto y puerperio"
AnxRetPla,AN+Placenta+Ret,anemia + placenta + retencion,1,3,0,BO_1979_04425,"Embarazo, parto y puerperio"
AnReTPlac,AN+Placenta+Ret,anemia + placenta + retencion,1,3,0,BO_1978_01693,"Embarazo, parto y puerperio"
AnPostParto,AN+PostParto,anemia + postparto,3,2,0,"BO_1975_03332,BO_1977_02604,BO_1977_02718","Embarazo, parto y puerperio"
AN PostParto,AN+PostParto,anemia + postparto,1,2,0,BO_1979_01593,"Embarazo, parto y puerperio"
AN POST PART,AN+PostParto,anemia + postparto,1,2,0,BO_1974_00012,"Embarazo, parto y puerperio"
AN A PostParto,AN+PostParto,anemia + postparto,1,2,0,BO_1975_05061,"Embarazo, parto y puerperio"
AN POS,AN+PostParto,anemia + postparto,1,2,0,BO_1974_04172,"Embarazo, parto y puerperio"
An postParto,AN+PostParto,anemia + postparto,1,2,0,BO_1975_01898,"Embarazo, parto y puerperio"
An Post,AN+PostParto,anemia + postparto,1,2,0,BO_1977_00068,"Embarazo, parto y puerperio"
An Post P,AN+PostParto,anemia + postparto,1,2,0,BO_1979_03094,"Embarazo, parto y puerperio"
An Post Parto,AN+PostParto,anemia + postparto,1,2,0,BO_1975_01624,"Embarazo, parto y puerperio"
An. Post. Parto,AN+PostParto,anemia + postparto,1,2,0,BO_1976_01546,"Embarazo, parto y puerperio"
AnPosParto,AN+PostParto,anemia + postparto,1,2,0,BO_1979_04716,"Embarazo, parto y puerperio"
Anxparto,AN+PostParto,anemia + postparto,1,2,0,BO_1979_01963,"Embarazo, parto y puerperio"
AnPostPar,AN+PostParto,anemia + postparto,1,2,0,BO_1975_00917,"Embarazo, parto y puerperio"
Anemia Aguda Post Parto,AN+PostParto,anemia + postparto,1,2,0,BO_1978_00220,"Embarazo, parto y puerperio"
AnemiaPostParto,AN+PostParto,anemia + postparto,1,2,0,BO_1975_03286,"Embarazo, parto y puerperio"
Desgarro vaginal post parto + AN,AN+PostParto+Vag,anemia + postparto + vagina,1,4,1,BO_1974_01483,"Embarazo, parto y puerperio"
Quem+An,AN+Quem,anemia + quemaduras,1,2,0,BO_1976_03958,Causas externas de morbilidad y de mortalidad
An+Quem,AN+Quem,anemia + quemaduras,1,2,0,BO_1979_05317,Causas externas de morbilidad y de mortalidad
ANxRup Vasos Fam,AN+Rup,anemia + ruptura,1,4,2,BO_1975_05979,Causas externas de morbilidad y de mortalidad
RupUtero+An,AN+Rup+Utero,anemia + ruptura + utero,1,3,0,BO_1976_03171,Causas externas de morbilidad y de mortalidad
AN RUP UTERO,AN+Rup+Utero,anemia + ruptura + utero,1,3,0,BO_1974_04282,Causas externas de morbilidad y de mortalidad
AN+SH,AN+SH,anemia + shock,1,2,0,BO_1977_04402,
TA+An,AN+TA,anemia + traumatismo abdomen,3,2,0,"BO_1975_02622,BO_1975_02992,BO_1975_03143",Trauma
TA+AN,AN+TA,anemia + traumatismo abdomen,1,2,0,BO_1978_03414,Trauma
TB+AN,AN+TB,anemia + tuberculosis,1,2,0,BO_1974_02022,Ciertas enfermedades infecciosas y parasitarias
TB+An,AN+TB,anemia + tuberculosis,1,2,0,BO_1979_01930,Ciertas enfermedades infecciosas y parasitarias
TCE+An,AN+TCE,anemia + traumatismo craneo encefalico,1,2,0,BO_1975_04690,Trauma
TCE+An+V Cejas Stress,AN+TCE,anemia + traumatismo craneo encefalico,1,4,2,BO_1976_03496,Trauma
TM+AN,AN+TM,anemia + traumatismo multiple,4,2,0,"BO_1975_01313,BO_1975_04060,BO_1975_04814,BO_1978_01145",Trauma
TM+An,AN+TM,anemia + traumatismo multiple,3,2,0,"BO_1975_04366,BO_1976_04880,BO_1979_02065",Trauma
TMI+AN,AN+TMi,anemia + traumatismo miembro,4,2,0,"BO_1975_00638,BO_1977_04150,BO_1979_01502,BO_1979_02887",Trauma
TMI+An,AN+TMi,anemia + traumatismo miembro,4,2,0,"BO_1975_05997,BO_1976_04834,BO_1978_00539,BO_1978_02283",Trauma
TMS+AN,AN+TMiS,anemia + traumatismo miembro superior,1,2,0,BO_1974_01872,Trauma
TP+An,AN+TP,anemia + traumatismo pelvis,2,2,0,"BO_1975_05432,BO_1976_04254",Trauma
TP+AN,AN+TP,anemia + traumatismo pelvis,2,2,0,"BO_1974_03270,BO_1974_03357",Trauma
TTA+AN,AN+TTA,anemia + traumatismo torax abdomen,1,2,0,BO_1975_04372,Trauma
T Vag+AN,AN+TVag,anemia + traumatismo vaginal,1,2,0,BO_1974_05148,Trauma
Ulcera Peptica+AN,AN+Ulcera,anemia + ulcera,1,3,1,BO_1978_06610,Enfermedades del sistema digestivo
VE+AN,AN+VE,anemia + varices esofagicas,16,2,0,"BO_1975_03771,BO_1975_05938,BO_1975_06376,BO_1976_03198,BO_1976_05705",Enfermedades del sistema digestivo
VE+An,AN+VE,anemia + varices esofagicas,10,2,0,"BO_1975_00258,BO_1975_01650,BO_1975_02815,BO_1976_03786,BO_1976_04203",Enfermedades del sistema digestivo
VEAN,AN+VE,anemia + varices esofagicas,1,2,0,BO_1979_00421,Enfermedades del sistema digestivo
VEAn,AN+VE,anemia + varices esofagicas,1,2,0,BO_1975_02256,Enfermedades del sistema digestivo
VE+An+,AN+VE,anemia + varices esofagicas,1,2,0,BO_1976_02898,Enfermedades del sistema digestivo
VE+AN+,AN+VE,anemia + varices esofagicas,1,2,0,BO_1976_05802,Enfermedades del sistema digestivo
VE +AN,AN+VE,anemia + varices esofagicas,1,2,0,BO_1979_03103,Enfermedades del sistema digestivo
VE + AN,AN+VE,anemia + varices esofagicas,1,2,0,BO_1978_00016,Enfermedades del sistema digestivo
AN+VE,AN+VE,anemia + varices esofagicas,1,2,0,BO_1974_00434,Enfermedades del sistema digestivo
An+VE,AN+VE,anemia + varices esofagicas,1,2,0,BO_1977_05776,Enfermedades del sistema digestivo
ANN,ANEN,asfixia neo natorum,404,1,0,"BO_1974_02370,BO_1974_03518,BO_1974_04767,BO_1974_05304,BO_1974_05306","Embarazo, parto y puerperio"
ANEN,ANEN,asfixia neo natorum,103,1,0,"BO_1974_03633,BO_1974_05307,BO_1974_05312,BO_1974_05313,BO_1974_05322","Embarazo, parto y puerperio"
A NE N,ANEN,asfixia neo natorum,29,1,0,"BO_1975_00315,BO_1978_06260,BO_1978_06343,BO_1978_06786,BO_1978_06854","Embarazo, parto y puerperio"
A. NE. N,ANEN,asfixia neo natorum,15,1,0,"BO_1977_06891,BO_1977_06937,BO_1977_06938,BO_1977_06939,BO_1977_06941","Embarazo, parto y puerperio"
A.NEO.N,ANEN,asfixia neo natorum,7,1,0,"BO_1977_06759,BO_1977_06775,BO_1977_06828,BO_1977_06928,BO_1977_06929","Embarazo, parto y puerperio"
ANEON,ANEN,asfixia neo natorum,5,1,0,"BO_1975_06632,BO_1979_05752,BO_1979_05894,BO_1979_07209,BO_1979_07223","Embarazo, parto y puerperio"
ANNEN,ANEN,asfixia neo natorum,2,1,0,"BO_1979_07085,BO_1979_07086","Embarazo, parto y puerperio"
ANON,ANEN,asfixia neo natorum,1,1,0,BO_1979_07099,"Embarazo, parto y puerperio"
ANeN,ANEN,asfixia neo natorum,1,1,0,BO_1975_06686,"Embarazo, parto y puerperio"
ANoN,ANEN,asfixia neo natorum,1,1,0,BO_1975_06581,"Embarazo, parto y puerperio"
ANEM,ANEN,asfixia neo natorum,1,1,0,BO_1976_01205,"Embarazo, parto y puerperio"
ANENN,ANEN,asfixia neo natorum,1,1,0,BO_1975_01183,"Embarazo, parto y puerperio"
A.NE.N,ANEN,asfixia neo natorum,1,1,0,BO_1977_06783,"Embarazo, parto y puerperio"
A.Neo.N,ANEN,asfixia neo natorum,1,1,0,BO_1977_06859,"Embarazo, parto y puerperio"
ExpPSM+ANN,ANEN+EXPSM,asfixia neo natorum + expulsion prematura del seno materno,1,2,0,BO_1975_06445,"Embarazo, parto y puerperio"
TCE+ANN,ANEN+TCE,asfixia neo natorum + traumatismo craneo encefalico,1,2,0,BO_1976_06614,"Embarazo, parto y puerperio + Trauma"
Anencefalia,Anencefalia,anencefalia,8,1,0,"BO_1974_05319,BO_1974_05508,BO_1975_06578,BO_1977_06787,BO_1977_06852","Malformaciones  congénitas, deformidades y anomalías cromosómicas"
ANEURISMA,Aneurisma,aneurisma,2,1,0,"BO_1978_01353,BO_1978_04807",Enfermedades del sistema circulatorio
Aneurisma Aorta AB,Aneurisma,aneurisma,1,3,2,BO_1975_02067,Enfermedades del sistema circulatorio
Aneurisma Aortico,Aneurisma,aneurisma,1,2,1,BO_1977_00309,Enfermedades del sistema circulatorio
Aneurisma de Ventriculo izq,Aneurisma,aneurisma,1,2,1,BO_1975_00243,Enfermedades del sistema circulatorio
Aneurisma Abdominal + BN,Aneurisma+BN,aneurisma + bronconeumonia,1,3,1,BO_1977_00805,Enfermedades del sistema circulatorio + Enfermedades del sistema respiratorio
Aneurisma C,Aneurisma+CH,aneurisma + cirrosis hepatica,1,2,0,BO_1975_02338,Enfermedades del sistema circulatorio + Enfermedades del sistema digestivo
Anoxia,Anoxia,anoxia,9,1,0,"BO_1975_06559,BO_1977_06760,BO_1977_06762,BO_1977_06865,BO_1977_06884",Causas externas de morbilidad y de mortalidad
ANOXIA,Anoxia,anoxia,9,1,0,"BO_1979_02481,BO_1979_02777,BO_1979_02801,BO_1979_07092,BO_1979_07148",Causas externas de morbilidad y de mortalidad
Anoxia Intrav,Anoxia,anoxia,1,2,1,BO_1975_06539,Causas externas de morbilidad y de mortalidad
Anoxia Post T,Anoxia,anoxia,1,2,1,BO_1974_05321,Causas externas de morbilidad y de mortalidad
Anoxia.InT.,Anoxia,anoxia,1,2,1,BO_1977_06887,Causas externas de morbilidad y de mortalidad
AnoxiaFetal,Anoxia+Fetal,anoxia + fetal,2,2,0,"BO_1975_06436,BO_1975_06437","Causas externas de morbilidad y de mortalidad + Embarazo, parto y puerperio"
Anoxia Fetal,Anoxia+Fetal,anoxia + fetal,1,2,0,BO_1975_06512,"Causas externas de morbilidad y de mortalidad + Embarazo, parto y puerperio"
AOVA,AOVA,asfixia por obstruccion de vias aereas,791,1,0,"BO_1974_00040,BO_1974_00178,BO_1974_00184,BO_1974_00247,BO_1974_00329",Causas externas de morbilidad y de mortalidad
AOV,AOVA,asfixia por obstruccion de vias aereas,9,1,0,"BO_1974_03220,BO_1977_00131,BO_1977_00313,BO_1977_00443,BO_1977_02571",Causas externas de morbilidad y de mortalidad
AOVAS,AOVA,asfixia por obstruccion de vias aereas,4,1,0,"BO_1974_04073,BO_1974_04100,BO_1974_05393,BO_1979_01485",Causas externas de morbilidad y de mortalidad
AO,AOVA,asfixia por obstruccion de vias aereas,2,1,0,"BO_1974_05599,BO_1977_02463",Causas externas de morbilidad y de mortalidad
TCuello+AOVA,AOVA,asfixia por obstruccion de vias aereas,1,2,1,BO_1977_01269,Causas externas de morbilidad y de mortalidad
AOVA (piedra),AOVA,asfixia por obstruccion de vias aereas,1,2,1,BO_1979_00914,Causas externas de morbilidad y de mortalidad
AOVA COST,AOVA,asfixia por obstruccion de vias aereas,1,2,1,BO_1978_02762,Causas externas de morbilidad y de mortalidad
AOVA Frac Huesos Nariz,AOVA,asfixia por obstruccion de vias aereas,1,4,3,BO_1977_04969,Causas externas de morbilidad y de mortalidad
AOxLesion,AOVA,asfixia por obstruccion de vias aereas,1,2,1,BO_1976_06824,Causas externas de morbilidad y de mortalidad
AOxMordCan,AOVA,asfixia por obstruccion de vias aereas,1,2,1,BO_1976_06772,Causas externas de morbilidad y de mortalidad
APOVA+VA,AOVA,asfixia por obstruccion de vias aereas,1,2,1,BO_1979_02350,Causas externas de morbilidad y de mortalidad
APOVASA,AOVA,asfixia por obstruccion de vias aereas,1,2,1,BO_1979_05593,Causas externas de morbilidad y de mortalidad
APOVASCE,AOVA,asfixia por obstruccion de vias aereas,1,2,1,BO_1978_02285,Causas externas de morbilidad y de mortalidad
APOVASPCGaeo,AOVA,asfixia por obstruccion de vias aereas,1,2,1,BO_1978_05051,Causas externas de morbilidad y de mortalidad
APOVASPPA,AOVA,asfixia por obstruccion de vias aereas,1,2,1,BO_1979_02351,Causas externas de morbilidad y de mortalidad
AOX,AOVA,asfixia por obstruccion de vias aereas,1,1,0,BO_1976_00961,Causas externas de morbilidad y de mortalidad
AOVA+,AOVA,asfixia por obstruccion de vias aereas,1,1,0,BO_1976_04790,Causas externas de morbilidad y de mortalidad
AOVA+CHOE,AOVA,asfixia por obstruccion de vias aereas,1,2,1,BO_1976_04696,Causas externas de morbilidad y de mortalidad
AOVA+IA,AOVA,asfixia por obstruccion de vias aereas,1,2,1,BO_1974_01264,Causas externas de morbilidad y de mortalidad
AOVA+IP,AOVA,asfixia por obstruccion de vias aereas,1,2,1,BO_1974_01458,Causas externas de morbilidad y de mortalidad
AOVA+LDE,AOVA,asfixia por obstruccion de vias aereas,1,2,1,BO_1976_05907,Causas externas de morbilidad y de mortalidad
AOVA+T,AOVA,asfixia por obstruccion de vias aereas,1,2,1,BO_1975_02598,Causas externas de morbilidad y de mortalidad
AOVAsPA,AOVA,asfixia por obstruccion de vias aereas,1,2,1,BO_1979_06475,Causas externas de morbilidad y de mortalidad
HOVA,AOVA,asfixia por obstruccion de vias aereas,1,1,0,BO_1977_04237,Causas externas de morbilidad y de mortalidad
AOVA y ASB,AOVA+ASB,asfixia por obstruccion de vias aereas + asfixia por sumersion,1,2,0,BO_1978_02206,Causas externas de morbilidad y de mortalidad
AS+AOVA,AOVA+ASF,asfixia + asfixia por obstruccion de vias aereas,4,2,0,"BO_1976_02571,BO_1976_04224,BO_1977_00234,BO_1979_05173",Causas externas de morbilidad y de mortalidad
ASF+AOV,AOVA+ASF,asfixia + asfixia por obstruccion de vias aereas,1,2,0,BO_1975_03967,Causas externas de morbilidad y de mortalidad
ASF+AOVA,AOVA+ASF,asfixia + asfixia por obstruccion de vias aereas,1,2,0,BO_1978_05101,Causas externas de morbilidad y de mortalidad
AOVA+BN,AOVA+BN,asfixia por obstruccion de vias aereas + bronconeumonia,8,2,0,"BO_1975_04574,BO_1976_00299,BO_1976_05824,BO_1978_01130,BO_1978_04279",Causas externas de morbilidad y de mortalidad + Enfermedades del sistema respiratorio
BN+AOVA,AOVA+BN,asfixia por obstruccion de vias aereas + bronconeumonia,7,2,0,"BO_1974_03880,BO_1975_04849,BO_1975_06040,BO_1975_06305,BO_1977_05533",Causas externas de morbilidad y de mortalidad + Enfermedades del sistema respiratorio
AOVA+ BN,AOVA+BN,asfixia por obstruccion de vias aereas + bronconeumonia,1,2,0,BO_1975_01375,Causas externas de morbilidad y de mortalidad + Enfermedades del sistema respiratorio
AOVA+B,AOVA+BN,asfixia por obstruccion de vias aereas + bronconeumonia,1,2,0,BO_1975_03229,Causas externas de morbilidad y de mortalidad + Enfermedades del sistema respiratorio
AOVA+bn,AOVA+BN,asfixia por obstruccion de vias aereas + bronconeumonia,1,2,0,BO_1978_02510,Causas externas de morbilidad y de mortalidad + Enfermedades del sistema respiratorio
AOVA+CH,AOVA+CH,asfixia por obstruccion de vias aereas + cirrosis hepatica,6,2,0,"BO_1974_05006,BO_1975_06015,BO_1976_02076,BO_1976_05648,BO_1976_06238",Causas externas de morbilidad y de mortalidad + Enfermedades del sistema digestivo
CH+AOVA,AOVA+CH,asfixia por obstruccion de vias aereas + cirrosis hepatica,1,2,0,BO_1977_05336,Causas externas de morbilidad y de mortalidad + Enfermedades del sistema digestivo
AOVA+CVG,AOVA+CVG,asfixia por obstruccion de vias aereas + congestion visceral generalizada,5,2,0,"BO_1974_01032,BO_1974_04284,BO_1975_05740,BO_1977_05219,BO_1978_05853",Causas externas de morbilidad y de mortalidad
CVG+AOVA,AOVA+CVG,asfixia por obstruccion de vias aereas + congestion visceral generalizada,2,2,0,"BO_1976_04698,BO_1978_00645",Causas externas de morbilidad y de mortalidad
AOVA+CV,AOVA+CVG,asfixia por obstruccion de vias aereas + congestion visceral generalizada,1,2,0,BO_1978_00500,Causas externas de morbilidad y de mortalidad
AOxElectrocucion,AOVA+Electroc,asfixia por obstruccion de vias aereas + electrocucion,2,2,0,"BO_1976_06844,BO_1976_06845",Causas externas de morbilidad y de mortalidad
ELECTROCUTADO AOVA,AOVA+Electroc,asfixia por obstruccion de vias aereas + electrocucion,1,2,0,BO_1974_02099,Causas externas de morbilidad y de mortalidad
AOVA+Enter,AOVA+ENT,asfixia por obstruccion de vias aereas + enteritis,1,2,0,BO_1975_03675,Causas externas de morbilidad y de mortalidad + Enfermedades del sistema digestivo
AOxGangrenaxElec,AOVA+Gang,asfixia por obstruccion de vias aereas + gangrena,1,3,1,BO_1976_06875,Causas externas de morbilidad y de mortalidad + Enfermedades de la piel y del tejido subcutáneo
AOxGangrena,AOVA+Gang,asfixia por obstruccion de vias aereas + gangrena,1,2,0,BO_1976_06881,Causas externas de morbilidad y de mortalidad + Enfermedades de la piel y del tejido subcutáneo
AOxGang+Quem,AOVA+Gang+Quem,asfixia por obstruccion de vias aereas + gangrena + quemaduras,1,3,0,BO_1976_06793,Causas externas de morbilidad y de mortalidad + Enfermedades de la piel y del tejido subcutáneo
AOxHCC,AOVA+HC,asfixia por obstruccion de vias aereas + hemorragia cerebral o herida cortante,1,2,0,BO_1976_06798,Causas externas de morbilidad y de mortalidad
AOVA+HC,AOVA+HC,asfixia por obstruccion de vias aereas + hemorragia cerebral o herida cortante,1,2,0,BO_1976_03586,Causas externas de morbilidad y de mortalidad
HC+AOVA,AOVA+HC,asfixia por obstruccion de vias aereas + hemorragia cerebral o herida cortante,1,2,0,BO_1979_05920,Causas externas de morbilidad y de mortalidad
HPAFP AOVA,AOVA+HPAF,asfixia por obstruccion de vias aereas + herida arma fuego,1,2,0,BO_1976_03056,Causas externas de morbilidad y de mortalidad + Herida por arma de fuego
AOVA x HPAFPCuello,AOVA+HPAFCu,asfixia por obstruccion de vias aereas + herida arma fuego cuello,1,2,0,BO_1978_03628,Causas externas de morbilidad y de mortalidad + Herida por arma de fuego
"AOxInsuf, Vascular Perif.",AOVA+Insuf+Vascu,asfixia por obstruccion de vias aereas + insuficiencia + vascular,1,4,1,BO_1976_06854,Causas externas de morbilidad y de mortalidad
AOVA+Int,AOVA+Intox,asfixia por obstruccion de vias aereas + intoxicacion,1,2,0,BO_1979_01229,Causas externas de morbilidad y de mortalidad
AOVA+Intox,AOVA+Intox,asfixia por obstruccion de vias aereas + intoxicacion,1,2,0,BO_1979_03435,Causas externas de morbilidad y de mortalidad
AOVA+LOC,AOVA+LOC,asfixia por obstruccion de vias aereas + enfermedad organica del corazon,6,2,0,"BO_1975_03834,BO_1975_04434,BO_1976_00422,BO_1976_04455,BO_1978_01233",Causas externas de morbilidad y de mortalidad + Enfermedades del sistema circulatorio
LOC+AOVA,AOVA+LOC,asfixia por obstruccion de vias aereas + enfermedad organica del corazon,1,2,0,BO_1979_04968,Causas externas de morbilidad y de mortalidad + Enfermedades del sistema circulatorio
AOVA + LOC,AOVA+LOC,asfixia por obstruccion de vias aereas + enfermedad organica del corazon,1,2,0,BO_1975_00448,Causas externas de morbilidad y de mortalidad + Enfermedades del sistema circulatorio
AOVA+LOP,AOVA+LOC,asfixia por obstruccion de vias aereas + enfermedad organica del corazon,1,2,0,BO_1978_03099,Causas externas de morbilidad y de mortalidad + Enfermedades del sistema circulatorio
Rup AOVA nal + LOC,AOVA+LOC+Rup,asfixia por obstruccion de vias aereas + enfermedad organica del corazon + ruptura,1,4,1,BO_1976_01642,Causas externas de morbilidad y de mortalidad + Enfermedades del sistema circulatorio
AOVA+N,AOVA+N,asfixia por obstruccion de vias aereas + neumonia,1,2,0,BO_1975_03499,Causas externas de morbilidad y de mortalidad + Enfermedades del sistema respiratorio
AOxNecrosis,AOVA+Necro,asfixia por obstruccion de vias aereas + necrosis,1,2,0,BO_1976_06857,Causas externas de morbilidad y de mortalidad + Enfermedades de la piel y del tejido subcutáneo
AOVA+Panc,AOVA+Pancrea,asfixia por obstruccion de vias aereas + pancreatitis,1,2,0,BO_1976_02272,Causas externas de morbilidad y de mortalidad + Enfermedades del sistema digestivo
AOVA+Panc.,AOVA+Pancrea,asfixia por obstruccion de vias aereas + pancreatitis,1,2,0,BO_1977_05390,Causas externas de morbilidad y de mortalidad + Enfermedades del sistema digestivo
PN+AxOVA,AOVA+PN,asfixia por obstruccion de vias aereas + pleuro pneumonia,1,2,0,BO_1976_05945,Causas externas de morbilidad y de mortalidad + Enfermedades del sistema respiratorio
AOxQuem,AOVA+Quem,asfixia por obstruccion de vias aereas + quemaduras,4,2,0,"BO_1976_06797,BO_1976_06800,BO_1976_06828,BO_1976_06840",Causas externas de morbilidad y de mortalidad
Quem+AOVA,AOVA+Quem,asfixia por obstruccion de vias aereas + quemaduras,3,2,0,"BO_1977_02052,BO_1978_02566,BO_1978_04119",Causas externas de morbilidad y de mortalidad
AOVA+Quemaduras,AOVA+Quem,asfixia por obstruccion de vias aereas + quemaduras,1,2,0,BO_1975_04281,Causas externas de morbilidad y de mortalidad
AO+S,AOVA+Septi,asfixia por obstruccion de vias aereas + septicemia,1,2,0,BO_1979_01131,Causas externas de morbilidad y de mortalidad + Ciertas enfermedades infecciosas y parasitarias
TCA+AO,AOVA+TAC,asfixia por obstruccion de vias aereas + traumatismo abdomen craneo,1,2,0,BO_1975_05428,Causas externas de morbilidad y de mortalidad + Trauma
AOVA+TB,AOVA+TB,asfixia por obstruccion de vias aereas + tuberculosis,2,2,0,"BO_1974_02502,BO_1975_05012",Causas externas de morbilidad y de mortalidad + Ciertas enfermedades infecciosas y parasitarias
TCerM+AO,AOVA+TCCerM,asfixia por obstruccion de vias aereas + traumatismo craneo cervico medular,1,2,0,BO_1975_01342,Causas externas de morbilidad y de mortalidad + Trauma
AOVA+TCE,AOVA+TCE,asfixia por obstruccion de vias aereas + traumatismo craneo encefalico,4,2,0,"BO_1978_00871,BO_1978_02472,BO_1978_03882,BO_1979_02823",Causas externas de morbilidad y de mortalidad + Trauma
TCE+AOVA,AOVA+TCE,asfixia por obstruccion de vias aereas + traumatismo craneo encefalico,3,2,0,"BO_1975_04869,BO_1975_04995,BO_1979_05558",Causas externas de morbilidad y de mortalidad + Trauma
TCE+AO,AOVA+TCE,asfixia por obstruccion de vias aereas + traumatismo craneo encefalico,1,2,0,BO_1976_03212,Causas externas de morbilidad y de mortalidad + Trauma
TCE+AOV,AOVA+TCE,asfixia por obstruccion de vias aereas + traumatismo craneo encefalico,1,2,0,BO_1975_03089,Causas externas de morbilidad y de mortalidad + Trauma
AOVA+TC,AOVA+TCer,asfixia por obstruccion de vias aereas + traumatismo cervico,2,2,0,"BO_1974_03783,BO_1975_02863",Causas externas de morbilidad y de mortalidad + Trauma
TC+AOVA,AOVA+TCer,asfixia por obstruccion de vias aereas + traumatismo cervico,1,2,0,BO_1974_01462,Causas externas de morbilidad y de mortalidad + Trauma
TCT+AOVA,AOVA+TCT,asfixia por obstruccion de vias aereas + traumatismo craneo torax,2,2,0,"BO_1974_01690,BO_1975_02488",Causas externas de morbilidad y de mortalidad + Trauma
TM+AOVA,AOVA+TM,asfixia por obstruccion de vias aereas + traumatismo multiple,2,2,0,"BO_1975_06256,BO_1978_06435",Causas externas de morbilidad y de mortalidad + Trauma
AOVA+TM,AOVA+TM,asfixia por obstruccion de vias aereas + traumatismo multiple,1,2,0,BO_1978_02656,Causas externas de morbilidad y de mortalidad + Trauma
TMed+AOVA,AOVA+TMed,asfixia por obstruccion de vias aereas + traumatismo medular,1,2,0,BO_1976_05455,Causas externas de morbilidad y de mortalidad + Trauma
TMI+AOV,AOVA+TMi,asfixia por obstruccion de vias aereas + traumatismo miembro,1,2,0,BO_1976_00149,Causas externas de morbilidad y de mortalidad + Trauma
TP+AOVA,AOVA+TP,asfixia por obstruccion de vias aereas + traumatismo pelvis,1,2,0,BO_1976_00674,Causas externas de morbilidad y de mortalidad + Trauma
TCF+AOVA,AOVA+Trau,asfixia por obstruccion de vias aereas + traumatismo,1,2,0,BO_1978_02338,Causas externas de morbilidad y de mortalidad + Trauma
AOVA + VE sangre,AOVA+VE,asfixia por obstruccion de vias aereas + varices esofagicas,1,3,1,BO_1977_06544,Causas externas de morbilidad y de mortalidad + Enfermedades del sistema digestivo
AOVAxPaso desa[]+VE,AOVA+VE,asfixia por obstruccion de vias aereas + varices esofagicas,1,4,2,BO_1975_04965,Causas externas de morbilidad y de mortalidad + Enfermedades del sistema digestivo
Apendicitis,Apendicitis,apendicitis,1,1,0,BO_1977_00934,Enfermedades del sistema digestivo
Apendicitis+Per,Apendicitis+PER,apendicitis + peritonitis o perforacion,2,2,0,"BO_1975_05295,BO_1978_06622",Enfermedades del sistema digestivo
Apendicitis+S,Apendicitis+Septi,apendicitis + septicemia,1,2,0,BO_1978_02823,Ciertas enfermedades infecciosas y parasitarias + Enfermedades del sistema digestivo
AQ,AQ,amputacion quirurgica,7,1,0,"BO_1974_05554,BO_1974_05556,BO_1974_05582,BO_1974_05583,BO_1974_05624",Amputación
AQx,AQ,amputacion quirurgica,3,1,0,"BO_1977_07090,BO_1977_07096,BO_1977_07134",Amputación
AQx?,AQ,amputacion quirurgica,2,1,0,"BO_1977_07001,BO_1977_07002",Amputación
AQxMachac,AQ,amputacion quirurgica,2,2,1,"BO_1975_06703,BO_1975_06704",Amputación
Amputacion,AQ,amputacion quirurgica,1,1,0,BO_1976_00834,Amputación
AQxElectroc.,AQ,amputacion quirurgica,1,2,1,BO_1977_07113,Amputación
AQxND,AQ,amputacion quirurgica,1,2,1,BO_1978_07026,Amputación
AQxPseudoartrosis,AQ,amputacion quirurgica,1,2,1,BO_1975_06717,Amputación
AQxAgenos,AQ,amputacion quirurgica,1,2,1,BO_1975_06743,Amputación
AQx quem elec,AQ,amputacion quirurgica,1,3,2,BO_1975_06774,Amputación
AQOsTeom,AQ,amputacion quirurgica,1,2,1,BO_1977_07063,Amputación
AQx Lesion U,AQ,amputacion quirurgica,1,2,1,BO_1978_00431,Amputación
AQx electroc,AQ,amputacion quirurgica,1,2,1,BO_1975_06812,Amputación
AQx gang trau,AQ,amputacion quirurgica,1,3,2,BO_1975_06802,Amputación
AQx oseometria,AQ,amputacion quirurgica,1,2,1,BO_1975_06839,Amputación
AQxTratamiento,AQ,amputacion quirurgica,1,2,1,BO_1977_07049,Amputación
AQxV,AQ,amputacion quirurgica,1,2,1,BO_1977_07030,Amputación
AQxYS,AQ,amputacion quirurgica,1,2,1,BO_1978_07027,Amputación
AQxDiabetes,AQ+Diabetes,amputacion quirurgica + diabetes,2,2,0,"BO_1977_07079,BO_1979_07341","Amputación + Enfermedades endocrinas, nutricionales y metabólicas"
AQxD,AQ+Diabetes,amputacion quirurgica + diabetes,2,2,0,"BO_1977_07100,BO_1977_07157","Amputación + Enfermedades endocrinas, nutricionales y metabólicas"
AQx isquemia x electrocucion,AQ+Electroc,amputacion quirurgica + electrocucion,2,3,1,"BO_1975_06792,BO_1975_06804",Amputación + Causas externas de morbilidad y de mortalidad
Quem+AQ Electrocucion,AQ+Electroc+Quem,amputacion quirurgica + electrocucion + quemaduras,1,3,0,BO_1979_07385,Amputación + Causas externas de morbilidad y de mortalidad
AQx Quem.Electroc.,AQ+Electroc+Quem,amputacion quirurgica + electrocucion + quemaduras,1,3,0,BO_1977_07076,Amputación + Causas externas de morbilidad y de mortalidad
AQx Quem.x Electroc.,AQ+Electroc+Quem,amputacion quirurgica + electrocucion + quemaduras,1,3,0,BO_1977_07126,Amputación + Causas externas de morbilidad y de mortalidad
AQxGang,AQ+Gang,amputacion quirurgica + gangrena,5,2,0,"BO_1979_07250,BO_1979_07312,BO_1979_07316,BO_1979_07344,BO_1979_07345",Amputación + Enfermedades de la piel y del tejido subcutáneo
AQxGangrena,AQ+Gang,amputacion quirurgica + gangrena,3,2,0,"BO_1975_06702,BO_1975_06770,BO_1979_07230",Amputación + Enfermedades de la piel y del tejido subcutáneo
AQxGangre,AQ+Gang,amputacion quirurgica + gangrena,2,2,0,"BO_1976_06816,BO_1976_06817",Amputación + Enfermedades de la piel y del tejido subcutáneo
AQ+Gangrena,AQ+Gang,amputacion quirurgica + gangrena,1,2,0,BO_1977_06981,Amputación + Enfermedades de la piel y del tejido subcutáneo
AQxGan,AQ+Gang,amputacion quirurgica + gangrena,1,2,0,BO_1977_07097,Amputación + Enfermedades de la piel y del tejido subcutáneo
AQXGangrena,AQ+Gang,amputacion quirurgica + gangrena,1,2,0,BO_1978_07019,Amputación + Enfermedades de la piel y del tejido subcutáneo
AQxHIPC,AQ+HIPC,amputacion quirurgica + herida punzo cortante,2,2,0,"BO_1975_06707,BO_1977_07080",Amputación + Herida punzo cortante
AQxHPAF,AQ+HPAF,amputacion quirurgica + herida arma fuego,3,2,0,"BO_1975_06729,BO_1975_06789,BO_1977_07008",Amputación + Herida por arma de fuego
AQ+HPAF,AQ+HPAF,amputacion quirurgica + herida arma fuego,1,2,0,BO_1974_05577,Amputación + Herida por arma de fuego
HPAF+AQ,AQ+HPAF,amputacion quirurgica + herida arma fuego,1,2,0,BO_1977_06987,Amputación + Herida por arma de fuego
AQxHP,AQ+HPAFT,amputacion quirurgica + herida arma fuego torax,1,2,0,BO_1977_07092,Amputación + Herida por arma de fuego
AQxInfec,AQ+Infec,amputacion quirurgica + infeccion,1,2,0,BO_1979_07308,Amputación + Ciertas enfermedades infecciosas y parasitarias
AQxInfecc,AQ+Infec,amputacion quirurgica + infeccion,1,2,0,BO_1979_07419,Amputación + Ciertas enfermedades infecciosas y parasitarias
AQx Infec.,AQ+Infec,amputacion quirurgica + infeccion,1,2,0,BO_1977_07153,Amputación + Ciertas enfermedades infecciosas y parasitarias
AQx Insuf.Vasc.,AQ+Insuf+Vascu,amputacion quirurgica + insuficiencia + vascular,1,3,0,BO_1977_07055,Amputación
AQx insificiencia vascular,AQ+Insuf+Vascu,amputacion quirurgica + insuficiencia + vascular,1,3,0,BO_1975_06841,Amputación
AMsIs+SH,AQ+MI+SH,amputacion quirurgica + miembro + shock,1,3,0,BO_1977_06400,Amputación
AQxNecrosis,AQ+Necro,amputacion quirurgica + necrosis,1,2,0,BO_1977_06993,Amputación + Enfermedades de la piel y del tejido subcutáneo
AQxNecrosis+Dial,AQ+Necro,amputacion quirurgica + necrosis,1,3,1,BO_1977_07057,Amputación + Enfermedades de la piel y del tejido subcutáneo
AQx osteomelit,AQ+Osteomielitis,amputacion quirurgica + osteomielitis,1,2,0,BO_1975_06790,Amputación + Enfermedades del sistema osteomuscular y del tejido conjuntivo
AQxQuem,AQ+Quem,amputacion quirurgica + quemaduras,8,2,0,"BO_1978_07003,BO_1978_07052,BO_1978_07053,BO_1978_07090,BO_1978_07094",Amputación + Causas externas de morbilidad y de mortalidad
AQxQuemaduras,AQ+Quem,amputacion quirurgica + quemaduras,4,2,0,"BO_1975_06741,BO_1978_06996,BO_1978_07048,BO_1979_07431",Amputación + Causas externas de morbilidad y de mortalidad
AQx Quem.,AQ+Quem,amputacion quirurgica + quemaduras,2,2,0,"BO_1977_07119,BO_1977_07151",Amputación + Causas externas de morbilidad y de mortalidad
AQx quemadura,AQ+Quem,amputacion quirurgica + quemaduras,1,2,0,BO_1975_06831,Amputación + Causas externas de morbilidad y de mortalidad
AQxQ,AQ+Quem,amputacion quirurgica + quemaduras,1,2,0,BO_1977_07109,Amputación + Causas externas de morbilidad y de mortalidad
AQx Q...,AQ+Quem,amputacion quirurgica + quemaduras,1,2,0,BO_1977_07043,Amputación + Causas externas de morbilidad y de mortalidad
AQx Trombosis,AQ+Trombo,amputacion quirurgica + trombosis,1,2,0,BO_1975_06843,Amputación + Enfermedades del sistema circulatorio
AQxTrombosis,AQ+Trombo,amputacion quirurgica + trombosis,1,2,0,BO_1975_06819,Amputación + Enfermedades del sistema circulatorio
AQxL Vasc,AQ+Vascu,amputacion quirurgica + vascular,1,2,0,BO_1978_06995,Amputación
AQxT,AQXT,amputacion quirurgica por traumatismo,466,1,0,"BO_1975_06705,BO_1975_06706,BO_1975_06710,BO_1975_06711,BO_1975_06712",Amputación
AOxT,AQXT,amputacion quirurgica por traumatismo,87,1,0,"BO_1976_02417,BO_1976_06767,BO_1976_06768,BO_1976_06769,BO_1976_06770",Amputación
AQT,AQXT,amputacion quirurgica por traumatismo,47,1,0,"BO_1974_05558,BO_1974_05565,BO_1974_05566,BO_1974_05567,BO_1974_05568",Amputación
AOxT+,AQXT,amputacion quirurgica por traumatismo,2,1,0,"BO_1976_06833,BO_1976_06887",Amputación
AQ x T,AQXT,amputacion quirurgica por traumatismo,1,1,0,BO_1978_02269,Amputación
AOxT+Esfacela,AQXT,amputacion quirurgica por traumatismo,1,2,1,BO_1976_06783,Amputación
AOxTA,AQXT,amputacion quirurgica por traumatismo,1,1,0,BO_1976_06839,Amputación
ACxT,AQXT,amputacion quirurgica por traumatismo,1,1,0,BO_1979_02460,Amputación
AoXT,AQXT,amputacion quirurgica por traumatismo,1,1,0,BO_1979_07020,Amputación
AQxT OCE,AQXT,amputacion quirurgica por traumatismo,1,2,1,BO_1979_07417,Amputación
AQxT+,AQXT,amputacion quirurgica por traumatismo,1,1,0,BO_1975_06752,Amputación
AQT+,AQXT,amputacion quirurgica por traumatismo,1,1,0,BO_1977_07029,Amputación
AQx gangrena,AQXT,amputacion quirurgica por traumatismo,1,1,0,BO_1975_06821,Amputación
AQxT y Mac,AQXT,amputacion quirurgica por traumatismo,1,2,1,BO_1975_06758,Amputación
AQxT+Colitis,AQXT,amputacion quirurgica por traumatismo,1,2,1,BO_1975_06728,Amputación
AQxT+Isquemia,AQXT,amputacion quirurgica por traumatismo,1,2,1,BO_1975_06725,Amputación
AQxTahuem,AQXT,amputacion quirurgica por traumatismo,1,2,1,BO_1978_07114,Amputación
AQxTs,AQXT,amputacion quirurgica por traumatismo,1,1,0,BO_1977_07045,Amputación
AQxt,AQXT,amputacion quirurgica por traumatismo,1,1,0,BO_1979_07327,Amputación
HPAF AQxT,AQXT,amputacion quirurgica por traumatismo,1,1,0,BO_1979_07232,Amputación
AQxTDiabetes,AQXT+Diabetes,amputacion quirurgica por traumatismo + diabetes,1,2,0,BO_1975_06786,"Amputación + Enfermedades endocrinas, nutricionales y metabólicas"
AQxT x isquemia x electrocucion,AQXT+Electroc,amputacion quirurgica por traumatismo + electrocucion,1,3,1,BO_1975_06805,Amputación + Causas externas de morbilidad y de mortalidad
AQxT+Gang,AQXT+Gang,amputacion quirurgica por traumatismo + gangrena,7,2,0,"BO_1975_06736,BO_1975_06861,BO_1978_07014,BO_1978_07018,BO_1978_07065",Amputación + Enfermedades de la piel y del tejido subcutáneo
AOxT+Gang,AQXT+Gang,amputacion quirurgica por traumatismo + gangrena,7,2,0,"BO_1976_06777,BO_1976_06778,BO_1976_06780,BO_1976_06786,BO_1976_06848",Amputación + Enfermedades de la piel y del tejido subcutáneo
AQxT+gangrena,AQXT+Gang,amputacion quirurgica por traumatismo + gangrena,4,2,0,"BO_1975_06784,BO_1975_06810,BO_1975_06818,BO_1975_06824",Amputación + Enfermedades de la piel y del tejido subcutáneo
AQ G,AQXT+Gang,amputacion quirurgica por traumatismo + gangrena,2,2,0,"BO_1974_05630,BO_1974_05665",Amputación + Enfermedades de la piel y del tejido subcutáneo
AQxTgangrena,AQXT+Gang,amputacion quirurgica por traumatismo + gangrena,2,2,0,"BO_1975_06798,BO_1975_06807",Amputación + Enfermedades de la piel y del tejido subcutáneo
AQxT Gangrena,AQXT+Gang,amputacion quirurgica por traumatismo + gangrena,2,2,0,"BO_1977_07129,BO_1979_07276",Amputación + Enfermedades de la piel y del tejido subcutáneo
AQxT+Gangrena,AQXT+Gang,amputacion quirurgica por traumatismo + gangrena,2,2,0,"BO_1979_07265,BO_1979_07320",Amputación + Enfermedades de la piel y del tejido subcutáneo
AQxT+G,AQXT+Gang,amputacion quirurgica por traumatismo + gangrena,2,2,0,"BO_1977_07155,BO_1977_07159",Amputación + Enfermedades de la piel y del tejido subcutáneo
AOxTM+Gang,AQXT+Gang,amputacion quirurgica por traumatismo + gangrena,1,2,0,BO_1976_06776,Amputación + Enfermedades de la piel y del tejido subcutáneo
AQxT+ gangrena,AQXT+Gang,amputacion quirurgica por traumatismo + gangrena,1,2,0,BO_1975_06828,Amputación + Enfermedades de la piel y del tejido subcutáneo
AQxT+Gang.,AQXT+Gang,amputacion quirurgica por traumatismo + gangrena,1,2,0,BO_1977_07121,Amputación + Enfermedades de la piel y del tejido subcutáneo
HsPAFPostas AOX,AQXT+HPAF,amputacion quirurgica por traumatismo + herida arma fuego,1,2,0,BO_1976_06774,Amputación + Herida por arma de fuego
AQxT+Inf,AQXT+Inf,amputacion quirurgica por traumatismo + infarto o infeccion,3,2,0,"BO_1978_07089,BO_1978_07110,BO_1979_07268",Amputación + Ciertas enfermedades infecciosas y parasitarias
AOxT+Inf.,AQXT+Inf,amputacion quirurgica por traumatismo + infarto o infeccion,3,2,0,"BO_1976_06808,BO_1976_06900,BO_1976_06901",Amputación + Ciertas enfermedades infecciosas y parasitarias
AQxT+Infeccion,AQXT+Infec,amputacion quirurgica por traumatismo + infeccion,2,2,0,"BO_1979_07252,BO_1979_07416",Amputación + Ciertas enfermedades infecciosas y parasitarias
AOxT+Infec,AQXT+Infec,amputacion quirurgica por traumatismo + infeccion,1,2,0,BO_1976_06785,Amputación + Ciertas enfermedades infecciosas y parasitarias
AQxT+Infec.,AQXT+Infec,amputacion quirurgica por traumatismo + infeccion,1,2,0,BO_1977_07122,Amputación + Ciertas enfermedades infecciosas y parasitarias
AQxT.Infec.,AQXT+Infec,amputacion quirurgica por traumatismo + infeccion,1,2,0,BO_1977_07070,Amputación + Ciertas enfermedades infecciosas y parasitarias
AQxt+Infeccion,AQXT+Infec,amputacion quirurgica por traumatismo + infeccion,1,2,0,BO_1979_07405,Amputación + Ciertas enfermedades infecciosas y parasitarias
AQxT+MI+S,AQXT+MI+Septi,amputacion quirurgica por traumatismo + miembro + septicemia,1,3,0,BO_1979_05553,Amputación + Ciertas enfermedades infecciosas y parasitarias
AQxT+Necrosis,AQXT+Necro,amputacion quirurgica por traumatismo + necrosis,3,2,0,"BO_1975_06768,BO_1975_06800,BO_1975_06853",Amputación + Enfermedades de la piel y del tejido subcutáneo
AOxT+Nec,AQXT+Necro,amputacion quirurgica por traumatismo + necrosis,2,2,0,"BO_1976_06850,BO_1976_06858",Amputación + Enfermedades de la piel y del tejido subcutáneo
AQxT+necrosis,AQXT+Necro,amputacion quirurgica por traumatismo + necrosis,2,2,0,"BO_1975_06722,BO_1975_06727",Amputación + Enfermedades de la piel y del tejido subcutáneo
AOxT+Necrosis,AQXT+Necro,amputacion quirurgica por traumatismo + necrosis,1,2,0,BO_1976_06784,Amputación + Enfermedades de la piel y del tejido subcutáneo
AQxT+Nec.,AQXT+Necro,amputacion quirurgica por traumatismo + necrosis,1,2,0,BO_1977_07074,Amputación + Enfermedades de la piel y del tejido subcutáneo
AQxT+necro,AQXT+Necro,amputacion quirurgica por traumatismo + necrosis,1,2,0,BO_1975_06708,Amputación + Enfermedades de la piel y del tejido subcutáneo
AQxT+necroso,AQXT+Necro,amputacion quirurgica por traumatismo + necrosis,1,2,0,BO_1975_06709,Amputación + Enfermedades de la piel y del tejido subcutáneo
AQxT c/soc vasc ne,AQXT+Necro+Vascu,amputacion quirurgica por traumatismo + necrosis + vascular,1,4,1,BO_1975_06782,Amputación + Enfermedades de la piel y del tejido subcutáneo
AQxT+Osteo,AQXT+Osteo,amputacion quirurgica por traumatismo + osteo,2,2,0,"BO_1979_07266,BO_1979_07408",Amputación
AQxT osteo,AQXT+Osteo,amputacion quirurgica por traumatismo + osteo,1,2,0,BO_1975_06826,Amputación
AQxT Osteomielitis,AQXT+Osteomielitis,amputacion quirurgica por traumatismo + osteomielitis,1,2,0,BO_1977_06977,Amputación + Enfermedades del sistema osteomuscular y del tejido conjuntivo
AOxT+Quem,AQXT+Quem,amputacion quirurgica por traumatismo + quemaduras,1,2,0,BO_1976_06831,Amputación + Causas externas de morbilidad y de mortalidad
AQxT Quem.,AQXT+Quem,amputacion quirurgica por traumatismo + quemaduras,1,2,0,BO_1977_07124,Amputación + Causas externas de morbilidad y de mortalidad
AOxT+S,AQXT+Septi,amputacion quirurgica por traumatismo + septicemia,1,2,0,BO_1976_06878,Amputación + Ciertas enfermedades infecciosas y parasitarias
AQxT+S,AQXT+Septi,amputacion quirurgica por traumatismo + septicemia,1,2,0,BO_1977_07044,Amputación + Ciertas enfermedades infecciosas y parasitarias
AQxT trastorno vascular,AQXT+Vascu,amputacion quirurgica por traumatismo + vascular,1,3,1,BO_1975_06814,Amputación
AQMI,AQXTMi,amputacion quirurgica por traumatismo miembro,3,1,0,"BO_1974_05544,BO_1974_05545,BO_1974_05547",Amputación
AQM,AQXTMi,amputacion quirurgica por traumatismo miembro,1,1,0,BO_1978_07028,Amputación
AQM+Inf,AQXTMi,amputacion quirurgica por traumatismo miembro,1,1,0,BO_1974_05553,Amputación
AQxTM,AQXTMi,amputacion quirurgica por traumatismo miembro,1,1,0,BO_1978_07010,Amputación
AQxTMI,AQXTMi,amputacion quirurgica por traumatismo miembro,1,1,0,BO_1978_07020,Amputación
BN+AQMI,AQXTMi+BN,amputacion quirurgica por traumatismo miembro + bronconeumonia,1,2,0,BO_1974_04215,Amputación + Enfermedades del sistema respiratorio
AQMI-BN,AQXTMi+BN,amputacion quirurgica por traumatismo miembro + bronconeumonia,1,2,0,BO_1974_01982,Amputación + Enfermedades del sistema respiratorio
AQMS+Gan+Quem,AQXTMi+Gang+Quem,amputacion quirurgica por traumatismo miembro + gangrena + quemaduras,1,3,0,BO_1976_02938,Amputación + Causas externas de morbilidad y de mortalidad + Enfermedades de la piel y del tejido subcutáneo
AQTratam,AQxTrat,amputacion quirurgica por tratamiento,1,1,0,BO_1978_07030,Amputación
AQTratAA,AQxTrat+AXA,amputacion quirurgica por tratamiento + asfixia por ahorcamiento,1,2,0,BO_1976_06814,Amputación + Causas externas de morbilidad y de mortalidad
ASB,ASB,asfixia por sumersion,537,1,0,"BO_1974_00024,BO_1974_00035,BO_1974_00056,BO_1974_00164,BO_1974_00190",Causas externas de morbilidad y de mortalidad
asb,ASB,asfixia por sumersion,2,1,0,"BO_1974_02786,BO_1975_05230",Causas externas de morbilidad y de mortalidad
(con viota de Exp.) ASB,ASB,asfixia por sumersion,1,2,1,BO_1975_03549,Causas externas de morbilidad y de mortalidad
ASB+,ASB,asfixia por sumersion,1,1,0,BO_1977_00482,Causas externas de morbilidad y de mortalidad
ASB+Violacion,ASB,asfixia por sumersion,1,2,1,BO_1974_04840,Causas externas de morbilidad y de mortalidad
ASB+BN,ASB+BN,asfixia por sumersion + bronconeumonia,2,2,0,"BO_1975_03307,BO_1979_04888",Causas externas de morbilidad y de mortalidad + Enfermedades del sistema respiratorio
ASB+CH,ASB+CH,asfixia por sumersion + cirrosis hepatica,1,2,0,BO_1974_05080,Causas externas de morbilidad y de mortalidad + Enfermedades del sistema digestivo
ASB+Intox,ASB+Intox,asfixia por sumersion + intoxicacion,1,2,0,BO_1974_00794,Causas externas de morbilidad y de mortalidad
ASB+LOC,ASB+LOC,asfixia por sumersion + enfermedad organica del corazon,3,2,0,"BO_1974_01226,BO_1974_04833,BO_1976_05971",Causas externas de morbilidad y de mortalidad + Enfermedades del sistema circulatorio
Quem+ASB,ASB+Quem,asfixia por sumersion + quemaduras,1,2,0,BO_1979_00871,Causas externas de morbilidad y de mortalidad
TA+ASB,ASB+TA,asfixia por sumersion + traumatismo abdomen,1,2,0,BO_1979_01734,Causas externas de morbilidad y de mortalidad + Trauma
TCCerv+ASB,ASB+TCCer,asfixia por sumersion + traumatismo craneo cervico,1,2,0,BO_1978_05758,Causas externas de morbilidad y de mortalidad + Trauma
ASB+TCE,ASB+TCE,asfixia por sumersion + traumatismo craneo encefalico,3,2,0,"BO_1975_01070,BO_1976_02998,BO_1976_05894",Causas externas de morbilidad y de mortalidad + Trauma
TCE+ASB,ASB+TCE,asfixia por sumersion + traumatismo craneo encefalico,2,2,0,"BO_1976_02929,BO_1977_04250",Causas externas de morbilidad y de mortalidad + Trauma
TM+ASB,ASB+TM,asfixia por sumersion + traumatismo multiple,1,2,0,BO_1974_02677,Causas externas de morbilidad y de mortalidad + Trauma
TP+ASB,ASB+TP,asfixia por sumersion + traumatismo pelvis,1,2,0,BO_1976_05521,Causas externas de morbilidad y de mortalidad + Trauma
AS,ASF,asfixia,75,1,0,"BO_1974_00134,BO_1974_00878,BO_1974_01278,BO_1974_03089,BO_1974_03136",Causas externas de morbilidad y de mortalidad
ASF,ASF,asfixia,13,1,0,"BO_1974_00111,BO_1974_00274,BO_1974_01478,BO_1974_02935,BO_1975_01045",Causas externas de morbilidad y de mortalidad
As+Explos,ASF,asfixia,1,2,1,BO_1979_01385,Causas externas de morbilidad y de mortalidad
Asfixia por,ASF,asfixia,1,1,0,BO_1976_06659,Causas externas de morbilidad y de mortalidad
AsxBronoaspiracion,ASF,asfixia,1,2,1,BO_1979_04733,Causas externas de morbilidad y de mortalidad
ASF+ProlonFritis,ASF,asfixia,1,2,1,BO_1975_01048,Causas externas de morbilidad y de mortalidad
AxObsxAS,ASF+AXA,asfixia + asfixia por ahorcamiento,1,3,1,BO_1978_06064,Causas externas de morbilidad y de mortalidad
AA+AS,ASF+AXA,asfixia + asfixia por ahorcamiento,1,2,0,BO_1974_02985,Causas externas de morbilidad y de mortalidad
AS+BN,ASF+BN,asfixia + bronconeumonia,1,2,0,BO_1978_04039,Causas externas de morbilidad y de mortalidad + Enfermedades del sistema respiratorio
AS+En,ASF+ENT,asfixia + enteritis,1,2,0,BO_1976_03107,Causas externas de morbilidad y de mortalidad + Enfermedades del sistema digestivo
ASxUleraGastrica,ASF+Gastr+Ulcera,asfixia + gastro + ulcera,1,3,0,BO_1975_04107,Causas externas de morbilidad y de mortalidad + Enfermedades del sistema digestivo
AS+Hem,ASF+Hemo,asfixia + hemorragia,1,2,0,BO_1976_00561,Causas externas de morbilidad y de mortalidad
AS+LOC,ASF+LOC,asfixia + enfermedad organica del corazon,1,2,0,BO_1975_01694,Causas externas de morbilidad y de mortalidad + Enfermedades del sistema circulatorio
TCE+As Post. partum,ASF+PostParto+TCE,asfixia + postparto + traumatismo craneo encefalico,1,3,0,BO_1976_06256,"Causas externas de morbilidad y de mortalidad + Embarazo, parto y puerperio + Trauma"
Quem+AS,ASF+Quem,asfixia + quemaduras,1,2,0,BO_1979_06800,Causas externas de morbilidad y de mortalidad
TB+AS,ASF+TB,asfixia + tuberculosis,2,2,0,"BO_1975_03545,BO_1975_04521",Causas externas de morbilidad y de mortalidad + Ciertas enfermedades infecciosas y parasitarias
ASF+TB,ASF+TB,asfixia + tuberculosis,1,2,0,BO_1974_03648,Causas externas de morbilidad y de mortalidad + Ciertas enfermedades infecciosas y parasitarias
TCE+AS,ASF+TCE,asfixia + traumatismo craneo encefalico,3,2,0,"BO_1976_05901,BO_1979_04223,BO_1979_06381",Causas externas de morbilidad y de mortalidad + Trauma
ASF+TCer,ASF+TCer,asfixia + traumatismo cervico,1,2,0,BO_1976_00453,Causas externas de morbilidad y de mortalidad + Trauma
TCT+AS,ASF+TCT,asfixia + traumatismo craneo torax,1,2,0,BO_1975_02918,Causas externas de morbilidad y de mortalidad + Trauma
TT+AS,ASF+TT,asfixia + traumatismo torax,1,2,0,BO_1975_06670,Causas externas de morbilidad y de mortalidad + Trauma
AT,AT,amputacion traumatica,29,1,0,"BO_1974_05575,BO_1974_05602,BO_1974_05607,BO_1974_05614,BO_1974_05615",Amputación
AAHxAT,AT,amputacion traumatica,1,2,1,BO_1979_04649,Amputación
Ovioreta Dispensa,Avionetazo+Dispensa,avionetazo + dispensa,1,2,0,BO_1976_04769,Causas externas de morbilidad y de mortalidad
"Dispensa ""avionetazo""",Avionetazo+Dispensa,avionetazo + dispensa,1,2,0,BO_1976_01835,Causas externas de morbilidad y de mortalidad
Dispensa AVIO,Avionetazo+Dispensa,avionetazo + dispensa,1,2,0,BO_1976_02712,Causas externas de morbilidad y de mortalidad
AA,AXA,asfixia por ahorcamiento,514,1,0,"BO_1974_00025,BO_1974_00070,BO_1974_00100,BO_1974_00114,BO_1974_00126",Causas externas de morbilidad y de mortalidad
AxA,AXA,asfixia por ahorcamiento,27,1,0,"BO_1978_00062,BO_1978_00071,BO_1978_00762,BO_1978_00862,BO_1978_01873",Causas externas de morbilidad y de mortalidad
AxAH,AXA,asfixia por ahorcamiento,11,1,0,"BO_1979_00834,BO_1979_00932,BO_1979_01241,BO_1979_01826,BO_1979_01961",Causas externas de morbilidad y de mortalidad
AxBA,AXA,asfixia por ahorcamiento,6,2,1,"BO_1979_00483,BO_1979_03224,BO_1979_04463,BO_1979_04470,BO_1979_06260",Causas externas de morbilidad y de mortalidad
AH,AXA,asfixia por ahorcamiento,5,1,0,"BO_1974_00596,BO_1974_00680,BO_1974_04554,BO_1976_06069,BO_1976_06488",Causas externas de morbilidad y de mortalidad
AXAH,AXA,asfixia por ahorcamiento,4,1,0,"BO_1979_00837,BO_1979_00838,BO_1979_01813,BO_1979_01819",Causas externas de morbilidad y de mortalidad
AxOVASPA,AXA,asfixia por ahorcamiento,4,2,1,"BO_1978_02265,BO_1979_03605,BO_1979_04491,BO_1979_06258",Causas externas de morbilidad y de mortalidad
AxE,AXA,asfixia por ahorcamiento,3,2,1,"BO_1978_03839,BO_1978_03958,BO_1978_06024",Causas externas de morbilidad y de mortalidad
AXA,AXA,asfixia por ahorcamiento,2,1,0,"BO_1974_00730,BO_1974_02870",Causas externas de morbilidad y de mortalidad
AAxHIE,AXA,asfixia por ahorcamiento,2,2,1,"BO_1978_05972,BO_1979_05738",Causas externas de morbilidad y de mortalidad
aa,AXA,asfixia por ahorcamiento,1,1,0,BO_1974_02504,Causas externas de morbilidad y de mortalidad
AxXAH,AXA,asfixia por ahorcamiento,1,2,1,BO_1979_02923,Causas externas de morbilidad y de mortalidad
AxXBA,AXA,asfixia por ahorcamiento,1,2,1,BO_1979_01117,Causas externas de morbilidad y de mortalidad
AxXEST,AXA,asfixia por ahorcamiento,1,2,1,BO_1979_02161,Causas externas de morbilidad y de mortalidad
AxXVACG,AXA,asfixia por ahorcamiento,1,2,1,BO_1979_05742,Causas externas de morbilidad y de mortalidad
AxOVAxPerAI,AXA,asfixia por ahorcamiento,1,3,2,BO_1978_04265,Causas externas de morbilidad y de mortalidad
AxOVASPPA,AXA,asfixia por ahorcamiento,1,2,1,BO_1979_02362,Causas externas de morbilidad y de mortalidad
AxOVAS,AXA,asfixia por ahorcamiento,1,2,1,BO_1979_07105,Causas externas de morbilidad y de mortalidad
AxOVAPPA,AXA,asfixia por ahorcamiento,1,2,1,BO_1979_04033,Causas externas de morbilidad y de mortalidad
Ax quem,AXA,asfixia por ahorcamiento,1,2,1,BO_1975_06778,Causas externas de morbilidad y de mortalidad
Ax/Xe,AXA,asfixia por ahorcamiento,1,2,1,BO_1979_01119,Causas externas de morbilidad y de mortalidad
Ax/xS,AXA,asfixia por ahorcamiento,1,2,1,BO_1979_03612,Causas externas de morbilidad y de mortalidad
AxABA,AXA,asfixia por ahorcamiento,1,2,1,BO_1979_02658,Causas externas de morbilidad y de mortalidad
AxAHTP,AXA,asfixia por ahorcamiento,1,2,1,BO_1979_04481,Causas externas de morbilidad y de mortalidad
AxBA+FH,AXA,asfixia por ahorcamiento,1,3,2,BO_1979_04607,Causas externas de morbilidad y de mortalidad
AxBRON,AXA,asfixia por ahorcamiento,1,2,1,BO_1976_04495,Causas externas de morbilidad y de mortalidad
AxBRONCOASPIRA,AXA,asfixia por ahorcamiento,1,2,1,BO_1978_02292,Causas externas de morbilidad y de mortalidad
AxBRONCOASPIRACION,AXA,asfixia por ahorcamiento,1,2,1,BO_1978_02135,Causas externas de morbilidad y de mortalidad
AxBroncoAspiracion,AXA,asfixia por ahorcamiento,1,2,1,BO_1975_03415,Causas externas de morbilidad y de mortalidad
AxCompreToracica,AXA,asfixia por ahorcamiento,1,3,2,BO_1976_03135,Causas externas de morbilidad y de mortalidad
AxEstrangulacion,AXA,asfixia por ahorcamiento,1,2,1,BO_1978_06969,Causas externas de morbilidad y de mortalidad
AxFXOVSPa,AXA,asfixia por ahorcamiento,1,2,1,BO_1979_00353,Causas externas de morbilidad y de mortalidad
AxFxS,AXA,asfixia por ahorcamiento,1,2,1,BO_1979_05633,Causas externas de morbilidad y de mortalidad
AxH,AXA,asfixia por ahorcamiento,1,2,1,BO_1978_02227,Causas externas de morbilidad y de mortalidad
AxI,AXA,asfixia por ahorcamiento,1,2,1,BO_1974_04780,Causas externas de morbilidad y de mortalidad
AxOBASPA,AXA,asfixia por ahorcamiento,1,2,1,BO_1979_01585,Causas externas de morbilidad y de mortalidad
AxOVAPA,AXA,asfixia por ahorcamiento,1,2,1,BO_1978_06080,Causas externas de morbilidad y de mortalidad
Ax COMPRESION DE CUELLO,AXA,asfixia por ahorcamiento,1,3,2,BO_1978_00647,Causas externas de morbilidad y de mortalidad
Ax Bc Asp,AXA,asfixia por ahorcamiento,1,2,1,BO_1978_01381,Causas externas de morbilidad y de mortalidad
AA+CHPC,AXA,asfixia por ahorcamiento,1,2,1,BO_1975_01786,Causas externas de morbilidad y de mortalidad
AA+H,AXA,asfixia por ahorcamiento,1,2,1,BO_1976_01792,Causas externas de morbilidad y de mortalidad
AAXTPECPT,AXA,asfixia por ahorcamiento,1,2,1,BO_1979_00532,Causas externas de morbilidad y de mortalidad
AAxEI,AXA,asfixia por ahorcamiento,1,2,1,BO_1979_02111,Causas externas de morbilidad y de mortalidad
AAxFIxFC,AXA,asfixia por ahorcamiento,1,3,2,BO_1979_01396,Causas externas de morbilidad y de mortalidad
A AxHIxExSTD,AXA,asfixia por ahorcamiento,1,3,2,BO_1979_01587,Causas externas de morbilidad y de mortalidad
A Suspension,AXA,asfixia por ahorcamiento,1,2,1,BO_1979_06513,Causas externas de morbilidad y de mortalidad
A broncoaspiracion,AXA,asfixia por ahorcamiento,1,2,1,BO_1978_05475,Causas externas de morbilidad y de mortalidad
A x SB,AXA,asfixia por ahorcamiento,1,2,1,BO_1978_01406,Causas externas de morbilidad y de mortalidad
AAxH PcP,AXA,asfixia por ahorcamiento,1,2,1,BO_1978_00172,Causas externas de morbilidad y de mortalidad
AH+er,AXA,asfixia por ahorcamiento,1,2,1,BO_1975_00476,Causas externas de morbilidad y de mortalidad
AAxSMV,AXA,asfixia por ahorcamiento,1,2,1,BO_1979_05848,Causas externas de morbilidad y de mortalidad
AXE,AXA,asfixia por ahorcamiento,1,2,1,BO_1979_05370,Causas externas de morbilidad y de mortalidad
AXE+IVG,AXA,asfixia por ahorcamiento,1,3,2,BO_1979_06602,Causas externas de morbilidad y de mortalidad
AXOVAR,AXA,asfixia por ahorcamiento,1,2,1,BO_1979_07208,Causas externas de morbilidad y de mortalidad
AXXE,AXA,asfixia por ahorcamiento,1,2,1,BO_1979_06884,Causas externas de morbilidad y de mortalidad
AXCVAS,AXA,asfixia por ahorcamiento,1,2,1,BO_1979_04831,Causas externas de morbilidad y de mortalidad
AX/XAO,AXA,asfixia por ahorcamiento,1,2,1,BO_1979_02663,Causas externas de morbilidad y de mortalidad
AX BRONCO,AXA,asfixia por ahorcamiento,1,2,1,BO_1977_06116,Causas externas de morbilidad y de mortalidad
BN+AH,AXA+BN,asfixia por ahorcamiento + bronconeumonia,7,2,0,"BO_1974_04226,BO_1975_03105,BO_1975_04634,BO_1976_05679,BO_1977_06594",Causas externas de morbilidad y de mortalidad + Enfermedades del sistema respiratorio
AxBronco,AXA+BN,asfixia por ahorcamiento + bronconeumonia,1,2,0,BO_1975_01059,Causas externas de morbilidad y de mortalidad + Enfermedades del sistema respiratorio
AXBronco,AXA+BN,asfixia por ahorcamiento + bronconeumonia,1,2,0,BO_1974_02796,Causas externas de morbilidad y de mortalidad + Enfermedades del sistema respiratorio
AxBroncoaspiracion,AXA+Broncoaspiracion,asfixia por ahorcamiento + broncoaspiracion,4,2,0,"BO_1978_02753,BO_1978_03721,BO_1978_06467,BO_1978_06669",Causas externas de morbilidad y de mortalidad
ABroncoaspiracion,AXA+Broncoaspiracion,asfixia por ahorcamiento + broncoaspiracion,1,2,0,BO_1978_06980,Causas externas de morbilidad y de mortalidad
AA+CH,AXA+CH,asfixia por ahorcamiento + cirrosis hepatica,3,2,0,"BO_1976_02322,BO_1976_04532,BO_1979_02232",Causas externas de morbilidad y de mortalidad + Enfermedades del sistema digestivo
AA+C,AXA+CH,asfixia por ahorcamiento + cirrosis hepatica,2,2,0,"BO_1976_02704,BO_1977_06384",Causas externas de morbilidad y de mortalidad + Enfermedades del sistema digestivo
AxA + CH,AXA+CH,asfixia por ahorcamiento + cirrosis hepatica,1,2,0,BO_1978_03101,Causas externas de morbilidad y de mortalidad + Enfermedades del sistema digestivo
AxS+VE+CH,AXA+CH+Septi+VE,asfixia por ahorcamiento + cirrosis hepatica + septicemia + varices esofagicas,1,4,0,BO_1975_03590,Causas externas de morbilidad y de mortalidad + Ciertas enfermedades infecciosas y parasitarias + Enfermedades del sistema digestivo
AxS y CVG,AXA+CVG+Septi,asfixia por ahorcamiento + congestion visceral generalizada + septicemia,1,3,0,BO_1978_02923,Causas externas de morbilidad y de mortalidad + Ciertas enfermedades infecciosas y parasitarias
AxS+CVG,AXA+CVG+Septi,asfixia por ahorcamiento + congestion visceral generalizada + septicemia,1,3,0,BO_1975_04706,Causas externas de morbilidad y de mortalidad + Ciertas enfermedades infecciosas y parasitarias
AA+HE,AXA+Hemo,asfixia por ahorcamiento + hemorragia,2,2,0,"BO_1976_00172,BO_1976_00220",Causas externas de morbilidad y de mortalidad
AA+9+HE,AXA+Hemo,asfixia por ahorcamiento + hemorragia,1,3,1,BO_1978_00369,Causas externas de morbilidad y de mortalidad
TCE+AxHE,AXA+Hemo+TCE,asfixia por ahorcamiento + hemorragia + traumatismo craneo encefalico,1,3,0,BO_1978_06660,Causas externas de morbilidad y de mortalidad + Trauma
AA+HI,AXA+HIPC,asfixia por ahorcamiento + herida punzo cortante,1,2,0,BO_1977_01794,Causas externas de morbilidad y de mortalidad + Herida punzo cortante
AAxHIyEyHsIPcP,AXA+HIPC,asfixia por ahorcamiento + herida punzo cortante,1,3,1,BO_1978_02058,Causas externas de morbilidad y de mortalidad + Herida punzo cortante
HIPcPCuello+AA,AXA+HIPCCu,asfixia por ahorcamiento + herida punzo cortante cuello,1,2,0,BO_1978_04632,Causas externas de morbilidad y de mortalidad + Herida punzo cortante
AA x HIPcPT,AXA+HIPCT,asfixia por ahorcamiento + herida punzo cortante torax,1,2,0,BO_1978_01971,Causas externas de morbilidad y de mortalidad + Herida punzo cortante
AA+HIPCPTA,AXA+HIPCTA,asfixia por ahorcamiento + herida punzo cortante torax abdomen,1,2,0,BO_1975_05108,Causas externas de morbilidad y de mortalidad + Herida punzo cortante
AAxHPAF,AXA+HPAF,asfixia por ahorcamiento + herida arma fuego,1,2,0,BO_1978_03393,Causas externas de morbilidad y de mortalidad + Herida por arma de fuego
AAxHsPsAFP,AXA+HPAF,asfixia por ahorcamiento + herida arma fuego,1,2,0,BO_1978_03375,Causas externas de morbilidad y de mortalidad + Herida por arma de fuego
SHHV+AA+HPAF,AXA+HPAF+SHHV,asfixia por ahorcamiento + herida arma fuego + shock hipovolemico,1,3,0,BO_1976_02580,Causas externas de morbilidad y de mortalidad + Herida por arma de fuego
AA+LOC,AXA+LOC,asfixia por ahorcamiento + enfermedad organica del corazon,8,2,0,"BO_1975_00446,BO_1975_02507,BO_1975_02528,BO_1975_02583,BO_1975_02621",Causas externas de morbilidad y de mortalidad + Enfermedades del sistema circulatorio
AxA + EOC,AXA+LOC,asfixia por ahorcamiento + enfermedad organica del corazon,1,2,0,BO_1978_01852,Causas externas de morbilidad y de mortalidad + Enfermedades del sistema circulatorio
AxS+EOC,AXA+LOC+Septi,asfixia por ahorcamiento + enfermedad organica del corazon + septicemia,1,3,0,BO_1979_03247,Causas externas de morbilidad y de mortalidad + Ciertas enfermedades infecciosas y parasitarias + Enfermedades del sistema circulatorio
N+AH,AXA+N,asfixia por ahorcamiento + neumonia,1,2,0,BO_1975_00610,Causas externas de morbilidad y de mortalidad + Enfermedades del sistema respiratorio
AH+N,AXA+N,asfixia por ahorcamiento + neumonia,1,2,0,BO_1974_04595,Causas externas de morbilidad y de mortalidad + Enfermedades del sistema respiratorio
AA+Per,AXA+PER,asfixia por ahorcamiento + peritonitis o perforacion,1,2,0,BO_1976_01237,Causas externas de morbilidad y de mortalidad + Enfermedades del sistema digestivo
PerxAH+Perf Intest,AXA+PER+Perf,asfixia por ahorcamiento + perforacion + peritonitis o perforacion,1,4,1,BO_1975_00875,Causas externas de morbilidad y de mortalidad + Enfermedades del sistema digestivo
PN+AH,AXA+PN,asfixia por ahorcamiento + pleuro pneumonia,1,2,0,BO_1978_06671,Causas externas de morbilidad y de mortalidad + Enfermedades del sistema respiratorio
A:SFxQuem,AXA+Quem,asfixia por ahorcamiento + quemaduras,1,3,1,BO_1978_02754,Causas externas de morbilidad y de mortalidad
AxS,AXA+Septi,asfixia por ahorcamiento + septicemia,4,2,0,"BO_1978_01422,BO_1978_01640,BO_1978_02720,BO_1979_01808",Causas externas de morbilidad y de mortalidad + Ciertas enfermedades infecciosas y parasitarias
AA+SH,AXA+SH,asfixia por ahorcamiento + shock,1,2,0,BO_1974_02954,Causas externas de morbilidad y de mortalidad
AA+TA,AXA+TA,asfixia por ahorcamiento + traumatismo abdomen,1,2,0,BO_1975_05149,Causas externas de morbilidad y de mortalidad + Trauma
AA x TAP,AXA+TAP,asfixia por ahorcamiento + traumatismo abdomen pelvis,1,2,0,BO_1978_02647,Causas externas de morbilidad y de mortalidad + Trauma
AA+TB,AXA+TB,asfixia por ahorcamiento + tuberculosis,2,2,0,"BO_1975_00053,BO_1975_00163",Causas externas de morbilidad y de mortalidad + Ciertas enfermedades infecciosas y parasitarias
AA+TCE,AXA+TCE,asfixia por ahorcamiento + traumatismo craneo encefalico,3,2,0,"BO_1975_06678,BO_1976_05230,BO_1976_06550",Causas externas de morbilidad y de mortalidad + Trauma
AA+TMI,AXA+TMi,asfixia por ahorcamiento + traumatismo miembro,2,2,0,"BO_1978_03315,BO_1978_04859",Causas externas de morbilidad y de mortalidad + Trauma
AAxHIXTMsI,AXA+TMiI,asfixia por ahorcamiento + traumatismo miembro inferior,1,3,1,BO_1978_01472,Causas externas de morbilidad y de mortalidad + Trauma
AAxT,AXA+Trau,asfixia por ahorcamiento + traumatismo,2,2,0,"BO_1976_03092,BO_1977_02654",Causas externas de morbilidad y de mortalidad + Trauma
BNT,BBNT,bronconeumonia no traumatica,15,1,0,"BO_1974_04768,BO_1978_01248,BO_1978_01861,BO_1978_02287,BO_1978_02529",Enfermedades del sistema respiratorio
BBNT,BBNT,bronconeumonia no traumatica,10,1,0,"BO_1978_06961,BO_1979_01592,BO_1979_02661,BO_1979_02790,BO_1979_03237",Enfermedades del sistema respiratorio
BN+T,BBNT,bronconeumonia no traumatica,8,1,0,"BO_1976_01014,BO_1977_00812,BO_1977_02148,BO_1977_03031,BO_1977_03531",Enfermedades del sistema respiratorio
BNT+E,BBNT,bronconeumonia no traumatica,4,2,1,"BO_1979_01507,BO_1979_02167,BO_1979_05632,BO_1979_06264",Enfermedades del sistema respiratorio
NBNT,BBNT,bronconeumonia no traumatica,3,1,0,"BO_1979_04473,BO_1979_06257,BO_1979_06822",Enfermedades del sistema respiratorio
BnoT,BBNT,bronconeumonia no traumatica,2,1,0,"BO_1978_06065,BO_1979_06494",Enfermedades del sistema respiratorio
BNT+EH,BBNT,bronconeumonia no traumatica,2,2,1,"BO_1979_06234,BO_1979_06550",Enfermedades del sistema respiratorio
BBNOT,BBNT,bronconeumonia no traumatica,2,1,0,"BO_1978_02974,BO_1979_06330",Enfermedades del sistema respiratorio
BBNT+E,BBNT,bronconeumonia no traumatica,2,2,1,"BO_1979_04029,BO_1979_04871",Enfermedades del sistema respiratorio
BBNoT,BBNT,bronconeumonia no traumatica,2,1,0,"BO_1979_06651,BO_1979_06652",Enfermedades del sistema respiratorio
M+BNT,BBNT,bronconeumonia no traumatica,1,2,1,BO_1979_06291,Enfermedades del sistema respiratorio
B no T,BBNT,bronconeumonia no traumatica,1,1,0,BO_1978_05689,Enfermedades del sistema respiratorio
BBnTyE,BBNT,bronconeumonia no traumatica,1,2,1,BO_1979_06878,Enfermedades del sistema respiratorio
BBnoT,BBNT,bronconeumonia no traumatica,1,1,0,BO_1979_02354,Enfermedades del sistema respiratorio
BBnoTE,BBNT,bronconeumonia no traumatica,1,2,1,BO_1979_05649,Enfermedades del sistema respiratorio
BBnTxHIE,BBNT,bronconeumonia no traumatica,1,2,1,BO_1979_06528,Enfermedades del sistema respiratorio
BB no T,BBNT,bronconeumonia no traumatica,1,1,0,BO_1978_04605,Enfermedades del sistema respiratorio
BNT+DNT,BBNT,bronconeumonia no traumatica,1,2,1,BO_1978_04533,Enfermedades del sistema respiratorio
BnoT en FHG,BBNT,bronconeumonia no traumatica,1,2,1,BO_1979_04819,Enfermedades del sistema respiratorio
BNT+P,BBNT,bronconeumonia no traumatica,1,2,1,BO_1979_01439,Enfermedades del sistema respiratorio
NBNTxCA,BBNT+CA,bronconeumonia no traumatica + cancer,1,2,0,BO_1979_05074,Enfermedades del sistema respiratorio + Tumores (neoplasias)
NBNT+CA,BBNT+CA,bronconeumonia no traumatica + cancer,1,2,0,BO_1979_00359,Enfermedades del sistema respiratorio + Tumores (neoplasias)
BNT+CH,BBNT+CH,bronconeumonia no traumatica + cirrosis hepatica,11,2,0,"BO_1978_06361,BO_1979_01827,BO_1979_05373,BO_1979_06285,BO_1979_06490",Enfermedades del sistema digestivo + Enfermedades del sistema respiratorio
BBNT+CH,BBNT+CH,bronconeumonia no traumatica + cirrosis hepatica,8,2,0,"BO_1979_02929,BO_1979_03787,BO_1979_04601,BO_1979_06671,BO_1979_06820",Enfermedades del sistema digestivo + Enfermedades del sistema respiratorio
BnoT+CH,BBNT+CH,bronconeumonia no traumatica + cirrosis hepatica,2,2,0,"BO_1978_06060,BO_1979_06531",Enfermedades del sistema digestivo + Enfermedades del sistema respiratorio
NBnT+CH,BBNT+CH,bronconeumonia no traumatica + cirrosis hepatica,1,2,0,BO_1979_02783,Enfermedades del sistema digestivo + Enfermedades del sistema respiratorio
BBnT+CH,BBNT+CH,bronconeumonia no traumatica + cirrosis hepatica,1,2,0,BO_1979_04824,Enfermedades del sistema digestivo + Enfermedades del sistema respiratorio
BBnoT+CH,BBNT+CH,bronconeumonia no traumatica + cirrosis hepatica,1,2,0,BO_1978_06406,Enfermedades del sistema digestivo + Enfermedades del sistema respiratorio
BB no T+CH,BBNT+CH,bronconeumonia no traumatica + cirrosis hepatica,1,2,0,BO_1978_05971,Enfermedades del sistema digestivo + Enfermedades del sistema respiratorio
BBNT +CH,BBNT+CH,bronconeumonia no traumatica + cirrosis hepatica,1,2,0,BO_1979_03228,Enfermedades del sistema digestivo + Enfermedades del sistema respiratorio
BNO T + CH,BBNT+CH,bronconeumonia no traumatica + cirrosis hepatica,1,2,0,BO_1978_01697,Enfermedades del sistema digestivo + Enfermedades del sistema respiratorio
BNOTCH,BBNT+CH,bronconeumonia no traumatica + cirrosis hepatica,1,2,0,BO_1979_03325,Enfermedades del sistema digestivo + Enfermedades del sistema respiratorio
BnoI+CH,BBNT+CH,bronconeumonia no traumatica + cirrosis hepatica,1,2,0,BO_1978_06307,Enfermedades del sistema digestivo + Enfermedades del sistema respiratorio
BNTCH,BBNT+CH,bronconeumonia no traumatica + cirrosis hepatica,1,2,0,BO_1979_06277,Enfermedades del sistema digestivo + Enfermedades del sistema respiratorio
BnoT+Ent,BBNT+ENT,bronconeumonia no traumatica + enteritis,1,2,0,BO_1979_04122,Enfermedades del sistema digestivo + Enfermedades del sistema respiratorio
BNT+EP,BBNT+EP,bronconeumonia no traumatica + edema pulmonar,1,2,0,BO_1978_02414,Enfermedades del sistema respiratorio
BBnt+hc,BBNT+HC,bronconeumonia no traumatica + hemorragia cerebral o herida cortante,1,2,0,BO_1979_01263,Causas externas de morbilidad y de mortalidad + Enfermedades del sistema respiratorio
HC+BNT,BBNT+HC,bronconeumonia no traumatica + hemorragia cerebral o herida cortante,1,2,0,BO_1979_06288,Causas externas de morbilidad y de mortalidad + Enfermedades del sistema respiratorio
BNT+EOC,BBNT+LOC,bronconeumonia no traumatica + enfermedad organica del corazon,1,2,0,BO_1978_02258,Enfermedades del sistema circulatorio + Enfermedades del sistema respiratorio
Per+BNxT,BBNT+PER,bronconeumonia no traumatica + peritonitis o perforacion,1,2,0,BO_1975_02495,Enfermedades del sistema digestivo + Enfermedades del sistema respiratorio
PNBNT,BBNT+PN,bronconeumonia no traumatica + pleuro pneumonia,1,2,0,BO_1979_05272,Enfermedades del sistema respiratorio
PNbN+TCE,BBNT+PN+TCE,bronconeumonia no traumatica + pleuro pneumonia + traumatismo craneo encefalico,1,3,0,BO_1978_00365,Enfermedades del sistema respiratorio + Trauma
bN+Quem,BBNT+Quem,bronconeumonia no traumatica + quemaduras,1,2,0,BO_1978_00363,Causas externas de morbilidad y de mortalidad + Enfermedades del sistema respiratorio
Quem+bN,BBNT+Quem,bronconeumonia no traumatica + quemaduras,1,2,0,BO_1978_01001,Causas externas de morbilidad y de mortalidad + Enfermedades del sistema respiratorio
TCE+bN,BBNT+TCE,bronconeumonia no traumatica + traumatismo craneo encefalico,1,2,0,BO_1978_02056,Enfermedades del sistema respiratorio + Trauma
BNT+TPC,BBNT+TCP,bronconeumonia no traumatica + traumatismo craneo pelvis,2,2,0,"BO_1979_06855,BO_1979_06887",Enfermedades del sistema respiratorio + Trauma
BnoT+TPC,BBNT+TCP,bronconeumonia no traumatica + traumatismo craneo pelvis,1,2,0,BO_1979_04650,Enfermedades del sistema respiratorio + Trauma
BN,BN,bronconeumonia,1826,1,0,"BO_1974_00005,BO_1974_00008,BO_1974_00011,BO_1974_00023,BO_1974_00076",Enfermedades del sistema respiratorio
BN+,BN,bronconeumonia,16,1,0,"BO_1976_01471,BO_1976_01588,BO_1976_01603,BO_1976_02235,BO_1976_02303",Enfermedades del sistema respiratorio
BxCQ,BN,bronconeumonia,7,2,1,"BO_1979_01126,BO_1979_01534,BO_1979_02928,BO_1979_03846,BO_1979_03873",Enfermedades del sistema respiratorio
BN+E,BN,bronconeumonia,6,2,1,"BO_1974_03370,BO_1975_01215,BO_1976_00854,BO_1976_02554,BO_1977_00428",Enfermedades del sistema respiratorio
BN+L,BN,bronconeumonia,5,2,1,"BO_1975_00479,BO_1975_02668,BO_1976_01192,BO_1977_02896,BO_1977_06608",Enfermedades del sistema respiratorio
Bronco,BN,bronconeumonia,5,1,0,"BO_1974_04770,BO_1974_04775,BO_1974_04781,BO_1974_04786,BO_1977_05327",Enfermedades del sistema respiratorio
BB,BN,bronconeumonia,4,1,0,"BO_1979_00828,BO_1979_02360,BO_1979_03106,BO_1979_04476",Enfermedades del sistema respiratorio
B,BN,bronconeumonia,3,1,0,"BO_1974_03215,BO_1974_03473,BO_1975_00575",Enfermedades del sistema respiratorio
BxTMP,BN,bronconeumonia,2,2,1,"BO_1979_02656,BO_1979_04482",Enfermedades del sistema respiratorio
BN+Ulceras,BN,bronconeumonia,2,2,1,"BO_1977_05872,BO_1977_05873",Enfermedades del sistema respiratorio
BN+Pielonefritis,BN,bronconeumonia,2,2,1,"BO_1978_02421,BO_1978_06691",Enfermedades del sistema respiratorio
B+CQ,BN,bronconeumonia,2,2,1,"BO_1978_01712,BO_1978_03695",Enfermedades del sistema respiratorio
BBxCQ,BN,bronconeumonia,2,2,1,"BO_1978_05410,BO_1979_02920",Enfermedades del sistema respiratorio
BB+CQ,BN,bronconeumonia,2,2,1,"BO_1978_05013,BO_1979_04472",Enfermedades del sistema respiratorio
BN+Ente,BN,bronconeumonia,2,2,1,"BO_1976_00121,BO_1976_03845",Enfermedades del sistema respiratorio
BN+P,BN,bronconeumonia,2,2,1,"BO_1976_02847,BO_1976_03329",Enfermedades del sistema respiratorio
P-EURO BN,BN,bronconeumonia,1,3,2,BO_1978_03944,Enfermedades del sistema respiratorio
NBxCQ,BN,bronconeumonia,1,2,1,BO_1979_05076,Enfermedades del sistema respiratorio
P-BN,BN,bronconeumonia,1,2,1,BO_1978_03449,Enfermedades del sistema respiratorio
TR+BN,BN,bronconeumonia,1,2,1,BO_1979_02778,Enfermedades del sistema respiratorio
cardioangioesclerosis y BN,BN,bronconeumonia,1,2,1,BO_1974_03371,Enfermedades del sistema respiratorio
MPyB,BN,bronconeumonia,1,2,1,BO_1974_03299,Enfermedades del sistema respiratorio
MP+BN,BN,bronconeumonia,1,2,1,BO_1975_05530,Enfermedades del sistema respiratorio
TCAT+BN,BN,bronconeumonia,1,2,1,BO_1976_00219,Enfermedades del sistema respiratorio
TCB+BN,BN,bronconeumonia,1,2,1,BO_1979_01739,Enfermedades del sistema respiratorio
TAE+BN,BN,bronconeumonia,1,2,1,BO_1976_06454,Enfermedades del sistema respiratorio
TCCE+BN,BN,bronconeumonia,1,2,1,BO_1979_01539,Enfermedades del sistema respiratorio
TMP+BN,BN,bronconeumonia,1,2,1,BO_1979_00765,Enfermedades del sistema respiratorio
TMID+B,BN,bronconeumonia,1,2,1,BO_1975_01332,Enfermedades del sistema respiratorio
TMII+BN,BN,bronconeumonia,1,2,1,BO_1975_01844,Enfermedades del sistema respiratorio
Pielonef+BN,BN,bronconeumonia,1,2,1,BO_1975_03204,Enfermedades del sistema respiratorio
Q+B,BN,bronconeumonia,1,2,1,BO_1974_02595,Enfermedades del sistema respiratorio
T+BN,BN,bronconeumonia,1,2,1,BO_1976_00334,Enfermedades del sistema respiratorio
BN+AbsHe,BN,bronconeumonia,1,2,1,BO_1975_05986,Enfermedades del sistema respiratorio
BN+Arteroesclerosis coronaria,BN,bronconeumonia,1,2,1,BO_1978_06704,Enfermedades del sistema respiratorio
BN+BN,BN,bronconeumonia,1,2,0,BO_1979_03045,Enfermedades del sistema respiratorio
BN+CD,BN,bronconeumonia,1,2,1,BO_1977_03523,Enfermedades del sistema respiratorio
BN+CT,BN,bronconeumonia,1,2,1,BO_1978_05874,Enfermedades del sistema respiratorio
BN+Deshidrat,BN,bronconeumonia,1,2,1,BO_1975_02219,Enfermedades del sistema respiratorio
BN+E Aoison,BN,bronconeumonia,1,2,1,BO_1978_06194,Enfermedades del sistema respiratorio
BN+EA,BN,bronconeumonia,1,2,1,BO_1974_01445,Enfermedades del sistema respiratorio
BN+AOM,BN,bronconeumonia,1,2,1,BO_1974_02723,Enfermedades del sistema respiratorio
BN+AB,BN,bronconeumonia,1,2,1,BO_1977_03719,Enfermedades del sistema respiratorio
BN InhaladorThiner,BN,bronconeumonia,1,3,2,BO_1979_01284,Enfermedades del sistema respiratorio
BN TMinf,BN,bronconeumonia,1,2,1,BO_1975_03510,Enfermedades del sistema respiratorio
BN x Hernia Es,BN,bronconeumonia,1,2,1,BO_1979_03929,Enfermedades del sistema respiratorio
BN y Hidro...,BN,bronconeumonia,1,2,1,BO_1976_06481,Enfermedades del sistema respiratorio
BN+ REB CER,BN,bronconeumonia,1,3,2,BO_1974_04349,Enfermedades del sistema respiratorio
BN+A,BN,bronconeumonia,1,2,1,BO_1977_05061,Enfermedades del sistema respiratorio
BN+EH,BN,bronconeumonia,1,2,1,BO_1977_05904,Enfermedades del sistema respiratorio
BN+Glomerulo,BN,bronconeumonia,1,2,1,BO_1974_00670,Enfermedades del sistema respiratorio
BN+HEM,BN,bronconeumonia,1,2,1,BO_1974_02653,Enfermedades del sistema respiratorio
BN+HEMINTCRA,BN,bronconeumonia,1,2,1,BO_1974_01540,Enfermedades del sistema respiratorio
BN+Hidroc,BN,bronconeumonia,1,2,1,BO_1975_02018,Enfermedades del sistema respiratorio
BN+IP,BN,bronconeumonia,1,2,1,BO_1974_03300,Enfermedades del sistema respiratorio
BN+Infarto C,BN,bronconeumonia,1,2,1,BO_1975_03509,Enfermedades del sistema respiratorio
BN+Inmadurez,BN,bronconeumonia,1,2,1,BO_1978_03202,Enfermedades del sistema respiratorio
BN+Int+AL,BN,bronconeumonia,1,3,2,BO_1979_04802,Enfermedades del sistema respiratorio
BN+LC,BN,bronconeumonia,1,2,1,BO_1976_05558,Enfermedades del sistema respiratorio
BN+LOA,BN,bronconeumonia,1,2,1,BO_1978_00064,Enfermedades del sistema respiratorio
BN+M,BN,bronconeumonia,1,2,1,BO_1975_03823,Enfermedades del sistema respiratorio
BN+H,BN,bronconeumonia,1,2,1,BO_1976_03604,Enfermedades del sistema respiratorio
BN+EN ES,BN,bronconeumonia,1,2,1,BO_1974_01161,Enfermedades del sistema respiratorio
BN+ENTA,BN,bronconeumonia,1,2,1,BO_1974_01599,Enfermedades del sistema respiratorio
BN+EO,BN,bronconeumonia,1,2,1,BO_1977_01863,Enfermedades del sistema respiratorio
BN+Emt+Desro,BN,bronconeumonia,1,3,2,BO_1978_00835,Enfermedades del sistema respiratorio
BN+EnTi,BN,bronconeumonia,1,2,1,BO_1975_01574,Enfermedades del sistema respiratorio
BN+Enf,BN,bronconeumonia,1,2,1,BO_1976_02141,Enfermedades del sistema respiratorio
BN+Entero,BN,bronconeumonia,1,2,1,BO_1975_05359,Enfermedades del sistema respiratorio
BN+Entertis,BN,bronconeumonia,1,2,1,BO_1975_05941,Enfermedades del sistema respiratorio
BN+Eoteritis,BN,bronconeumonia,1,2,1,BO_1976_01223,Enfermedades del sistema respiratorio
BN+Focos Sep,BN,bronconeumonia,1,2,1,BO_1978_05245,Enfermedades del sistema respiratorio
BN+GH,BN,bronconeumonia,1,2,1,BO_1976_05572,Enfermedades del sistema respiratorio
B Bx C Q,BN,bronconeumonia,1,2,1,BO_1979_02495,Enfermedades del sistema respiratorio
B+E,BN,bronconeumonia,1,2,1,BO_1978_00257,Enfermedades del sistema respiratorio
B+IA,BN,bronconeumonia,1,2,1,BO_1974_02459,Enfermedades del sistema respiratorio
B+PTA,BN,bronconeumonia,1,2,1,BO_1979_01390,Enfermedades del sistema respiratorio
B+TRI,BN,bronconeumonia,1,2,1,BO_1974_00139,Enfermedades del sistema respiratorio
BBxFF,BN,bronconeumonia,1,2,1,BO_1979_02127,Enfermedades del sistema respiratorio
BBxNP,BN,bronconeumonia,1,2,1,BO_1979_04483,Enfermedades del sistema respiratorio
BBxTIA,BN,bronconeumonia,1,2,1,BO_1979_02405,Enfermedades del sistema respiratorio
BBzCQ,BN,bronconeumonia,1,2,1,BO_1979_00582,Enfermedades del sistema respiratorio
BN (Ascaris Lumbri),BN,bronconeumonia,1,2,1,BO_1975_05297,Enfermedades del sistema respiratorio
B+TnT,BN,bronconeumonia,1,2,1,BO_1979_07222,Enfermedades del sistema respiratorio
BB+BAPFP,BN,bronconeumonia,1,2,1,BO_1979_00132,Enfermedades del sistema respiratorio
BB+DPA,BN,bronconeumonia,1,2,1,BO_1979_04471,Enfermedades del sistema respiratorio
BB+TMIPI,BN,bronconeumonia,1,2,1,BO_1978_04609,Enfermedades del sistema respiratorio
BBCQ,BN,bronconeumonia,1,2,1,BO_1979_02171,Enfermedades del sistema respiratorio
BBCTCE,BN,bronconeumonia,1,2,1,BO_1978_02577,Enfermedades del sistema respiratorio
BBFTFD,BN,bronconeumonia,1,2,1,BO_1979_00825,Enfermedades del sistema respiratorio
BBNTC+H,BN,bronconeumonia,1,3,2,BO_1979_02919,Enfermedades del sistema respiratorio
BBNTE,BN,bronconeumonia,1,2,1,BO_1979_02349,Enfermedades del sistema respiratorio
BBNTc,BN,bronconeumonia,1,2,1,BO_1978_06968,Enfermedades del sistema respiratorio
BBTMPI,BN,bronconeumonia,1,2,1,BO_1979_03219,Enfermedades del sistema respiratorio
BBUT+HTC,BN,bronconeumonia,1,3,2,BO_1979_06249,Enfermedades del sistema respiratorio
BN+Malformacion congenita,BN,bronconeumonia,1,2,1,BO_1978_06949,Enfermedades del sistema respiratorio
CC+BN,BN,bronconeumonia,1,2,1,BO_1978_05426,Enfermedades del sistema respiratorio
CG+BN,BN,bronconeumonia,1,2,1,BO_1974_00438,Enfermedades del sistema respiratorio
BN+TMax I,BN,bronconeumonia,1,2,1,BO_1978_04212,Enfermedades del sistema respiratorio
BN+TMsINS,BN,bronconeumonia,1,2,1,BO_1974_01539,Enfermedades del sistema respiratorio
BN+TMsIP,BN,bronconeumonia,1,2,1,BO_1978_05380,Enfermedades del sistema respiratorio
BN+TS,BN,bronconeumonia,1,2,1,BO_1976_06038,Enfermedades del sistema respiratorio
BN+Ulcera Per,BN,bronconeumonia,1,2,1,BO_1979_05448,Enfermedades del sistema respiratorio
BN+Uleras=A,BN,bronconeumonia,1,2,1,BO_1978_00833,Enfermedades del sistema respiratorio
BNDT,BN,bronconeumonia,1,2,1,BO_1979_02601,Enfermedades del sistema respiratorio
BNH,BN,bronconeumonia,1,2,1,BO_1977_00120,Enfermedades del sistema respiratorio
BNME,BN,bronconeumonia,1,2,1,BO_1974_03530,Enfermedades del sistema respiratorio
BN+TMinf,BN,bronconeumonia,1,2,1,BO_1975_02222,Enfermedades del sistema respiratorio
BN+TMZ,BN,bronconeumonia,1,2,1,BO_1977_05679,Enfermedades del sistema respiratorio
BNPostT,BN,bronconeumonia,1,2,1,BO_1978_01775,Enfermedades del sistema respiratorio
BN+OH,BN,bronconeumonia,1,2,1,BO_1975_01013,Enfermedades del sistema respiratorio
BN+Pionefrosis,BN,bronconeumonia,1,2,1,BO_1976_03669,Enfermedades del sistema respiratorio
BN+REB,BN,bronconeumonia,1,2,1,BO_1974_04679,Enfermedades del sistema respiratorio
BN+TBC,BN,bronconeumonia,1,2,1,BO_1974_04606,Enfermedades del sistema respiratorio
BN+TCyR,BN,bronconeumonia,1,2,1,BO_1975_02095,Enfermedades del sistema respiratorio
BN+TMIder,BN,bronconeumonia,1,2,1,BO_1976_04639,Enfermedades del sistema respiratorio
BN+TMPI,BN,bronconeumonia,1,2,1,BO_1975_01796,Enfermedades del sistema respiratorio
Bn+InfCerv,BN,bronconeumonia,1,2,1,BO_1979_00949,Enfermedades del sistema respiratorio
BnEPc,BN,bronconeumonia,1,2,1,BO_1978_06557,Enfermedades del sistema respiratorio
Bx+TVer,BN,bronconeumonia,1,2,1,BO_1978_02367,Enfermedades del sistema respiratorio
BxFdeF,BN,bronconeumonia,1,2,1,BO_1979_01586,Enfermedades del sistema respiratorio
BxTAT,BN,bronconeumonia,1,2,1,BO_1979_04487,Enfermedades del sistema respiratorio
Bn+EH,BN,bronconeumonia,1,2,1,BO_1976_06280,Enfermedades del sistema respiratorio
Bn,BN,bronconeumonia,1,1,0,BO_1979_06229,Enfermedades del sistema respiratorio
BNXAsp,BN,bronconeumonia,1,2,1,BO_1976_04361,Enfermedades del sistema respiratorio
BNXMANIOBRAS ABORTIVAS,BN,bronconeumonia,1,3,2,BO_1974_01282,Enfermedades del sistema respiratorio
BYGE,BN,bronconeumonia,1,2,1,BO_1974_02079,Enfermedades del sistema respiratorio
AOMI+BN,BN,bronconeumonia,1,2,1,BO_1974_02051,Enfermedades del sistema respiratorio
"""Tetanos""+BN",BN,bronconeumonia,1,2,1,BO_1978_04996,Enfermedades del sistema respiratorio
A+BN,BN,bronconeumonia,1,2,1,BO_1979_01629,Enfermedades del sistema respiratorio
Asfixia x Bronco,BN,bronconeumonia,1,2,1,BO_1974_03905,Enfermedades del sistema respiratorio
IC+BN,BN,bronconeumonia,1,2,1,BO_1978_03862,Enfermedades del sistema respiratorio
IM+BN,BN,bronconeumonia,1,2,1,BO_1976_03567,Enfermedades del sistema respiratorio
Imod+BN,BN,bronconeumonia,1,2,1,BO_1974_01973,Enfermedades del sistema respiratorio
Cisticecosis+B,BN,bronconeumonia,1,2,1,BO_1975_01828,Enfermedades del sistema respiratorio
BN+CA,BN+CA,bronconeumonia + cancer,5,2,0,"BO_1978_00324,BO_1978_01506,BO_1978_01574,BO_1978_03485,BO_1979_04360",Enfermedades del sistema respiratorio + Tumores (neoplasias)
CA+BN,BN+CA,bronconeumonia + cancer,1,2,0,BO_1974_02491,Enfermedades del sistema respiratorio + Tumores (neoplasias)
BN+CH,BN+CH,bronconeumonia + cirrosis hepatica,715,2,0,"BO_1974_00004,BO_1974_00237,BO_1974_00283,BO_1974_00373,BO_1974_00382",Enfermedades del sistema digestivo + Enfermedades del sistema respiratorio
BN+C,BN+CH,bronconeumonia + cirrosis hepatica,47,2,0,"BO_1975_00250,BO_1975_00394,BO_1975_00461,BO_1975_00535,BO_1975_01035",Enfermedades del sistema digestivo + Enfermedades del sistema respiratorio
CH+BN,BN+CH,bronconeumonia + cirrosis hepatica,11,2,0,"BO_1975_00581,BO_1975_06007,BO_1976_00096,BO_1976_02750,BO_1976_05753",Enfermedades del sistema digestivo + Enfermedades del sistema respiratorio
Bn+CH,BN+CH,bronconeumonia + cirrosis hepatica,7,2,0,"BO_1979_02087,BO_1979_06206,BO_1979_06216,BO_1979_06307,BO_1979_06310",Enfermedades del sistema digestivo + Enfermedades del sistema respiratorio
BNCH,BN+CH,bronconeumonia + cirrosis hepatica,4,2,0,"BO_1976_02518,BO_1976_05930,BO_1976_06163,BO_1979_05732",Enfermedades del sistema digestivo + Enfermedades del sistema respiratorio
B+CH,BN+CH,bronconeumonia + cirrosis hepatica,4,2,0,"BO_1974_01664,BO_1975_01718,BO_1977_05232,BO_1979_06885",Enfermedades del sistema digestivo + Enfermedades del sistema respiratorio
BN + CH,BN+CH,bronconeumonia + cirrosis hepatica,3,2,0,"BO_1978_00125,BO_1979_03170,BO_1979_03206",Enfermedades del sistema digestivo + Enfermedades del sistema respiratorio
BN CH,BN+CH,bronconeumonia + cirrosis hepatica,3,2,0,"BO_1978_02687,BO_1978_05825,BO_1978_05976",Enfermedades del sistema digestivo + Enfermedades del sistema respiratorio
BN+Ch,BN+CH,bronconeumonia + cirrosis hepatica,2,2,0,"BO_1977_05716,BO_1977_05718",Enfermedades del sistema digestivo + Enfermedades del sistema respiratorio
BN+CH+Hip.Por,BN+CH,bronconeumonia + cirrosis hepatica,1,3,1,BO_1976_02858,Enfermedades del sistema digestivo + Enfermedades del sistema respiratorio
BN+CH+L,BN+CH,bronconeumonia + cirrosis hepatica,1,3,1,BO_1975_01602,Enfermedades del sistema digestivo + Enfermedades del sistema respiratorio
BN+CH+Pielona,BN+CH,bronconeumonia + cirrosis hepatica,1,3,1,BO_1976_05616,Enfermedades del sistema digestivo + Enfermedades del sistema respiratorio
BN +CH,BN+CH,bronconeumonia + cirrosis hepatica,1,2,0,BO_1979_03156,Enfermedades del sistema digestivo + Enfermedades del sistema respiratorio
BN+CH+TO,BN+CH,bronconeumonia + cirrosis hepatica,1,3,1,BO_1978_06195,Enfermedades del sistema digestivo + Enfermedades del sistema respiratorio
BN++CH,BN+CH,bronconeumonia + cirrosis hepatica,1,2,0,BO_1976_01231,Enfermedades del sistema digestivo + Enfermedades del sistema respiratorio
B y CH,BN+CH,bronconeumonia + cirrosis hepatica,1,2,0,BO_1974_04773,Enfermedades del sistema digestivo + Enfermedades del sistema respiratorio
ByCH,BN+CH,bronconeumonia + cirrosis hepatica,1,2,0,BO_1974_01651,Enfermedades del sistema digestivo + Enfermedades del sistema respiratorio
BNBAEP+CH,BN+CH,bronconeumonia + cirrosis hepatica,1,3,1,BO_1974_03951,Enfermedades del sistema digestivo + Enfermedades del sistema respiratorio
CVG+BN+CH,BN+CH+CVG,bronconeumonia + cirrosis hepatica + congestion visceral generalizada,1,3,0,BO_1975_02151,Enfermedades del sistema digestivo + Enfermedades del sistema respiratorio
DIABETES + BNEPCH,BN+CH+Diabetes+EP,bronconeumonia + cirrosis hepatica + diabetes + edema pulmonar,1,4,0,BO_1978_02970,"Enfermedades del sistema digestivo + Enfermedades del sistema respiratorio + Enfermedades endocrinas, nutricionales y metabólicas"
HC+BN+CH,BN+CH+HC,bronconeumonia + cirrosis hepatica + hemorragia cerebral o herida cortante,1,3,0,BO_1978_01553,Causas externas de morbilidad y de mortalidad + Enfermedades del sistema digestivo + Enfermedades del sistema respiratorio
LOC+BN+CH,BN+CH+LOC,bronconeumonia + cirrosis hepatica + enfermedad organica del corazon,1,3,0,BO_1977_03638,Enfermedades del sistema circulatorio + Enfermedades del sistema digestivo + Enfermedades del sistema respiratorio
BN+CH+LOC,BN+CH+LOC,bronconeumonia + cirrosis hepatica + enfermedad organica del corazon,1,3,0,BO_1978_01539,Enfermedades del sistema circulatorio + Enfermedades del sistema digestivo + Enfermedades del sistema respiratorio
BN+LOC+CH,BN+CH+LOC,bronconeumonia + cirrosis hepatica + enfermedad organica del corazon,1,3,0,BO_1978_04006,Enfermedades del sistema circulatorio + Enfermedades del sistema digestivo + Enfermedades del sistema respiratorio
B+CH+LOC,BN+CH+LOC,bronconeumonia + cirrosis hepatica + enfermedad organica del corazon,1,3,0,BO_1976_06092,Enfermedades del sistema circulatorio + Enfermedades del sistema digestivo + Enfermedades del sistema respiratorio
BN+PN+C,BN+CH+PN,bronconeumonia + cirrosis hepatica + pleuro pneumonia,1,3,0,BO_1974_01365,Enfermedades del sistema digestivo + Enfermedades del sistema respiratorio
BN+TB+CH,BN+CH+TB,bronconeumonia + cirrosis hepatica + tuberculosis,3,3,0,"BO_1974_04439,BO_1976_05691,BO_1976_05899",Ciertas enfermedades infecciosas y parasitarias + Enfermedades del sistema digestivo + Enfermedades del sistema respiratorio
BN+CH+TB,BN+CH+TB,bronconeumonia + cirrosis hepatica + tuberculosis,1,3,0,BO_1975_04735,Ciertas enfermedades infecciosas y parasitarias + Enfermedades del sistema digestivo + Enfermedades del sistema respiratorio
BN+TBCH,BN+CH+TB,bronconeumonia + cirrosis hepatica + tuberculosis,1,3,0,BO_1978_06468,Ciertas enfermedades infecciosas y parasitarias + Enfermedades del sistema digestivo + Enfermedades del sistema respiratorio
BN+TCE+CH,BN+CH+TCE,bronconeumonia + cirrosis hepatica + traumatismo craneo encefalico,2,3,0,"BO_1974_02798,BO_1974_03066",Enfermedades del sistema digestivo + Enfermedades del sistema respiratorio + Trauma
TCE+BN+CH,BN+CH+TCE,bronconeumonia + cirrosis hepatica + traumatismo craneo encefalico,2,3,0,"BO_1974_03153,BO_1975_02853",Enfermedades del sistema digestivo + Enfermedades del sistema respiratorio + Trauma
VE+BN+CH,BN+CH+VE,bronconeumonia + cirrosis hepatica + varices esofagicas,1,3,0,BO_1975_06393,Enfermedades del sistema digestivo + Enfermedades del sistema respiratorio
BN+Cisticercosis,BN+Cisticercosis,bronconeumonia + cisticercosis,1,2,0,BO_1975_00859,Ciertas enfermedades infecciosas y parasitarias + Enfermedades del sistema respiratorio
BN Cisticerco sis cerebral,BN+Cisticercosis,bronconeumonia + cisticercosis,1,3,1,BO_1976_00020,Ciertas enfermedades infecciosas y parasitarias + Enfermedades del sistema respiratorio
Cisticercosis+BN,BN+Cisticercosis,bronconeumonia + cisticercosis,1,2,0,BO_1976_05725,Ciertas enfermedades infecciosas y parasitarias + Enfermedades del sistema respiratorio
BN+CVG,BN+CVG,bronconeumonia + congestion visceral generalizada,14,2,0,"BO_1974_04191,BO_1974_04396,BO_1975_01905,BO_1975_02487,BO_1975_03172",Enfermedades del sistema respiratorio
CVG+BN,BN+CVG,bronconeumonia + congestion visceral generalizada,4,2,0,"BO_1976_05300,BO_1977_05592,BO_1977_05675,BO_1977_06627",Enfermedades del sistema respiratorio
BN+CV,BN+CVG,bronconeumonia + congestion visceral generalizada,2,2,0,"BO_1975_00772,BO_1979_00891",Enfermedades del sistema respiratorio
BBUTCVG,BN+CVG,bronconeumonia + congestion visceral generalizada,1,3,1,BO_1979_00824,Enfermedades del sistema respiratorio
BN-CV,BN+CVG,bronconeumonia + congestion visceral generalizada,1,2,0,BO_1975_00889,Enfermedades del sistema respiratorio
BN+Desnut,BN+Desnut,bronconeumonia + desnutricion,8,2,0,"BO_1975_05463,BO_1975_05636,BO_1975_05747,BO_1975_06392,BO_1976_01902","Enfermedades del sistema respiratorio + Enfermedades endocrinas, nutricionales y metabólicas"
BN+Desnutricion,BN+Desnut,bronconeumonia + desnutricion,5,2,0,"BO_1975_06352,BO_1976_06180,BO_1978_03473,BO_1978_06008,BO_1978_06038","Enfermedades del sistema respiratorio + Enfermedades endocrinas, nutricionales y metabólicas"
BN+Desmutricion,BN+Desnut,bronconeumonia + desnutricion,2,2,0,"BO_1978_06674,BO_1978_06675","Enfermedades del sistema respiratorio + Enfermedades endocrinas, nutricionales y metabólicas"
BN+Des,BN+Desnut,bronconeumonia + desnutricion,2,2,0,"BO_1976_00256,BO_1976_03179","Enfermedades del sistema respiratorio + Enfermedades endocrinas, nutricionales y metabólicas"
BN+DESNUT,BN+Desnut,bronconeumonia + desnutricion,2,2,0,"BO_1974_04227,BO_1978_03784","Enfermedades del sistema respiratorio + Enfermedades endocrinas, nutricionales y metabólicas"
BN+DES,BN+Desnut,bronconeumonia + desnutricion,1,2,0,BO_1974_03463,"Enfermedades del sistema respiratorio + Enfermedades endocrinas, nutricionales y metabólicas"
BN+Desno,BN+Desnut,bronconeumonia + desnutricion,1,2,0,BO_1978_06249,"Enfermedades del sistema respiratorio + Enfermedades endocrinas, nutricionales y metabólicas"
BN Desnutricion,BN+Desnut,bronconeumonia + desnutricion,1,2,0,BO_1978_00423,"Enfermedades del sistema respiratorio + Enfermedades endocrinas, nutricionales y metabólicas"
Bn+Desnut,BN+Desnut,bronconeumonia + desnutricion,1,2,0,BO_1979_06424,"Enfermedades del sistema respiratorio + Enfermedades endocrinas, nutricionales y metabólicas"
BN+Ent+Desn,BN+Desnut+ENT,bronconeumonia + desnutricion + enteritis,1,3,0,BO_1975_03210,"Enfermedades del sistema digestivo + Enfermedades del sistema respiratorio + Enfermedades endocrinas, nutricionales y metabólicas"
BN+Diabetes,BN+Diabetes,bronconeumonia + diabetes,1,2,0,BO_1976_04169,"Enfermedades del sistema respiratorio + Enfermedades endocrinas, nutricionales y metabólicas"
BN+EC,BN+EC,bronconeumonia + edema cerebral,2,2,0,"BO_1974_05290,BO_1978_00686",Enfermedades del sistema nervioso + Enfermedades del sistema respiratorio
EC+BN,BN+EC,bronconeumonia + edema cerebral,1,2,0,BO_1978_02039,Enfermedades del sistema nervioso + Enfermedades del sistema respiratorio
BN+EC+En,BN+EC+ENT,bronconeumonia + edema cerebral + enteritis,1,3,0,BO_1976_05176,Enfermedades del sistema digestivo + Enfermedades del sistema nervioso + Enfermedades del sistema respiratorio
BN Electrocucion,BN+Electroc,bronconeumonia + electrocucion,1,2,0,BO_1978_03803,Causas externas de morbilidad y de mortalidad + Enfermedades del sistema respiratorio
Quem+BN Electrocucion,BN+Electroc+Quem,bronconeumonia + electrocucion + quemaduras,1,3,0,BO_1976_01521,Causas externas de morbilidad y de mortalidad + Enfermedades del sistema respiratorio
BN+Encef,BN+Encef,bronconeumonia + encefalo,1,2,0,BO_1975_00048,Enfermedades del sistema respiratorio
MeningoEncef+BN,BN+Encef+Mening,bronconeumonia + encefalo + meningo,1,3,0,BO_1975_03501,Enfermedades del sistema respiratorio
Miningo encefalitis + BN,BN+Encef+Mening,bronconeumonia + encefalo + meningo,1,3,0,BO_1976_00555,Enfermedades del sistema respiratorio
BN+lesion meningoencefalica,BN+Encef+Mening,bronconeumonia + encefalo + meningo,1,4,1,BO_1978_05157,Enfermedades del sistema respiratorio
BN+Encefalomalacia,BN+Encefalomalacia,bronconeumonia + encefalomalacia,1,2,0,BO_1976_05582,Enfermedades del sistema nervioso + Enfermedades del sistema respiratorio
BN+Ent,BN+ENT,bronconeumonia + enteritis,55,2,0,"BO_1975_00204,BO_1975_00213,BO_1975_00397,BO_1975_01815,BO_1975_01841",Enfermedades del sistema digestivo + Enfermedades del sistema respiratorio
BN+ENT,BN+ENT,bronconeumonia + enteritis,45,2,0,"BO_1974_00405,BO_1974_00870,BO_1974_00946,BO_1974_01221,BO_1974_01520",Enfermedades del sistema digestivo + Enfermedades del sistema respiratorio
BN+EnT,BN+ENT,bronconeumonia + enteritis,12,2,0,"BO_1976_05789,BO_1976_05826,BO_1976_05857,BO_1976_05871,BO_1976_05924",Enfermedades del sistema digestivo + Enfermedades del sistema respiratorio
BN+En,BN+ENT,bronconeumonia + enteritis,5,2,0,"BO_1976_04356,BO_1976_04683,BO_1976_04859,BO_1977_05711,BO_1977_06683",Enfermedades del sistema digestivo + Enfermedades del sistema respiratorio
Ent+BN,BN+ENT,bronconeumonia + enteritis,4,2,0,"BO_1975_04152,BO_1975_05369,BO_1975_05935,BO_1977_03594",Enfermedades del sistema digestivo + Enfermedades del sistema respiratorio
BN+Enteritis,BN+ENT,bronconeumonia + enteritis,4,2,0,"BO_1975_00803,BO_1976_03598,BO_1977_01615,BO_1978_06032",Enfermedades del sistema digestivo + Enfermedades del sistema respiratorio
BN+Enter,BN+ENT,bronconeumonia + enteritis,4,2,0,"BO_1974_01944,BO_1974_02209,BO_1974_02903,BO_1975_02090",Enfermedades del sistema digestivo + Enfermedades del sistema respiratorio
ENT+BN,BN+ENT,bronconeumonia + enteritis,3,2,0,"BO_1974_00774,BO_1974_02216,BO_1974_03328",Enfermedades del sistema digestivo + Enfermedades del sistema respiratorio
BN ENT,BN+ENT,bronconeumonia + enteritis,1,2,0,BO_1975_03257,Enfermedades del sistema digestivo + Enfermedades del sistema respiratorio
BN Ent,BN+ENT,bronconeumonia + enteritis,1,2,0,BO_1976_02829,Enfermedades del sistema digestivo + Enfermedades del sistema respiratorio
BN+EN,BN+ENT,bronconeumonia + enteritis,1,2,0,BO_1975_04010,Enfermedades del sistema digestivo + Enfermedades del sistema respiratorio
B+ENT,BN+ENT,bronconeumonia + enteritis,1,2,0,BO_1978_03698,Enfermedades del sistema digestivo + Enfermedades del sistema respiratorio
B+enT,BN+ENT,bronconeumonia + enteritis,1,2,0,BO_1979_07221,Enfermedades del sistema digestivo + Enfermedades del sistema respiratorio
Bn+ENT,BN+ENT,bronconeumonia + enteritis,1,2,0,BO_1979_05949,Enfermedades del sistema digestivo + Enfermedades del sistema respiratorio
Bn EnT,BN+ENT,bronconeumonia + enteritis,1,2,0,BO_1977_04761,Enfermedades del sistema digestivo + Enfermedades del sistema respiratorio
Enteritis+BN,BN+ENT,bronconeumonia + enteritis,1,2,0,BO_1975_01112,Enfermedades del sistema digestivo + Enfermedades del sistema respiratorio
TCE+BN+EnT,BN+ENT+TCE,bronconeumonia + enteritis + traumatismo craneo encefalico,1,3,0,BO_1976_05938,Enfermedades del sistema digestivo + Enfermedades del sistema respiratorio + Trauma
BN+ENTEROCOLITIS,BN+ENTCO,bronconeumonia + enterocolitis,3,2,0,"BO_1978_01252,BO_1978_03717,BO_1978_03992",Enfermedades del sistema digestivo + Enfermedades del sistema respiratorio
BN+Enterocolitis,BN+ENTCO,bronconeumonia + enterocolitis,2,2,0,"BO_1978_01820,BO_1978_02683",Enfermedades del sistema digestivo + Enfermedades del sistema respiratorio
bn+ENTEROCOLITIS,BN+ENTCO,bronconeumonia + enterocolitis,1,2,0,BO_1978_04732,Enfermedades del sistema digestivo + Enfermedades del sistema respiratorio
BN+EP,BN+EP,bronconeumonia + edema pulmonar,1,2,0,BO_1978_00953,Enfermedades del sistema respiratorio
EP+BN,BN+EP,bronconeumonia + edema pulmonar,1,2,0,BO_1976_03659,Enfermedades del sistema respiratorio
BN+Gangrena,BN+Gang,bronconeumonia + gangrena,2,2,0,"BO_1976_03729,BO_1976_05430",Enfermedades de la piel y del tejido subcutáneo + Enfermedades del sistema respiratorio
BN+Gang,BN+Gang,bronconeumonia + gangrena,1,2,0,BO_1979_02970,Enfermedades de la piel y del tejido subcutáneo + Enfermedades del sistema respiratorio
Gang+BN,BN+Gang,bronconeumonia + gangrena,1,2,0,BO_1978_02178,Enfermedades de la piel y del tejido subcutáneo + Enfermedades del sistema respiratorio
BN y GasT,BN+Gastr,bronconeumonia + gastro,1,2,0,BO_1976_05988,Enfermedades del sistema respiratorio
BN+GASTRO,BN+Gastr,bronconeumonia + gastro,1,2,0,BO_1974_01867,Enfermedades del sistema respiratorio
BN+GasT,BN+Gastr,bronconeumonia + gastro,1,2,0,BO_1976_03125,Enfermedades del sistema respiratorio
BN+Gast,BN+Gastr,bronconeumonia + gastro,1,2,0,BO_1979_04387,Enfermedades del sistema respiratorio
BN+Gastro,BN+Gastr,bronconeumonia + gastro,1,2,0,BO_1975_05867,Enfermedades del sistema respiratorio
BN+Gastroenteritis,BN+Gastroent,bronconeumonia + gastroenteritis,1,2,0,BO_1975_00806,Enfermedades del sistema digestivo + Enfermedades del sistema respiratorio
BN+Gastroent,BN+Gastroent,bronconeumonia + gastroenteritis,1,2,0,BO_1976_03724,Enfermedades del sistema digestivo + Enfermedades del sistema respiratorio
BN+GASTROENTERITIS,BN+Gastroent,bronconeumonia + gastroenteritis,1,2,0,BO_1978_02366,Enfermedades del sistema digestivo + Enfermedades del sistema respiratorio
HC+BN,BN+HC,bronconeumonia + hemorragia cerebral o herida cortante,27,2,0,"BO_1975_02391,BO_1975_03285,BO_1975_04522,BO_1975_04954,BO_1975_05486",Causas externas de morbilidad y de mortalidad + Enfermedades del sistema respiratorio
BN+HC,BN+HC,bronconeumonia + hemorragia cerebral o herida cortante,9,2,0,"BO_1974_01439,BO_1974_02381,BO_1975_01327,BO_1975_03766,BO_1977_02119",Causas externas de morbilidad y de mortalidad + Enfermedades del sistema respiratorio
HCPA+BN,BN+HC+_PA,bronconeumonia + hemorragia cerebral o herida cortante + pelvis abdomen,1,3,0,BO_1979_01862,Causas externas de morbilidad y de mortalidad + Enfermedades del sistema respiratorio
HC+BN+Intox,BN+HC+Intox,bronconeumonia + hemorragia cerebral o herida cortante + intoxicacion,1,3,0,BO_1977_05110,Causas externas de morbilidad y de mortalidad + Enfermedades del sistema respiratorio
BN+HC+LOC,BN+HC+LOC,bronconeumonia + enfermedad organica del corazon + hemorragia cerebral o herida cortante,1,3,0,BO_1978_05091,Causas externas de morbilidad y de mortalidad + Enfermedades del sistema circulatorio + Enfermedades del sistema respiratorio
HC+BN+LOC,BN+HC+LOC,bronconeumonia + enfermedad organica del corazon + hemorragia cerebral o herida cortante,1,3,0,BO_1975_05656,Causas externas de morbilidad y de mortalidad + Enfermedades del sistema circulatorio + Enfermedades del sistema respiratorio
BN+Esteatosas hepatica,BN+Hepat,bronconeumonia + higado,1,3,1,BO_1978_05038,Enfermedades del sistema respiratorio
Per+BN Heria [gatrang...],BN+Hernia+PER,bronconeumonia + hernia + peritonitis o perforacion,1,4,1,BO_1975_05571,Enfermedades del sistema digestivo + Enfermedades del sistema respiratorio
BN+Hidrocefalia,BN+Hidrocefalia,bronconeumonia + hidrocefalia,1,2,0,BO_1978_06666,Enfermedades del sistema nervioso + Enfermedades del sistema respiratorio
HIDROCEFALIA+BN,BN+Hidrocefalia,bronconeumonia + hidrocefalia,1,2,0,BO_1979_05037,Enfermedades del sistema nervioso + Enfermedades del sistema respiratorio
HIPCP+BN,BN+HIPC,bronconeumonia + herida punzo cortante,2,2,0,"BO_1978_04804,BO_1979_04941",Enfermedades del sistema respiratorio + Herida punzo cortante
BBNT +HI,BN+HIPC,bronconeumonia + herida punzo cortante,1,3,1,BO_1979_03226,Enfermedades del sistema respiratorio + Herida punzo cortante
HsIPC+P+,BN+HIPC+HPAFA+PER,bronconeumonia + herida arma fuego abdomen + herida punzo cortante + peritonitis o perforacion,1,4,0,BO_1975_02327,Enfermedades del sistema digestivo + Enfermedades del sistema respiratorio + Herida por arma de fuego + Herida punzo cortante
HIPCPA+BN,BN+HIPCA,bronconeumonia + herida punzo cortante abdomen,3,2,0,"BO_1974_03381,BO_1975_05146,BO_1978_02826",Enfermedades del sistema respiratorio + Herida punzo cortante
HIPCPC+BN,BN+HIPCC,bronconeumonia + herida punzo cortante craneo,1,2,0,BO_1978_01407,Enfermedades del sistema respiratorio + Herida punzo cortante
B+Px HIPCPT,BN+HIPCT,bronconeumonia + herida punzo cortante torax,1,3,1,BO_1978_03237,Enfermedades del sistema respiratorio + Herida punzo cortante
BN+HIPCPV,BN+HIPCV,bronconeumonia + herida punzo cortante vientre,1,2,0,BO_1974_00013,Enfermedades del sistema respiratorio + Herida punzo cortante
BN+HPAFP,BN+HPAF,bronconeumonia + herida arma fuego,1,2,0,BO_1975_04028,Enfermedades del sistema respiratorio + Herida por arma de fuego
BN+HPAFPMI,BN+HPAF,bronconeumonia + herida arma fuego,1,2,0,BO_1977_01887,Enfermedades del sistema respiratorio + Herida por arma de fuego
HPAFCCuello,BN+HPAF,bronconeumonia + herida arma fuego,1,2,0,BO_1978_02922,Enfermedades del sistema respiratorio + Herida por arma de fuego
HPAF+BN,BN+HPAF,bronconeumonia + herida arma fuego,1,2,0,BO_1974_01205,Enfermedades del sistema respiratorio + Herida por arma de fuego
BN+Per+HsPAF,BN+HPAF+PER,bronconeumonia + herida arma fuego + peritonitis o perforacion,1,3,0,BO_1978_03268,Enfermedades del sistema digestivo + Enfermedades del sistema respiratorio + Herida por arma de fuego
HPAFPA+BN,BN+HPAFA,bronconeumonia + herida arma fuego abdomen,5,2,0,"BO_1974_01192,BO_1975_00796,BO_1975_04942,BO_1977_05313,BO_1978_04944",Enfermedades del sistema respiratorio + Herida por arma de fuego
BN+HPAFPA,BN+HPAFA,bronconeumonia + herida arma fuego abdomen,1,2,0,BO_1976_05154,Enfermedades del sistema respiratorio + Herida por arma de fuego
HsPAFPsA+BN,BN+HPAFA,bronconeumonia + herida arma fuego abdomen,1,2,0,BO_1976_03217,Enfermedades del sistema respiratorio + Herida por arma de fuego
HPAFPC+BN,BN+HPAFC,bronconeumonia + herida arma fuego craneo,3,2,0,"BO_1975_01114,BO_1976_05055,BO_1979_04313",Enfermedades del sistema respiratorio + Herida por arma de fuego
BN+HPAFPC,BN+HPAFC,bronconeumonia + herida arma fuego craneo,1,2,0,BO_1978_00815,Enfermedades del sistema respiratorio + Herida por arma de fuego
BN+TCer+HPAFPCuello,BN+HPAFCu+TCer,bronconeumonia + herida arma fuego cuello + traumatismo cervico,1,3,0,BO_1975_03972,Enfermedades del sistema respiratorio + Herida por arma de fuego + Trauma
HPAFPColumna+BN,BN+HPAFRaquis,bronconeumonia + herida arma fuego raquis,1,2,0,BO_1976_03590,Enfermedades del sistema respiratorio + Herida por arma de fuego
HPPAFPCuello,BN+HPAFT,bronconeumonia + herida arma fuego torax,1,2,0,BO_1975_02066,Enfermedades del sistema respiratorio + Herida por arma de fuego
HPATPT,BN+HPAFT,bronconeumonia + herida arma fuego torax,1,2,0,BO_1978_04844,Enfermedades del sistema respiratorio + Herida por arma de fuego
HPAFPTA+BN,BN+HPAFTA,bronconeumonia + herida arma fuego torax abdomen,1,2,0,BO_1976_03174,Enfermedades del sistema respiratorio + Herida por arma de fuego
HsPsAFPsTA,BN+HPAFTV,bronconeumonia + herida arma fuego torax vientre,1,2,0,BO_1978_00948,Enfermedades del sistema respiratorio + Herida por arma de fuego
TMInf+BN,BN+Inf+TM,bronconeumonia + infarto o infeccion + traumatismo multiple,1,3,0,BO_1975_03703,Ciertas enfermedades infecciosas y parasitarias + Enfermedades del sistema respiratorio + Trauma
BN INFECCION UTERINA,BN+Inf+Utero,bronconeumonia + infarto o infeccion + utero,1,3,0,BO_1978_02170,Ciertas enfermedades infecciosas y parasitarias + Enfermedades del sistema respiratorio
BN+Inf Pulmonares,BN+InfPul,bronconeumonia + infarto pulmon,1,2,0,BO_1975_00785,Enfermedades del sistema respiratorio
Perf Intest Per+BN,BN+Intes+Perf,bronconeumonia + intestino + perforacion,1,3,0,BO_1975_00129,Causas externas de morbilidad y de mortalidad + Enfermedades del sistema respiratorio
Intox.+BN,BN+Intox,bronconeumonia + intoxicacion,1,2,0,BO_1979_04022,Causas externas de morbilidad y de mortalidad + Enfermedades del sistema respiratorio
BN+IntE,BN+Intox,bronconeumonia + intoxicacion,1,2,0,BO_1975_02611,Causas externas de morbilidad y de mortalidad + Enfermedades del sistema respiratorio
BN+Intox,BN+Intox,bronconeumonia + intoxicacion,1,2,0,BO_1975_00043,Causas externas de morbilidad y de mortalidad + Enfermedades del sistema respiratorio
Intox Men de +BN+TM,BN+Intox+Mening+TM,bronconeumonia + intoxicacion + meningo + traumatismo multiple,1,4,0,BO_1975_00519,Causas externas de morbilidad y de mortalidad + Enfermedades del sistema respiratorio + Trauma
Intox. Medic.+BN,BN+IntoxMed,bronconeumonia + intoxicacion por medicamentos,1,2,0,BO_1976_02713,Causas externas de morbilidad y de mortalidad + Enfermedades del sistema respiratorio
Intox Med+BN,BN+IntoxMed,bronconeumonia + intoxicacion por medicamentos,1,2,0,BO_1978_04607,Causas externas de morbilidad y de mortalidad + Enfermedades del sistema respiratorio
BN+Post Legrado,BN+Leg,bronconeumonia + legrado,1,3,1,BO_1974_01489,"Embarazo, parto y puerperio + Enfermedades del sistema respiratorio"
BN+LOC,BN+LOC,bronconeumonia + enfermedad organica del corazon,88,2,0,"BO_1974_00673,BO_1974_01082,BO_1974_01461,BO_1974_01600,BO_1974_01611",Enfermedades del sistema circulatorio + Enfermedades del sistema respiratorio
LOC+BN,BN+LOC,bronconeumonia + enfermedad organica del corazon,24,2,0,"BO_1974_03358,BO_1975_03597,BO_1975_04011,BO_1975_06297,BO_1976_00028",Enfermedades del sistema circulatorio + Enfermedades del sistema respiratorio
LOC+B,BN+LOC,bronconeumonia + enfermedad organica del corazon,1,2,0,BO_1976_03976,Enfermedades del sistema circulatorio + Enfermedades del sistema respiratorio
LOC+Bn,BN+LOC,bronconeumonia + enfermedad organica del corazon,1,2,0,BO_1977_04885,Enfermedades del sistema circulatorio + Enfermedades del sistema respiratorio
BN LOC,BN+LOC,bronconeumonia + enfermedad organica del corazon,1,2,0,BO_1978_00619,Enfermedades del sistema circulatorio + Enfermedades del sistema respiratorio
B+LOC,BN+LOC,bronconeumonia + enfermedad organica del corazon,1,2,0,BO_1979_05893,Enfermedades del sistema circulatorio + Enfermedades del sistema respiratorio
Bn+LOC,BN+LOC,bronconeumonia + enfermedad organica del corazon,1,2,0,BO_1977_05275,Enfermedades del sistema circulatorio + Enfermedades del sistema respiratorio
Pancreatitis+LOC+BN,BN+LOC+Pancrea,bronconeumonia + enfermedad organica del corazon + pancreatitis,1,3,0,BO_1975_05810,Enfermedades del sistema circulatorio + Enfermedades del sistema digestivo + Enfermedades del sistema respiratorio
TCE+BN LOC,BN+LOC+TCE,bronconeumonia + enfermedad organica del corazon + traumatismo craneo encefalico,1,3,0,BO_1978_02053,Enfermedades del sistema circulatorio + Enfermedades del sistema respiratorio + Trauma
TMS+BN+LOC,BN+LOC+TMiS,bronconeumonia + enfermedad organica del corazon + traumatismo miembro superior,1,3,0,BO_1974_03359,Enfermedades del sistema circulatorio + Enfermedades del sistema respiratorio + Trauma
BN+Mening,BN+Mening,bronconeumonia + meningo,3,2,0,"BO_1975_02748,BO_1978_01882,BO_1978_05736",Enfermedades del sistema respiratorio
BN+MEN,BN+Mening,bronconeumonia + meningo,1,2,0,BO_1978_02793,Enfermedades del sistema respiratorio
BN+Menin,BN+Mening,bronconeumonia + meningo,1,2,0,BO_1974_01374,Enfermedades del sistema respiratorio
Bn+Per+Menin,BN+Mening+PER,bronconeumonia + meningo + peritonitis o perforacion,1,3,0,BO_1979_05565,Enfermedades del sistema digestivo + Enfermedades del sistema respiratorio
TCE+BN Men,BN+Mening+TCE,bronconeumonia + meningo + traumatismo craneo encefalico,1,3,0,BO_1975_01170,Enfermedades del sistema respiratorio + Trauma
BN+MEN+TC,BN+Mening+TCer,bronconeumonia + meningo + traumatismo cervico,1,3,0,BO_1978_02204,Enfermedades del sistema respiratorio + Trauma
TCT+BN+MEN,BN+Mening+TCT,bronconeumonia + meningo + traumatismo craneo torax,1,3,0,BO_1976_02594,Enfermedades del sistema respiratorio + Trauma
BN+Meningitis,BN+Meningitis,bronconeumonia + meningitis,3,2,0,"BO_1976_05432,BO_1976_05524,BO_1979_04674",Enfermedades del sistema nervioso + Enfermedades del sistema respiratorio
Meningitis+BN,BN+Meningitis,bronconeumonia + meningitis,1,2,0,BO_1974_01124,Enfermedades del sistema nervioso + Enfermedades del sistema respiratorio
BN Meningitis,BN+Meningitis,bronconeumonia + meningitis,1,2,0,BO_1975_01920,Enfermedades del sistema nervioso + Enfermedades del sistema respiratorio
TCE+MI+BN,BN+MI+TCE,bronconeumonia + miembro + traumatismo craneo encefalico,1,3,0,BO_1975_00744,Enfermedades del sistema respiratorio + Trauma
TP+MsIs+B,BN+MI+TP,bronconeumonia + miembro + traumatismo pelvis,1,3,0,BO_1977_02648,Enfermedades del sistema respiratorio + Trauma
BN+Pancreatitis,BN+Pancrea,bronconeumonia + pancreatitis,2,2,0,"BO_1975_02840,BO_1976_04319",Enfermedades del sistema digestivo + Enfermedades del sistema respiratorio
Pancreatitis y BN,BN+Pancrea,bronconeumonia + pancreatitis,1,2,0,BO_1976_04199,Enfermedades del sistema digestivo + Enfermedades del sistema respiratorio
BN+Pancreas,BN+Pancrea,bronconeumonia + pancreatitis,1,2,0,BO_1975_01337,Enfermedades del sistema digestivo + Enfermedades del sistema respiratorio
BN+Per,BN+PER,bronconeumonia + peritonitis o perforacion,8,2,0,"BO_1974_00920,BO_1974_01350,BO_1975_00329,BO_1975_00861,BO_1975_05285",Enfermedades del sistema digestivo + Enfermedades del sistema respiratorio
Per+BN,BN+PER,bronconeumonia + peritonitis o perforacion,2,2,0,"BO_1976_04069,BO_1978_04940",Enfermedades del sistema digestivo + Enfermedades del sistema respiratorio
BN+Per.,BN+PER,bronconeumonia + peritonitis o perforacion,1,2,0,BO_1976_05662,Enfermedades del sistema digestivo + Enfermedades del sistema respiratorio
TA+BN+PER,BN+PER+TA,bronconeumonia + peritonitis o perforacion + traumatismo abdomen,2,3,0,"BO_1974_01403,BO_1974_02296",Enfermedades del sistema digestivo + Enfermedades del sistema respiratorio + Trauma
TA+BN+Per,BN+PER+TA,bronconeumonia + peritonitis o perforacion + traumatismo abdomen,1,3,0,BO_1976_00156,Enfermedades del sistema digestivo + Enfermedades del sistema respiratorio + Trauma
TCer+BNyPer,BN+PER+TCer,bronconeumonia + peritonitis o perforacion + traumatismo cervico,1,3,0,BO_1975_02570,Enfermedades del sistema digestivo + Enfermedades del sistema respiratorio + Trauma
BN+Per y TM,BN+PER+TM,bronconeumonia + peritonitis o perforacion + traumatismo multiple,1,3,0,BO_1978_04387,Enfermedades del sistema digestivo + Enfermedades del sistema respiratorio + Trauma
BNxPer Uterino,BN+PER+Utero,bronconeumonia + peritonitis o perforacion + utero,1,3,0,BO_1974_00818,Enfermedades del sistema digestivo + Enfermedades del sistema respiratorio
Quem+BN,BN+Quem,bronconeumonia + quemaduras,340,2,0,"BO_1975_00662,BO_1975_00742,BO_1975_01063,BO_1975_01072,BO_1975_01317",Causas externas de morbilidad y de mortalidad + Enfermedades del sistema respiratorio
Quemaduras+BN,BN+Quem,bronconeumonia + quemaduras,21,2,0,"BO_1974_00048,BO_1974_00071,BO_1974_00366,BO_1974_00436,BO_1974_00753",Causas externas de morbilidad y de mortalidad + Enfermedades del sistema respiratorio
BN+Quemaduras,BN+Quem,bronconeumonia + quemaduras,11,2,0,"BO_1974_02010,BO_1974_03932,BO_1975_00812,BO_1975_01474,BO_1975_02085",Causas externas de morbilidad y de mortalidad + Enfermedades del sistema respiratorio
Quem+B,BN+Quem,bronconeumonia + quemaduras,9,2,0,"BO_1975_00972,BO_1975_01460,BO_1975_01812,BO_1975_03220,BO_1975_03295",Causas externas de morbilidad y de mortalidad + Enfermedades del sistema respiratorio
BN+Quem,BN+Quem,bronconeumonia + quemaduras,9,2,0,"BO_1976_01796,BO_1976_03909,BO_1978_02355,BO_1978_02796,BO_1978_03484",Causas externas de morbilidad y de mortalidad + Enfermedades del sistema respiratorio
Quem + BN,BN+Quem,bronconeumonia + quemaduras,4,2,0,"BO_1978_00007,BO_1978_00088,BO_1978_00235,BO_1979_03178",Causas externas de morbilidad y de mortalidad + Enfermedades del sistema respiratorio
QUEM+BN,BN+Quem,bronconeumonia + quemaduras,3,2,0,"BO_1979_03452,BO_1979_03493,BO_1979_03513",Causas externas de morbilidad y de mortalidad + Enfermedades del sistema respiratorio
QUEMADURAS+BN,BN+Quem,bronconeumonia + quemaduras,2,2,0,"BO_1974_01413,BO_1974_01635",Causas externas de morbilidad y de mortalidad + Enfermedades del sistema respiratorio
Quem+Bn,BN+Quem,bronconeumonia + quemaduras,2,2,0,"BO_1979_05687,BO_1979_05857",Causas externas de morbilidad y de mortalidad + Enfermedades del sistema respiratorio
Quemaduras + B N,BN+Quem,bronconeumonia + quemaduras,2,2,0,"BO_1979_00316,BO_1979_00333",Causas externas de morbilidad y de mortalidad + Enfermedades del sistema respiratorio
QuemBN,BN+Quem,bronconeumonia + quemaduras,2,2,0,"BO_1975_02887,BO_1979_00196",Causas externas de morbilidad y de mortalidad + Enfermedades del sistema respiratorio
Quem.+BN,BN+Quem,bronconeumonia + quemaduras,2,2,0,"BO_1977_05424,BO_1977_06290",Causas externas de morbilidad y de mortalidad + Enfermedades del sistema respiratorio
Quemaduras+ BN,BN+Quem,bronconeumonia + quemaduras,1,2,0,BO_1974_00807,Causas externas de morbilidad y de mortalidad + Enfermedades del sistema respiratorio
Quem + B,BN+Quem,bronconeumonia + quemaduras,1,2,0,BO_1978_00054,Causas externas de morbilidad y de mortalidad + Enfermedades del sistema respiratorio
Quem +BN,BN+Quem,bronconeumonia + quemaduras,1,2,0,BO_1976_00076,Causas externas de morbilidad y de mortalidad + Enfermedades del sistema respiratorio
Quem*BN,BN+Quem,bronconeumonia + quemaduras,1,2,0,BO_1979_00237,Causas externas de morbilidad y de mortalidad + Enfermedades del sistema respiratorio
BN Quemaduras,BN+Quem,bronconeumonia + quemaduras,1,2,0,BO_1977_01112,Causas externas de morbilidad y de mortalidad + Enfermedades del sistema respiratorio
BN + Quem,BN+Quem,bronconeumonia + quemaduras,1,2,0,BO_1978_00224,Causas externas de morbilidad y de mortalidad + Enfermedades del sistema respiratorio
Bn+Quem,BN+Quem,bronconeumonia + quemaduras,1,2,0,BO_1978_02471,Causas externas de morbilidad y de mortalidad + Enfermedades del sistema respiratorio
S+B,BN+Septi,bronconeumonia + septicemia,1,2,0,BO_1977_02828,Ciertas enfermedades infecciosas y parasitarias + Enfermedades del sistema respiratorio
BN+S,BN+Septi,bronconeumonia + septicemia,1,2,0,BO_1976_01811,Ciertas enfermedades infecciosas y parasitarias + Enfermedades del sistema respiratorio
BN+S+TMI,BN+Septi+TMi,bronconeumonia + septicemia + traumatismo miembro,1,3,0,BO_1978_03681,Ciertas enfermedades infecciosas y parasitarias + Enfermedades del sistema respiratorio + Trauma
TA+BN,BN+TA,bronconeumonia + traumatismo abdomen,29,2,0,"BO_1974_00632,BO_1974_02048,BO_1974_02754,BO_1974_02960,BO_1974_03659",Enfermedades del sistema respiratorio + Trauma
TA+B,BN+TA,bronconeumonia + traumatismo abdomen,2,2,0,"BO_1976_01654,BO_1977_04880",Enfermedades del sistema respiratorio + Trauma
BN+TA,BN+TA,bronconeumonia + traumatismo abdomen,1,2,0,BO_1978_05509,Enfermedades del sistema respiratorio + Trauma
TCA+BN,BN+TAC,bronconeumonia + traumatismo abdomen craneo,9,2,0,"BO_1975_02588,BO_1976_01431,BO_1979_01357,BO_1979_01669,BO_1979_04692",Enfermedades del sistema respiratorio + Trauma
TCA+B,BN+TAC,bronconeumonia + traumatismo abdomen craneo,1,2,0,BO_1976_05254,Enfermedades del sistema respiratorio + Trauma
TCA+BN+,BN+TAC,bronconeumonia + traumatismo abdomen craneo,1,2,0,BO_1975_02088,Enfermedades del sistema respiratorio + Trauma
BN+TCA,BN+TAC,bronconeumonia + traumatismo abdomen craneo,1,2,0,BO_1974_03628,Enfermedades del sistema respiratorio + Trauma
ByTCAP,BN+TACP,bronconeumonia + traumatismo abdomen craneo pelvis,1,2,0,BO_1974_03858,Enfermedades del sistema respiratorio + Trauma
BxTAM,BN+TAM,bronconeumonia + traumatismo abdomen miembro,1,2,0,BO_1979_01899,Enfermedades del sistema respiratorio + Trauma
TAP+BN,BN+TAP,bronconeumonia + traumatismo abdomen pelvis,10,2,0,"BO_1974_02073,BO_1974_02614,BO_1974_03724,BO_1976_00884,BO_1976_03333",Enfermedades del sistema respiratorio + Trauma
TPA+BN,BN+TAP,bronconeumonia + traumatismo abdomen pelvis,1,2,0,BO_1978_01931,Enfermedades del sistema respiratorio + Trauma
TPA+B,BN+TAP,bronconeumonia + traumatismo abdomen pelvis,1,2,0,BO_1975_02172,Enfermedades del sistema respiratorio + Trauma
TAPYMS+BN,BN+TAP,bronconeumonia + traumatismo abdomen pelvis,1,3,1,BO_1974_02631,Enfermedades del sistema respiratorio + Trauma
B+PxTAP,BN+TAP,bronconeumonia + traumatismo abdomen pelvis,1,3,1,BO_1979_02655,Enfermedades del sistema respiratorio + Trauma
BN+TB,BN+TB,bronconeumonia + tuberculosis,39,2,0,"BO_1974_03236,BO_1974_04647,BO_1974_04681,BO_1974_04928,BO_1974_04989",Ciertas enfermedades infecciosas y parasitarias + Enfermedades del sistema respiratorio
BN+Tb,BN+TB,bronconeumonia + tuberculosis,5,2,0,"BO_1978_01634,BO_1978_05964,BO_1978_06189,BO_1978_06267,BO_1978_06686",Ciertas enfermedades infecciosas y parasitarias + Enfermedades del sistema respiratorio
TB+BN,BN+TB,bronconeumonia + tuberculosis,5,2,0,"BO_1976_05268,BO_1976_05892,BO_1977_04555,BO_1979_00281,BO_1979_05927",Ciertas enfermedades infecciosas y parasitarias + Enfermedades del sistema respiratorio
BN+TB+,BN+TB,bronconeumonia + tuberculosis,3,2,0,"BO_1975_00643,BO_1975_00761,BO_1975_04144",Ciertas enfermedades infecciosas y parasitarias + Enfermedades del sistema respiratorio
BN+ + TB,BN+TB,bronconeumonia + tuberculosis,1,2,0,BO_1975_06020,Ciertas enfermedades infecciosas y parasitarias + Enfermedades del sistema respiratorio
TCCerv+BN,BN+TCCer,bronconeumonia + traumatismo craneo cervico,6,2,0,"BO_1977_01598,BO_1978_01167,BO_1978_02427,BO_1979_00690,BO_1979_05392",Enfermedades del sistema respiratorio + Trauma
TCCer+BN,BN+TCCer,bronconeumonia + traumatismo craneo cervico,4,2,0,"BO_1976_02182,BO_1976_02868,BO_1976_05454,BO_1978_05636",Enfermedades del sistema respiratorio + Trauma
TCC+BN,BN+TCCer,bronconeumonia + traumatismo craneo cervico,2,2,0,"BO_1975_01659,BO_1978_02887",Enfermedades del sistema respiratorio + Trauma
TCC'BN,BN+TCCer,bronconeumonia + traumatismo craneo cervico,1,2,0,BO_1974_02311,Enfermedades del sistema respiratorio + Trauma
TCCer+B,BN+TCCer,bronconeumonia + traumatismo craneo cervico,1,2,0,BO_1976_02917,Enfermedades del sistema respiratorio + Trauma
TCCerv + BN,BN+TCCer,bronconeumonia + traumatismo craneo cervico,1,2,0,BO_1979_03081,Enfermedades del sistema respiratorio + Trauma
TCerMed+BN,BN+TCCerM,bronconeumonia + traumatismo craneo cervico medular,11,2,0,"BO_1976_00026,BO_1976_01325,BO_1976_01753,BO_1976_03788,BO_1976_03792",Enfermedades del sistema respiratorio + Trauma
TCCM+BN,BN+TCCerM,bronconeumonia + traumatismo craneo cervico medular,3,2,0,"BO_1975_01280,BO_1975_01469,BO_1975_02500",Enfermedades del sistema respiratorio + Trauma
TCM+BN,BN+TCCerM,bronconeumonia + traumatismo craneo cervico medular,3,2,0,"BO_1974_00357,BO_1974_01011,BO_1974_02569",Enfermedades del sistema respiratorio + Trauma
TCCerM+BN,BN+TCCerM,bronconeumonia + traumatismo craneo cervico medular,3,2,0,"BO_1975_02398,BO_1976_00006,BO_1976_04800",Enfermedades del sistema respiratorio + Trauma
TCervMed+BN,BN+TCCerM,bronconeumonia + traumatismo craneo cervico medular,2,2,0,"BO_1977_01754,BO_1977_01849",Enfermedades del sistema respiratorio + Trauma
TCMed+BN,BN+TCCerM,bronconeumonia + traumatismo craneo cervico medular,1,2,0,BO_1976_02264,Enfermedades del sistema respiratorio + Trauma
TCCerMed+BN,BN+TCCerM,bronconeumonia + traumatismo craneo cervico medular,1,2,0,BO_1976_04631,Enfermedades del sistema respiratorio + Trauma
B+TCCM,BN+TCCerM,bronconeumonia + traumatismo craneo cervico medular,1,2,0,BO_1978_03057,Enfermedades del sistema respiratorio + Trauma
BBxTCM,BN+TCCerM,bronconeumonia + traumatismo craneo cervico medular,1,2,0,BO_1979_05868,Enfermedades del sistema respiratorio + Trauma
BxTCM,BN+TCCerM,bronconeumonia + traumatismo craneo cervico medular,1,2,0,BO_1979_01407,Enfermedades del sistema respiratorio + Trauma
BN+TCerMed,BN+TCCerM,bronconeumonia + traumatismo craneo cervico medular,1,2,0,BO_1978_03916,Enfermedades del sistema respiratorio + Trauma
TCE+BN,BN+TCE,bronconeumonia + traumatismo craneo encefalico,569,2,0,"BO_1974_00053,BO_1974_00315,BO_1974_00347,BO_1974_00396,BO_1974_00594",Enfermedades del sistema respiratorio + Trauma
BN+TCE,BN+TCE,bronconeumonia + traumatismo craneo encefalico,14,2,0,"BO_1974_00613,BO_1974_04217,BO_1977_02539,BO_1978_00772,BO_1978_00985",Enfermedades del sistema respiratorio + Trauma
TCE+B,BN+TCE,bronconeumonia + traumatismo craneo encefalico,14,2,0,"BO_1975_00472,BO_1975_00778,BO_1975_00989,BO_1975_02019,BO_1975_02098",Enfermedades del sistema respiratorio + Trauma
B+TCE,BN+TCE,bronconeumonia + traumatismo craneo encefalico,8,2,0,"BO_1978_00896,BO_1978_02719,BO_1978_03046,BO_1978_04527,BO_1978_04927",Enfermedades del sistema respiratorio + Trauma
BxTCE,BN+TCE,bronconeumonia + traumatismo craneo encefalico,7,2,0,"BO_1979_00522,BO_1979_00999,BO_1979_01122,BO_1979_02493,BO_1979_04036",Enfermedades del sistema respiratorio + Trauma
BB+TCE,BN+TCE,bronconeumonia + traumatismo craneo encefalico,5,2,0,"BO_1978_00270,BO_1978_00742,BO_1978_04536,BO_1978_05027,BO_1979_02162",Enfermedades del sistema respiratorio + Trauma
TCE+ BN,BN+TCE,bronconeumonia + traumatismo craneo encefalico,3,2,0,"BO_1974_04297,BO_1978_00381,BO_1978_00385",Enfermedades del sistema respiratorio + Trauma
TCE + BN,BN+TCE,bronconeumonia + traumatismo craneo encefalico,3,2,0,"BO_1978_00010,BO_1978_00079,BO_1978_01327",Enfermedades del sistema respiratorio + Trauma
TCE +BN,BN+TCE,bronconeumonia + traumatismo craneo encefalico,2,2,0,"BO_1979_03121,BO_1979_03189",Enfermedades del sistema respiratorio + Trauma
TCE+BBPosT,BN+TCE,bronconeumonia + traumatismo craneo encefalico,1,3,1,BO_1978_04260,Enfermedades del sistema respiratorio + Trauma
TCEBN,BN+TCE,bronconeumonia + traumatismo craneo encefalico,1,2,0,BO_1975_00509,Enfermedades del sistema respiratorio + Trauma
TCE+BB,BN+TCE,bronconeumonia + traumatismo craneo encefalico,1,2,0,BO_1979_00908,Enfermedades del sistema respiratorio + Trauma
TCE-BN,BN+TCE,bronconeumonia + traumatismo craneo encefalico,1,2,0,BO_1979_02123,Enfermedades del sistema respiratorio + Trauma
TCE+Ms+BN,BN+TCE,bronconeumonia + traumatismo craneo encefalico,1,3,1,BO_1976_02650,Enfermedades del sistema respiratorio + Trauma
TCE+bn,BN+TCE,bronconeumonia + traumatismo craneo encefalico,1,2,0,BO_1978_04096,Enfermedades del sistema respiratorio + Trauma
TCE'BN,BN+TCE,bronconeumonia + traumatismo craneo encefalico,1,2,0,BO_1975_02317,Enfermedades del sistema respiratorio + Trauma
TCE + B,BN+TCE,bronconeumonia + traumatismo craneo encefalico,1,2,0,BO_1978_00069,Enfermedades del sistema respiratorio + Trauma
BN'TCE,BN+TCE,bronconeumonia + traumatismo craneo encefalico,1,2,0,BO_1974_02094,Enfermedades del sistema respiratorio + Trauma
BN+ TCE,BN+TCE,bronconeumonia + traumatismo craneo encefalico,1,2,0,BO_1978_00194,Enfermedades del sistema respiratorio + Trauma
BBxTCE,BN+TCE,bronconeumonia + traumatismo craneo encefalico,1,2,0,BO_1979_06297,Enfermedades del sistema respiratorio + Trauma
BN + TCE,BN+TCE,bronconeumonia + traumatismo craneo encefalico,1,2,0,BO_1978_00074,Enfermedades del sistema respiratorio + Trauma
TC+BN,BN+TCer,bronconeumonia + traumatismo cervico,14,2,0,"BO_1974_00016,BO_1974_02948,BO_1974_03664,BO_1974_04372,BO_1975_02831",Enfermedades del sistema respiratorio + Trauma
BN+TC,BN+TCer,bronconeumonia + traumatismo cervico,7,2,0,"BO_1974_03244,BO_1974_03248,BO_1974_03486,BO_1975_04013,BO_1976_02695",Enfermedades del sistema respiratorio + Trauma
TCerv+BN,BN+TCer,bronconeumonia + traumatismo cervico,5,2,0,"BO_1976_00217,BO_1977_03792,BO_1977_05111,BO_1979_02871,BO_1979_04428",Enfermedades del sistema respiratorio + Trauma
TCer+BN,BN+TCer,bronconeumonia + traumatismo cervico,4,2,0,"BO_1976_00375,BO_1977_02035,BO_1978_02610,BO_1979_01630",Enfermedades del sistema respiratorio + Trauma
BN+TCer,BN+TCer,bronconeumonia + traumatismo cervico,3,2,0,"BO_1976_03622,BO_1978_02895,BO_1978_05156",Enfermedades del sistema respiratorio + Trauma
TC Mod+BN,BN+TCer,bronconeumonia + traumatismo cervico,1,3,1,BO_1979_00158,Enfermedades del sistema respiratorio + Trauma
TCerv+B,BN+TCer,bronconeumonia + traumatismo cervico,1,2,0,BO_1978_00989,Enfermedades del sistema respiratorio + Trauma
TCEP+BN,BN+TCer,bronconeumonia + traumatismo cervico,1,2,0,BO_1977_05604,Enfermedades del sistema respiratorio + Trauma
T.Cerv+BN,BN+TCer,bronconeumonia + traumatismo cervico,1,2,0,BO_1977_05589,Enfermedades del sistema respiratorio + Trauma
BxTC,BN+TCer,bronconeumonia + traumatismo cervico,1,2,0,BO_1979_03849,Enfermedades del sistema respiratorio + Trauma
BN+TCET,BN+TCET,bronconeumonia + traumatismo craneo encefalico torax,2,2,0,"BO_1975_05133,BO_1978_02733",Enfermedades del sistema respiratorio + Trauma
BBTCET,BN+TCET,bronconeumonia + traumatismo craneo encefalico torax,1,2,0,BO_1979_03220,Enfermedades del sistema respiratorio + Trauma
TCyMI+BN,BN+TCMi,bronconeumonia + traumatismo craneo miembro,1,2,0,BO_1975_04575,Enfermedades del sistema respiratorio + Trauma
TCP+BN,BN+TCP,bronconeumonia + traumatismo craneo pelvis,6,2,0,"BO_1975_01858,BO_1975_02266,BO_1976_01158,BO_1976_04195,BO_1977_04987",Enfermedades del sistema respiratorio + Trauma
TCP+B,BN+TCP,bronconeumonia + traumatismo craneo pelvis,1,2,0,BO_1975_01320,Enfermedades del sistema respiratorio + Trauma
TCP+bn,BN+TCP,bronconeumonia + traumatismo craneo pelvis,1,2,0,BO_1978_06646,Enfermedades del sistema respiratorio + Trauma
TCT+BN,BN+TCT,bronconeumonia + traumatismo craneo torax,50,2,0,"BO_1974_00498,BO_1974_00528,BO_1974_00558,BO_1974_01107,BO_1974_01346",Enfermedades del sistema respiratorio + Trauma
BN+TCT,BN+TCT,bronconeumonia + traumatismo craneo torax,4,2,0,"BO_1974_01342,BO_1974_04715,BO_1978_00493,BO_1978_03453",Enfermedades del sistema respiratorio + Trauma
TCT+B,BN+TCT,bronconeumonia + traumatismo craneo torax,3,2,0,"BO_1975_00471,BO_1976_02686,BO_1976_03186",Enfermedades del sistema respiratorio + Trauma
BxTCT,BN+TCT,bronconeumonia + traumatismo craneo torax,1,2,0,BO_1979_02654,Enfermedades del sistema respiratorio + Trauma
TCTP+BN,BN+TCTP,bronconeumonia + traumatismo craneo torax pelvis,1,2,0,BO_1977_01743,Enfermedades del sistema respiratorio + Trauma
TM+BN,BN+TM,bronconeumonia + traumatismo multiple,266,2,0,"BO_1974_00812,BO_1974_00954,BO_1974_01617,BO_1974_01618,BO_1974_02043",Enfermedades del sistema respiratorio + Trauma
BN+TM,BN+TM,bronconeumonia + traumatismo multiple,11,2,0,"BO_1974_00130,BO_1974_01062,BO_1976_01810,BO_1976_02489,BO_1976_03516",Enfermedades del sistema respiratorio + Trauma
TM+B,BN+TM,bronconeumonia + traumatismo multiple,6,2,0,"BO_1975_00483,BO_1975_00561,BO_1977_02075,BO_1977_03765,BO_1977_04258",Enfermedades del sistema respiratorio + Trauma
TM + BN,BN+TM,bronconeumonia + traumatismo multiple,3,2,0,"BO_1979_03078,BO_1979_03127,BO_1979_03131",Enfermedades del sistema respiratorio + Trauma
B+TM,BN+TM,bronconeumonia + traumatismo multiple,2,2,0,"BO_1978_00836,BO_1978_04359",Enfermedades del sistema respiratorio + Trauma
TM+ BN,BN+TM,bronconeumonia + traumatismo multiple,1,2,0,BO_1979_00016,Enfermedades del sistema respiratorio + Trauma
TM +BN,BN+TM,bronconeumonia + traumatismo multiple,1,2,0,BO_1979_03104,Enfermedades del sistema respiratorio + Trauma
T M + BN,BN+TM,bronconeumonia + traumatismo multiple,1,2,0,BO_1978_00218,Enfermedades del sistema respiratorio + Trauma
TMBN,BN+TM,bronconeumonia + traumatismo multiple,1,2,0,BO_1976_05777,Enfermedades del sistema respiratorio + Trauma
TM+bn,BN+TM,bronconeumonia + traumatismo multiple,1,2,0,BO_1978_02798,Enfermedades del sistema respiratorio + Trauma
BBxTM,BN+TM,bronconeumonia + traumatismo multiple,1,2,0,BO_1979_02199,Enfermedades del sistema respiratorio + Trauma
BBXTM,BN+TM,bronconeumonia + traumatismo multiple,1,2,0,BO_1979_02787,Enfermedades del sistema respiratorio + Trauma
BxTM,BN+TM,bronconeumonia + traumatismo multiple,1,2,0,BO_1979_03876,Enfermedades del sistema respiratorio + Trauma
HTXoco,BN+TM,bronconeumonia + traumatismo multiple,1,2,0,BO_1979_05135,Enfermedades del sistema respiratorio + Trauma
TMI+BN,BN+TMi,bronconeumonia + traumatismo miembro,166,2,0,"BO_1974_00003,BO_1974_00220,BO_1974_00223,BO_1974_00336,BO_1974_00449",Enfermedades del sistema respiratorio + Trauma
BN+TMI,BN+TMi,bronconeumonia + traumatismo miembro,32,2,0,"BO_1974_00075,BO_1974_00600,BO_1974_02106,BO_1974_02606,BO_1974_04264",Enfermedades del sistema respiratorio + Trauma
TMIs+BN,BN+TMi,bronconeumonia + traumatismo miembro,7,2,0,"BO_1975_02159,BO_1975_02639,BO_1977_04300,BO_1978_02990,BO_1978_03337",Enfermedades del sistema respiratorio + Trauma
TMI+B,BN+TMi,bronconeumonia + traumatismo miembro,3,2,0,"BO_1975_00540,BO_1976_00061,BO_1979_04639",Enfermedades del sistema respiratorio + Trauma
Viceras TMI+BN,BN+TMi,bronconeumonia + traumatismo miembro,1,3,1,BO_1976_00709,Enfermedades del sistema respiratorio + Trauma
TMIS+BN,BN+TMi,bronconeumonia + traumatismo miembro,1,2,0,BO_1975_02839,Enfermedades del sistema respiratorio + Trauma
TMI + BN,BN+TMi,bronconeumonia + traumatismo miembro,1,2,0,BO_1979_03174,Enfermedades del sistema respiratorio + Trauma
TMI+BN+L,BN+TMi,bronconeumonia + traumatismo miembro,1,3,1,BO_1975_05449,Enfermedades del sistema respiratorio + Trauma
TMI+BN+,BN+TMi,bronconeumonia + traumatismo miembro,1,2,0,BO_1975_05467,Enfermedades del sistema respiratorio + Trauma
TMI + B,BN+TMi,bronconeumonia + traumatismo miembro,1,2,0,BO_1978_00056,Enfermedades del sistema respiratorio + Trauma
BN+ TMI,BN+TMi,bronconeumonia + traumatismo miembro,1,2,0,BO_1974_00167,Enfermedades del sistema respiratorio + Trauma
BN + TMI,BN+TMi,bronconeumonia + traumatismo miembro,1,2,0,BO_1978_00229,Enfermedades del sistema respiratorio + Trauma
TT+TMI+BN,BN+TMi+TT,bronconeumonia + traumatismo miembro + traumatismo torax,1,3,0,BO_1974_00240,Enfermedades del sistema respiratorio + Trauma
TMI+BN+Stress Ulcera,BN+TMi+Ulcera,bronconeumonia + traumatismo miembro + ulcera,1,4,1,BO_1976_02599,Enfermedades del sistema digestivo + Enfermedades del sistema respiratorio + Trauma
TMsIs+BN,BN+TMiI,bronconeumonia + traumatismo miembro inferior,11,2,0,"BO_1975_00657,BO_1975_03942,BO_1975_06079,BO_1976_00022,BO_1976_04994",Enfermedades del sistema respiratorio + Trauma
TMsI+BN,BN+TMiI,bronconeumonia + traumatismo miembro inferior,1,2,0,BO_1976_03151,Enfermedades del sistema respiratorio + Trauma
TMsI +BN,BN+TMiI,bronconeumonia + traumatismo miembro inferior,1,2,0,BO_1977_03956,Enfermedades del sistema respiratorio + Trauma
TMS+BN,BN+TMiS,bronconeumonia + traumatismo miembro superior,11,2,0,"BO_1974_03709,BO_1975_02705,BO_1977_01834,BO_1977_02357,BO_1977_04917",Enfermedades del sistema respiratorio + Trauma
TMs+BN,BN+TMiS,bronconeumonia + traumatismo miembro superior,2,2,0,"BO_1975_03081,BO_1976_02394",Enfermedades del sistema respiratorio + Trauma
TMsSs+BN,BN+TMiS,bronconeumonia + traumatismo miembro superior,1,3,1,BO_1976_04626,Enfermedades del sistema respiratorio + Trauma
TMsInfs+BN,BN+TMiS,bronconeumonia + traumatismo miembro superior,1,3,1,BO_1975_04257,Enfermedades del sistema respiratorio + Trauma
TMsIn/s+BN,BN+TMiS,bronconeumonia + traumatismo miembro superior,1,3,1,BO_1975_04048,Enfermedades del sistema respiratorio + Trauma
TMsIsBN,BN+TMiS,bronconeumonia + traumatismo miembro superior,1,3,1,BO_1979_04538,Enfermedades del sistema respiratorio + Trauma
TMS'BN,BN+TMiS,bronconeumonia + traumatismo miembro superior,1,2,0,BO_1975_01015,Enfermedades del sistema respiratorio + Trauma
BN + TMS,BN+TMiS,bronconeumonia + traumatismo miembro superior,1,2,0,BO_1978_00012,Enfermedades del sistema respiratorio + Trauma
BN+TMS,BN+TMiS,bronconeumonia + traumatismo miembro superior,1,2,0,BO_1978_03853,Enfermedades del sistema respiratorio + Trauma
TP+BN,BN+TP,bronconeumonia + traumatismo pelvis,34,2,0,"BO_1975_00246,BO_1975_03001,BO_1975_03183,BO_1976_00807,BO_1976_00839",Enfermedades del sistema respiratorio + Trauma
P/BN+TP,BN+TP,bronconeumonia + traumatismo pelvis,1,3,1,BO_1978_03674,Enfermedades del sistema respiratorio + Trauma
TP+BN AOMI,BN+TP,bronconeumonia + traumatismo pelvis,1,3,1,BO_1976_05466,Enfermedades del sistema respiratorio + Trauma
TP+Ms I+BN,BN+TP,bronconeumonia + traumatismo pelvis,1,3,1,BO_1977_03814,Enfermedades del sistema respiratorio + Trauma
TPyMsIns+BN,BN+TP,bronconeumonia + traumatismo pelvis,1,3,1,BO_1975_04654,Enfermedades del sistema respiratorio + Trauma
BBxTP,BN+TP,bronconeumonia + traumatismo pelvis,1,2,0,BO_1979_00194,Enfermedades del sistema respiratorio + Trauma
TRaq+BN,BN+TRaq,bronconeumonia + traumatismo raqui,2,2,0,"BO_1976_04521,BO_1978_04782",Enfermedades del sistema respiratorio + Trauma
TCF+BN,BN+Trau,bronconeumonia + traumatismo,3,2,0,"BO_1978_01534,BO_1978_03980,BO_1979_00321",Enfermedades del sistema respiratorio + Trauma
TEC+BN,BN+Trau,bronconeumonia + traumatismo,1,2,0,BO_1979_01159,Enfermedades del sistema respiratorio + Trauma
TE+BN,BN+Trau,bronconeumonia + traumatismo,1,2,0,BO_1979_07036,Enfermedades del sistema respiratorio + Trauma
BN+TE,BN+Trau,bronconeumonia + traumatismo,1,2,0,BO_1979_00556,Enfermedades del sistema respiratorio + Trauma
TRM+BN,BN+TRM,bronconeumonia + traumatismo raqui medular torax,2,2,0,"BO_1976_05142,BO_1979_03647",Enfermedades del sistema respiratorio + Trauma
TT+BN,BN+TT,bronconeumonia + traumatismo torax,34,2,0,"BO_1974_01314,BO_1974_02227,BO_1974_02694,BO_1974_04548,BO_1975_01791",Enfermedades del sistema respiratorio + Trauma
BN+TT,BN+TT,bronconeumonia + traumatismo torax,2,2,0,"BO_1974_04158,BO_1978_01667",Enfermedades del sistema respiratorio + Trauma
TT+bn,BN+TT,bronconeumonia + traumatismo torax,2,2,0,"BO_1978_00489,BO_1978_05126",Enfermedades del sistema respiratorio + Trauma
TT+ BN,BN+TT,bronconeumonia + traumatismo torax,1,2,0,BO_1979_03182,Enfermedades del sistema respiratorio + Trauma
B+TT,BN+TT,bronconeumonia + traumatismo torax,1,2,0,BO_1978_00748,Enfermedades del sistema respiratorio + Trauma
BxTTE,BN+TT,bronconeumonia + traumatismo torax,1,3,1,BO_1979_03249,Enfermedades del sistema respiratorio + Trauma
ByTT,BN+TT,bronconeumonia + traumatismo torax,1,2,0,BO_1974_01086,Enfermedades del sistema respiratorio + Trauma
TTA+BN,BN+TTA,bronconeumonia + traumatismo torax abdomen,10,2,0,"BO_1974_01227,BO_1975_01553,BO_1976_02978,BO_1977_00379,BO_1977_02657",Enfermedades del sistema respiratorio + Trauma
BN+TTA,BN+TTA,bronconeumonia + traumatismo torax abdomen,1,2,0,BO_1976_01775,Enfermedades del sistema respiratorio + Trauma
TTAP+B,BN+TTAP,bronconeumonia + traumatismo torax abdomen pelvis,1,2,0,BO_1974_01862,Enfermedades del sistema respiratorio + Trauma
TTP+BN,BN+TTP,bronconeumonia + traumatismo torax pelvis,5,2,0,"BO_1974_00750,BO_1975_04623,BO_1976_00445,BO_1976_00670,BO_1978_02952",Enfermedades del sistema respiratorio + Trauma
VEB,BN+VE,bronconeumonia + varices esofagicas,1,2,0,BO_1977_03248,Enfermedades del sistema digestivo + Enfermedades del sistema respiratorio
BN+VE,BN+VE,bronconeumonia + varices esofagicas,1,2,0,BO_1977_03803,Enfermedades del sistema digestivo + Enfermedades del sistema respiratorio
BNxT,BNxT,bronconeumonia traumatica,1,1,0,BO_1977_03111,Trauma
Broncoaspiracion,Broncoaspiracion,broncoaspiracion,2,1,0,"BO_1975_01475,BO_1977_03194",Causas externas de morbilidad y de mortalidad
Bronco A,Broncoaspiracion,broncoaspiracion,1,1,0,BO_1976_01794,Causas externas de morbilidad y de mortalidad
Asf x Broncoaspiracion,Broncoaspiracion,broncoaspiracion,1,2,1,BO_1975_04786,Causas externas de morbilidad y de mortalidad
CVG Broncoaspiracion,Broncoaspiracion+CVG,broncoaspiracion + congestion visceral generalizada,1,2,0,BO_1977_05040,Causas externas de morbilidad y de mortalidad
CA,CA,cancer,2,1,0,"BO_1976_05560,BO_1977_01363",Tumores (neoplasias)
CAxHiAFi,CA,cancer,1,2,1,BO_1977_04299,Tumores (neoplasias)
CA (gla Ma,CA,cancer,1,2,1,BO_1975_00484,Tumores (neoplasias)
CA Piloro,CA,cancer,1,2,1,BO_1976_00410,Tumores (neoplasias)
CA RINONES,CA,cancer,1,2,1,BO_1974_04148,Tumores (neoplasias)
CA+A,CA,cancer,1,2,1,BO_1976_02156,Tumores (neoplasias)
EORenal+CA,CA,cancer,1,2,1,BO_1978_02515,Tumores (neoplasias)
Carcinoma,CA,cancer,1,1,0,BO_1975_00179,Tumores (neoplasias)
"Tumor cerebral ""CA""",CA+Cereb+Tum,cancer + cerebro + tumor,1,3,0,BO_1979_02145,Tumores (neoplasias)
CA+C,CA+CH,cancer + cirrosis hepatica,1,2,0,BO_1976_02481,Enfermedades del sistema digestivo + Tumores (neoplasias)
CH+CA+Hepat,CA+CH+Hepat,cancer + cirrosis hepatica + higado,1,3,0,BO_1979_05187,Enfermedades del sistema digestivo + Tumores (neoplasias)
CAGastrico,CA+Gastr,cancer + gastro,1,2,0,BO_1979_02425,Tumores (neoplasias)
CA Gastrico,CA+Gastr,cancer + gastro,1,2,0,BO_1979_03385,Tumores (neoplasias)
Cancer Gastrico,CA+Gastr,cancer + gastro,1,2,0,BO_1979_00463,Tumores (neoplasias)
CA de Higado,CA+Hepat,cancer + higado,1,2,0,BO_1976_04214,Tumores (neoplasias)
Carcinoma Hepatico,CA+Hepat,cancer + higado,1,2,0,BO_1977_03355,Tumores (neoplasias)
N+CA,CA+N,cancer + neumonia,1,2,0,BO_1978_00360,Enfermedades del sistema respiratorio + Tumores (neoplasias)
CA Pancreas,CA+Pancrea,cancer + pancreatitis,2,2,0,"BO_1976_02114,BO_1978_01588",Enfermedades del sistema digestivo + Tumores (neoplasias)
CAPulm,CA+Pul,cancer + pulmon,1,2,0,BO_1975_00351,Tumores (neoplasias)
Carcinoma Pulmonar,CA+Pul,cancer + pulmon,1,2,0,BO_1976_04278,Tumores (neoplasias)
Tb+CA,CA+TB,cancer + tuberculosis,1,2,0,BO_1978_04703,Ciertas enfermedades infecciosas y parasitarias + Tumores (neoplasias)
TCE+CA,CA+TCE,cancer + traumatismo craneo encefalico,1,2,0,BO_1975_00838,Trauma + Tumores (neoplasias)
CA Uter,CA+Utero,cancer + utero,1,2,0,BO_1977_04729,Tumores (neoplasias)
CACervicoUterino,CA+Utero,cancer + utero,1,3,1,BO_1975_04947,Tumores (neoplasias)
CAdeVESICU,CA+Vesic,cancer + vesicula,1,2,0,BO_1975_03890,Tumores (neoplasias)
Higroma cerebral,Cereb,cerebro,1,2,1,BO_1975_05780,
Hipoxia Cerebral,Cereb,cerebro,1,2,1,BO_1975_01090,
Cisticercosis Cerebral,Cereb+Cisticercosis,cerebro + cisticercosis,1,2,0,BO_1975_03992,Ciertas enfermedades infecciosas y parasitarias
"Reb Cerebral, infart pulmonar+LOC",Cereb+InfPul+LOC,cerebro + enfermedad organica del corazon + infarto pulmon,1,4,1,BO_1974_02444,Enfermedades del sistema circulatorio + Enfermedades del sistema respiratorio
Tumor Cerebral,Cereb+Tum,cerebro + tumor,2,2,0,"BO_1974_03944,BO_1975_04731",Tumores (neoplasias)
TUM CEREBRAL,Cereb+Tum,cerebro + tumor,1,2,0,BO_1974_01906,Tumores (neoplasias)
TUMOR CEREBRAL,Cereb+Tum,cerebro + tumor,1,2,0,BO_1978_04616,Tumores (neoplasias)
TumCer,Cereb+Tum,cerebro + tumor,1,2,0,BO_1978_06600,Tumores (neoplasias)
Accidente vascular c,Cereb+Vascu,cerebro + vascular,2,3,1,"BO_1974_02742,BO_1974_02756",
CH,CH,cirrosis hepatica,155,1,0,"BO_1974_00105,BO_1974_00907,BO_1974_00958,BO_1974_01151,BO_1974_01256",Enfermedades del sistema digestivo
CH+A,CH,cirrosis hepatica,4,2,1,"BO_1975_01226,BO_1976_01277,BO_1976_03372,BO_1977_06106",Enfermedades del sistema digestivo
CHsPPAF,CH,cirrosis hepatica,3,2,1,"BO_1974_00505,BO_1974_00535,BO_1974_00565",Enfermedades del sistema digestivo
CH+CT,CH,cirrosis hepatica,2,2,1,"BO_1979_06880,BO_1979_06897",Enfermedades del sistema digestivo
PBU+CH,CH,cirrosis hepatica,1,2,1,BO_1977_06649,Enfermedades del sistema digestivo
PB+CH,CH,cirrosis hepatica,1,2,1,BO_1974_02629,Enfermedades del sistema digestivo
NVNT+CH,CH,cirrosis hepatica,1,2,1,BO_1979_06243,Enfermedades del sistema digestivo
PNT+CH,CH,cirrosis hepatica,1,2,1,BO_1979_06292,Enfermedades del sistema digestivo
M+CH,CH,cirrosis hepatica,1,2,1,BO_1974_00735,Enfermedades del sistema digestivo
LVC+CH,CH,cirrosis hepatica,1,2,1,BO_1974_02571,Enfermedades del sistema digestivo
UE+CH,CH,cirrosis hepatica,1,2,1,BO_1978_02738,Enfermedades del sistema digestivo
Sang Tubo digestivo SH HIPOVOL+CH,CH,cirrosis hepatica,1,2,1,BO_1974_02826,Enfermedades del sistema digestivo
BAB+CH,CH,cirrosis hepatica,1,2,1,BO_1979_00193,Enfermedades del sistema digestivo
CH+,CH,cirrosis hepatica,1,1,0,BO_1976_00039,Enfermedades del sistema digestivo
CH+C,CH,cirrosis hepatica,1,2,0,BO_1977_06000,Enfermedades del sistema digestivo
C,CH,cirrosis hepatica,1,1,0,BO_1977_02200,Enfermedades del sistema digestivo
CH+V,CH,cirrosis hepatica,1,2,1,BO_1975_00262,Enfermedades del sistema digestivo
CH+VESHHr,CH,cirrosis hepatica,1,2,1,BO_1976_00608,Enfermedades del sistema digestivo
CH+frac,CH,cirrosis hepatica,1,2,1,BO_1974_04089,Enfermedades del sistema digestivo
CUY+CH,CH,cirrosis hepatica,1,2,0,BO_1976_05868,Enfermedades del sistema digestivo
CVE+CH,CH,cirrosis hepatica,1,2,1,BO_1976_06453,Enfermedades del sistema digestivo
CVF+CH,CH,cirrosis hepatica,1,2,1,BO_1979_01152,Enfermedades del sistema digestivo
CHsPPA,CH,cirrosis hepatica,1,2,1,BO_1974_00980,Enfermedades del sistema digestivo
BNB+CH,CH,cirrosis hepatica,1,2,0,BO_1975_00810,Enfermedades del sistema digestivo
BNTB+CH,CH,cirrosis hepatica,1,2,1,BO_1977_04839,Enfermedades del sistema digestivo
BR+CH,CH,cirrosis hepatica,1,2,1,BO_1974_04787,Enfermedades del sistema digestivo
ANVE+CH,CH,cirrosis hepatica,1,2,1,BO_1974_02374,Enfermedades del sistema digestivo
Absesos C,CH,cirrosis hepatica,1,2,1,BO_1974_02782,Enfermedades del sistema digestivo
HPAFP Cara y C,CH,cirrosis hepatica,1,2,1,BO_1974_03855,Enfermedades del sistema digestivo
IA+C,CH,cirrosis hepatica,1,2,1,BO_1975_00991,Enfermedades del sistema digestivo
HMasiva+CH,CH,cirrosis hepatica,1,3,2,BO_1978_05690,Enfermedades del sistema digestivo
Falta C PostN,CH,cirrosis hepatica,1,3,2,BO_1978_06975,Enfermedades del sistema digestivo
InfCerebral+CH,CH+Cereb+Inf,cerebro + cirrosis hepatica + infarto o infeccion,1,3,0,BO_1975_04518,Ciertas enfermedades infecciosas y parasitarias + Enfermedades del sistema digestivo
CVG+CH,CH+CVG,cirrosis hepatica + congestion visceral generalizada,12,2,0,"BO_1975_01382,BO_1975_02987,BO_1975_03022,BO_1975_04344,BO_1975_05817",Enfermedades del sistema digestivo
CVG+C,CH+CVG,cirrosis hepatica + congestion visceral generalizada,3,2,0,"BO_1974_01506,BO_1976_00131,BO_1977_00025",Enfermedades del sistema digestivo
CH Y desnutricion,CH+Desnut,cirrosis hepatica + desnutricion,1,2,0,BO_1977_06624,"Enfermedades del sistema digestivo + Enfermedades endocrinas, nutricionales y metabólicas"
CH Desnut,CH+Desnut,cirrosis hepatica + desnutricion,1,2,0,BO_1975_05789,"Enfermedades del sistema digestivo + Enfermedades endocrinas, nutricionales y metabólicas"
EC+CH,CH+EC,cirrosis hepatica + edema cerebral,1,2,0,BO_1975_04516,Enfermedades del sistema digestivo + Enfermedades del sistema nervioso
EP+CH,CH+EP,cirrosis hepatica + edema pulmonar,4,2,0,"BO_1975_03477,BO_1977_06656,BO_1978_06324,BO_1979_04826",Enfermedades del sistema digestivo + Enfermedades del sistema respiratorio
EP+LOC+CH,CH+EP+LOC,cirrosis hepatica + edema pulmonar + enfermedad organica del corazon,1,3,0,BO_1974_03741,Enfermedades del sistema circulatorio + Enfermedades del sistema digestivo + Enfermedades del sistema respiratorio
CH+Gastritis,CH+Gastritis,cirrosis hepatica + gastritis,1,2,0,BO_1979_04039,Enfermedades del sistema digestivo
HC+CH,CH+HC,cirrosis hepatica + hemorragia cerebral o herida cortante,7,2,0,"BO_1974_01920,BO_1974_04552,BO_1975_03516,BO_1975_04365,BO_1976_01250",Causas externas de morbilidad y de mortalidad + Enfermedades del sistema digestivo
HC+C,CH+HC,cirrosis hepatica + hemorragia cerebral o herida cortante,3,2,0,"BO_1975_00189,BO_1975_00468,BO_1977_03450",Causas externas de morbilidad y de mortalidad + Enfermedades del sistema digestivo
CH+HC,CH+HC,cirrosis hepatica + hemorragia cerebral o herida cortante,1,2,0,BO_1975_00624,Causas externas de morbilidad y de mortalidad + Enfermedades del sistema digestivo
HC+CHyLOC,CH+HC+LOC,cirrosis hepatica + enfermedad organica del corazon + hemorragia cerebral o herida cortante,1,3,0,BO_1978_05029,Causas externas de morbilidad y de mortalidad + Enfermedades del sistema circulatorio + Enfermedades del sistema digestivo
HC+LOC+CH,CH+HC+LOC,cirrosis hepatica + enfermedad organica del corazon + hemorragia cerebral o herida cortante,1,3,0,BO_1976_04236,Causas externas de morbilidad y de mortalidad + Enfermedades del sistema circulatorio + Enfermedades del sistema digestivo
CH+Hepatitis,CH+Hepatitis,cirrosis hepatica + hepatitis,1,2,0,BO_1978_04180,Enfermedades del sistema digestivo
HsPAFPsT y C,CH+HPAFT,cirrosis hepatica + herida arma fuego torax,1,2,0,BO_1974_00662,Enfermedades del sistema digestivo + Herida por arma de fuego
HPAFPTA+C,CH+HPAFTA,cirrosis hepatica + herida arma fuego torax abdomen,1,2,0,BO_1974_01898,Enfermedades del sistema digestivo + Herida por arma de fuego
InfPul+CH,CH+InfPul,cirrosis hepatica + infarto pulmon,1,2,0,BO_1976_01767,Enfermedades del sistema digestivo + Enfermedades del sistema respiratorio
C+Intox+AL,CH+Intox,cirrosis hepatica + intoxicacion,1,3,1,BO_1979_05207,Causas externas de morbilidad y de mortalidad + Enfermedades del sistema digestivo
LOC+CH,CH+LOC,cirrosis hepatica + enfermedad organica del corazon,39,2,0,"BO_1974_00084,BO_1974_02696,BO_1974_04469,BO_1975_00013,BO_1975_00233",Enfermedades del sistema circulatorio + Enfermedades del sistema digestivo
LOC+C,CH+LOC,cirrosis hepatica + enfermedad organica del corazon,9,2,0,"BO_1974_03748,BO_1974_03764,BO_1975_00843,BO_1975_01509,BO_1975_03218",Enfermedades del sistema circulatorio + Enfermedades del sistema digestivo
loc+c,CH+LOC,cirrosis hepatica + enfermedad organica del corazon,1,2,0,BO_1974_02783,Enfermedades del sistema circulatorio + Enfermedades del sistema digestivo
LOCH+CH,CH+LOC,cirrosis hepatica + enfermedad organica del corazon,1,3,1,BO_1974_04020,Enfermedades del sistema circulatorio + Enfermedades del sistema digestivo
EOC+CH,CH+LOC,cirrosis hepatica + enfermedad organica del corazon,1,2,0,BO_1979_06860,Enfermedades del sistema circulatorio + Enfermedades del sistema digestivo
PN+LOC+CH,CH+LOC+PN,cirrosis hepatica + enfermedad organica del corazon + pleuro pneumonia,1,3,0,BO_1974_02617,Enfermedades del sistema circulatorio + Enfermedades del sistema digestivo + Enfermedades del sistema respiratorio
Moningit+CH,CH+Mening,cirrosis hepatica + meningo,1,2,0,BO_1976_03605,Enfermedades del sistema digestivo
N+CH,CH+N,cirrosis hepatica + neumonia,51,2,0,"BO_1974_00748,BO_1974_01246,BO_1974_01248,BO_1974_01258,BO_1974_01682",Enfermedades del sistema digestivo + Enfermedades del sistema respiratorio
N+C,CH+N,cirrosis hepatica + neumonia,2,2,0,"BO_1976_03686,BO_1977_02684",Enfermedades del sistema digestivo + Enfermedades del sistema respiratorio
N y CH,CH+N,cirrosis hepatica + neumonia,1,2,0,BO_1974_00720,Enfermedades del sistema digestivo + Enfermedades del sistema respiratorio
N+ CH,CH+N,cirrosis hepatica + neumonia,1,2,0,BO_1978_01919,Enfermedades del sistema digestivo + Enfermedades del sistema respiratorio
N+TB+CH,CH+N+TB,cirrosis hepatica + neumonia + tuberculosis,1,3,0,BO_1975_01713,Ciertas enfermedades infecciosas y parasitarias + Enfermedades del sistema digestivo + Enfermedades del sistema respiratorio
N+CH+TB,CH+N+TB,cirrosis hepatica + neumonia + tuberculosis,1,3,0,BO_1975_05641,Ciertas enfermedades infecciosas y parasitarias + Enfermedades del sistema digestivo + Enfermedades del sistema respiratorio
Pancreatitis CH,CH+Pancrea,cirrosis hepatica + pancreatitis,1,2,0,BO_1975_00080,Enfermedades del sistema digestivo
Pancreatotos+CH,CH+Pancrea,cirrosis hepatica + pancreatitis,1,2,0,BO_1976_06183,Enfermedades del sistema digestivo
Per+CH,CH+PER,cirrosis hepatica + peritonitis o perforacion,2,2,0,"BO_1975_01902,BO_1977_05158",Enfermedades del sistema digestivo
PN+CH,CH+PN,cirrosis hepatica + pleuro pneumonia,167,2,0,"BO_1974_00068,BO_1974_00255,BO_1974_00652,BO_1974_00815,BO_1974_00956",Enfermedades del sistema digestivo + Enfermedades del sistema respiratorio
PN+C,CH+PN,cirrosis hepatica + pleuro pneumonia,8,2,0,"BO_1975_00062,BO_1975_01062,BO_1975_01274,BO_1976_00791,BO_1977_01077",Enfermedades del sistema digestivo + Enfermedades del sistema respiratorio
PL+CH,CH+PN,cirrosis hepatica + pleuro pneumonia,4,2,0,"BO_1974_02082,BO_1974_02868,BO_1974_02872,BO_1974_04766",Enfermedades del sistema digestivo + Enfermedades del sistema respiratorio
CH+PN,CH+PN,cirrosis hepatica + pleuro pneumonia,3,2,0,"BO_1977_05107,BO_1979_01953,BO_1979_04508",Enfermedades del sistema digestivo + Enfermedades del sistema respiratorio
PNCH,CH+PN,cirrosis hepatica + pleuro pneumonia,1,2,0,BO_1975_03832,Enfermedades del sistema digestivo + Enfermedades del sistema respiratorio
PL y CH,CH+PN,cirrosis hepatica + pleuro pneumonia,1,2,0,BO_1974_04771,Enfermedades del sistema digestivo + Enfermedades del sistema respiratorio
PN CH,CH+PN,cirrosis hepatica + pleuro pneumonia,1,2,0,BO_1978_06465,Enfermedades del sistema digestivo + Enfermedades del sistema respiratorio
Pn+CH,CH+PN,cirrosis hepatica + pleuro pneumonia,1,2,0,BO_1975_04788,Enfermedades del sistema digestivo + Enfermedades del sistema respiratorio
PN+TB+CH,CH+PN+TB,cirrosis hepatica + pleuro pneumonia + tuberculosis,4,3,0,"BO_1974_01044,BO_1974_03630,BO_1974_03787,BO_1975_05915",Ciertas enfermedades infecciosas y parasitarias + Enfermedades del sistema digestivo + Enfermedades del sistema respiratorio
PN+CH+TB,CH+PN+TB,cirrosis hepatica + pleuro pneumonia + tuberculosis,1,3,0,BO_1974_04752,Ciertas enfermedades infecciosas y parasitarias + Enfermedades del sistema digestivo + Enfermedades del sistema respiratorio
PBNT+CH,CH+PNNT,cirrosis hepatica + pleuro pneumonia no traumatica,2,2,0,"BO_1979_06259,BO_1979_06284",Enfermedades del sistema digestivo + Enfermedades del sistema respiratorio
PBinot+CH,CH+PNNT,cirrosis hepatica + pleuro pneumonia no traumatica,1,2,0,BO_1979_00827,Enfermedades del sistema digestivo + Enfermedades del sistema respiratorio
C Pulmonar,CH+Pul,cirrosis hepatica + pulmon,1,2,0,BO_1977_02661,Enfermedades del sistema digestivo
Quemaduras+CH,CH+Quem,cirrosis hepatica + quemaduras,1,2,0,BO_1975_06383,Causas externas de morbilidad y de mortalidad + Enfermedades del sistema digestivo
Septicopioemia+CH,CH+Septi,cirrosis hepatica + septicemia,1,2,0,BO_1975_02080,Ciertas enfermedades infecciosas y parasitarias + Enfermedades del sistema digestivo
Septisemia+CH,CH+Septi,cirrosis hepatica + septicemia,1,2,0,BO_1978_06304,Ciertas enfermedades infecciosas y parasitarias + Enfermedades del sistema digestivo
C S+ept+TMI,CH+Septi+TMi,cirrosis hepatica + septicemia + traumatismo miembro,1,4,1,BO_1974_03521,Ciertas enfermedades infecciosas y parasitarias + Enfermedades del sistema digestivo + Trauma
TCA+CH,CH+TAC,cirrosis hepatica + traumatismo abdomen craneo,1,2,0,BO_1975_05335,Enfermedades del sistema digestivo + Trauma
TB+CH,CH+TB,cirrosis hepatica + tuberculosis,46,2,0,"BO_1974_01504,BO_1974_02690,BO_1974_04577,BO_1974_04903,BO_1974_04923",Ciertas enfermedades infecciosas y parasitarias + Enfermedades del sistema digestivo
Tb+CH,CH+TB,cirrosis hepatica + tuberculosis,7,2,0,"BO_1975_06363,BO_1976_06469,BO_1977_04853,BO_1977_05497,BO_1978_06236",Ciertas enfermedades infecciosas y parasitarias + Enfermedades del sistema digestivo
TBCH,CH+TB,cirrosis hepatica + tuberculosis,1,2,0,BO_1975_01178,Ciertas enfermedades infecciosas y parasitarias + Enfermedades del sistema digestivo
TB+C,CH+TB,cirrosis hepatica + tuberculosis,1,2,0,BO_1977_06219,Ciertas enfermedades infecciosas y parasitarias + Enfermedades del sistema digestivo
CH+TB,CH+TB,cirrosis hepatica + tuberculosis,1,2,0,BO_1975_01034,Ciertas enfermedades infecciosas y parasitarias + Enfermedades del sistema digestivo
TCE+CH,CH+TCE,cirrosis hepatica + traumatismo craneo encefalico,8,2,0,"BO_1974_03977,BO_1974_04006,BO_1975_03395,BO_1975_05910,BO_1975_06372",Enfermedades del sistema digestivo + Trauma
TCE+C,CH+TCE,cirrosis hepatica + traumatismo craneo encefalico,3,2,0,"BO_1974_00243,BO_1975_00009,BO_1975_01969",Enfermedades del sistema digestivo + Trauma
CH+TCE,CH+TCE,cirrosis hepatica + traumatismo craneo encefalico,1,2,0,BO_1979_04445,Enfermedades del sistema digestivo + Trauma
TCT+CH,CH+TCT,cirrosis hepatica + traumatismo craneo torax,2,2,0,"BO_1975_01267,BO_1975_02345",Enfermedades del sistema digestivo + Trauma
TM+CH,CH+TM,cirrosis hepatica + traumatismo multiple,2,2,0,"BO_1974_04966,BO_1978_06206",Enfermedades del sistema digestivo + Trauma
TMIs+C,CH+TMi,cirrosis hepatica + traumatismo miembro,1,2,0,BO_1975_03148,Enfermedades del sistema digestivo + Trauma
TMI+C,CH+TMi,cirrosis hepatica + traumatismo miembro,1,2,0,BO_1974_01809,Enfermedades del sistema digestivo + Trauma
TP+CH,CH+TP,cirrosis hepatica + traumatismo pelvis,1,2,0,BO_1975_05865,Enfermedades del sistema digestivo + Trauma
TPCB+CH,CH+TP,cirrosis hepatica + traumatismo pelvis,1,3,1,BO_1978_06305,Enfermedades del sistema digestivo + Trauma
TT+CH,CH+TT,cirrosis hepatica + traumatismo torax,1,2,0,BO_1975_01545,Enfermedades del sistema digestivo + Trauma
C Hipertension x Tumor cerebral,CH+Tum,cirrosis hepatica + tumor,1,4,2,BO_1978_04681,Enfermedades del sistema digestivo + Tumores (neoplasias)
VE+CH,CH+VE,cirrosis hepatica + varices esofagicas,5,2,0,"BO_1974_03311,BO_1976_00036,BO_1977_02520,BO_1979_04510,BO_1979_06231",Enfermedades del sistema digestivo
CH+VE,CH+VE,cirrosis hepatica + varices esofagicas,2,2,0,"BO_1974_04549,BO_1974_04565",Enfermedades del sistema digestivo
VE+C,CH+VE,cirrosis hepatica + varices esofagicas,2,2,0,"BO_1975_00353,BO_1976_02751",Enfermedades del sistema digestivo
VE+RB+CH,CH+VE,cirrosis hepatica + varices esofagicas,1,3,1,BO_1974_02559,Enfermedades del sistema digestivo
VE+CH+Hn,CH+VE,cirrosis hepatica + varices esofagicas,1,3,1,BO_1979_01491,Enfermedades del sistema digestivo
VE+CH H,CH+VE,cirrosis hepatica + varices esofagicas,1,3,1,BO_1975_05425,Enfermedades del sistema digestivo
VE+CH+,CH+VE,cirrosis hepatica + varices esofagicas,1,2,0,BO_1976_05467,Enfermedades del sistema digestivo
EC+EP Intox Ci,Cianuro+EC+EP+Intox,cianuro + edema cerebral + edema pulmonar + intoxicacion,1,4,0,BO_1974_01199,Causas externas de morbilidad y de mortalidad + Enfermedades del sistema nervioso + Enfermedades del sistema respiratorio
Intox Cianuro,Cianuro+Intox,cianuro + intoxicacion,1,2,0,BO_1979_04730,Causas externas de morbilidad y de mortalidad
INTOX CIA,Cianuro+Intox,cianuro + intoxicacion,1,2,0,BO_1974_01306,Causas externas de morbilidad y de mortalidad
Cisticercosis,Cisticercosis,cisticercosis,8,1,0,"BO_1974_02887,BO_1975_00517,BO_1975_01859,BO_1975_02036,BO_1975_02272",Ciertas enfermedades infecciosas y parasitarias
CL,CL,conjunto lesiones,31,1,0,"BO_1974_00144,BO_1974_00146,BO_1974_01648,BO_1974_01655,BO_1974_01659",Trauma
Pancreatitis+CL,CL+Pancrea,conjunto lesiones + pancreatitis,1,2,0,BO_1974_00093,Enfermedades del sistema digestivo + Trauma
PL y CL,CL+PN,conjunto lesiones + pleuro pneumonia,1,2,0,BO_1974_03866,Enfermedades del sistema respiratorio + Trauma
CVGCO2,CO2+CVG,CO2 + congestion visceral generalizada,1,2,0,BO_1977_01531,Causas externas de morbilidad y de mortalidad
CVG+CO2,CO2+CVG,CO2 + congestion visceral generalizada,1,2,0,BO_1974_03100,Causas externas de morbilidad y de mortalidad
CVG + Intox CO2,CO2+CVG+Intox,CO2 + congestion visceral generalizada + intoxicacion,1,3,0,BO_1976_04610,Causas externas de morbilidad y de mortalidad
Intox CO2,CO2+Intox,CO2 + intoxicacion,5,2,0,"BO_1974_01708,BO_1974_01709,BO_1977_00916,BO_1977_00917,BO_1978_04074",Causas externas de morbilidad y de mortalidad
Int CO2,CO2+Intox,CO2 + intoxicacion,1,2,0,BO_1978_04945,Causas externas de morbilidad y de mortalidad
InTox GAS CO2,CO2+Intox,CO2 + intoxicacion,1,2,0,BO_1978_01603,Causas externas de morbilidad y de mortalidad
Intox CO2 M,CO2+IntoxMed,CO2 + intoxicacion por medicamentos,3,2,0,"BO_1975_02033,BO_1975_02034,BO_1975_02035",Causas externas de morbilidad y de mortalidad
CVG,CVG,congestion visceral generalizada,1287,1,0,"BO_1974_00151,BO_1974_00165,BO_1974_00166,BO_1974_00268,BO_1974_00371",
CVY,CVG,congestion visceral generalizada,35,1,0,"BO_1974_00323,BO_1974_00924,BO_1974_01007,BO_1976_05552,BO_1976_05583",
CVG+E,CVG,congestion visceral generalizada,3,2,1,"BO_1975_00323,BO_1976_00970,BO_1976_04290",
CV,CVG,congestion visceral generalizada,3,1,0,"BO_1977_02696,BO_1977_02750,BO_1977_05214",
CVG+,CVG,congestion visceral generalizada,2,1,0,"BO_1976_03992,BO_1977_05656",
Intox C+CVG,CVG,congestion visceral generalizada,1,2,1,BO_1976_04132,
cvg,CVG,congestion visceral generalizada,1,1,0,BO_1974_02788,
(CVGxI),CVG,congestion visceral generalizada,1,2,1,BO_1976_02702,
A+CVG,CVG,congestion visceral generalizada,1,2,1,BO_1978_06354,
CVG CO,CVG,congestion visceral generalizada,1,2,1,BO_1976_01316,
CVG+Reb. cerebral,CVG,congestion visceral generalizada,1,2,1,BO_1976_01238,
CVGCOC,CVG,congestion visceral generalizada,1,2,1,BO_1979_06705,
CVGEM,CVG,congestion visceral generalizada,1,2,1,BO_1979_04499,
CVGRebCer,CVG,congestion visceral generalizada,1,2,1,BO_1975_04246,
CVGxCQ,CVG,congestion visceral generalizada,1,2,1,BO_1979_05835,
CVGxMed,CVG,congestion visceral generalizada,1,2,1,BO_1979_03996,
CVYx,CVG,congestion visceral generalizada,1,1,0,BO_1976_06294,
CVG+A,CVG,congestion visceral generalizada,1,2,1,BO_1975_02468,
CVG+CE,CVG,congestion visceral generalizada,1,2,1,BO_1979_05475,
CVG+ECEP,CVG,congestion visceral generalizada,1,2,1,BO_1974_03512,
CVG+GH,CVG,congestion visceral generalizada,1,2,1,BO_1979_01805,
CVG+L,CVG,congestion visceral generalizada,1,2,1,BO_1975_05732,
CVG+PE,CVG,congestion visceral generalizada,1,2,1,BO_1974_02863,
CVG+Piel,CVG,congestion visceral generalizada,1,2,1,BO_1978_00471,
EC+CVG,CVG+EC,congestion visceral generalizada + edema cerebral,1,2,0,BO_1975_04413,Enfermedades del sistema nervioso
CVG+EC,CVG+EC,congestion visceral generalizada + edema cerebral,1,2,0,BO_1975_03194,Enfermedades del sistema nervioso
EC+ CVG,CVG+EC,congestion visceral generalizada + edema cerebral,1,2,0,BO_1979_03227,Enfermedades del sistema nervioso
EC+EP+CVG,CVG+EC+EP,congestion visceral generalizada + edema cerebral + edema pulmonar,1,3,0,BO_1974_01910,Enfermedades del sistema nervioso + Enfermedades del sistema respiratorio
CVG+Electrocucion,CVG+Electroc,congestion visceral generalizada + electrocucion,4,2,0,"BO_1975_01184,BO_1975_04370,BO_1976_03081,BO_1976_03866",Causas externas de morbilidad y de mortalidad
CVG [] Electrocucion,CVG+Electroc,congestion visceral generalizada + electrocucion,1,2,0,BO_1975_02808,Causas externas de morbilidad y de mortalidad
CVG+ELEC,CVG+Electroc,congestion visceral generalizada + electrocucion,1,2,0,BO_1974_02480,Causas externas de morbilidad y de mortalidad
CVG+Elect,CVG+Electroc,congestion visceral generalizada + electrocucion,1,2,0,BO_1975_03442,Causas externas de morbilidad y de mortalidad
CVG+Electrocusion+TM,CVG+Electroc+TM,congestion visceral generalizada + electrocucion + traumatismo multiple,1,3,0,BO_1978_03926,Causas externas de morbilidad y de mortalidad + Trauma
CVG+Ent,CVG+ENT,congestion visceral generalizada + enteritis,1,2,0,BO_1978_00487,Enfermedades del sistema digestivo
EP+CVG,CVG+EP,congestion visceral generalizada + edema pulmonar,9,2,0,"BO_1974_01188,BO_1974_01239,BO_1974_03102,BO_1974_03461,BO_1975_00858",Enfermedades del sistema respiratorio
CVG+EP,CVG+EP,congestion visceral generalizada + edema pulmonar,3,2,0,"BO_1974_02687,BO_1975_04155,BO_1976_03310",Enfermedades del sistema respiratorio
CVG+Gastritis,CVG+Gastritis,congestion visceral generalizada + gastritis,1,2,0,BO_1975_02710,Enfermedades del sistema digestivo
HC+CVG,CVG+HC,congestion visceral generalizada + hemorragia cerebral o herida cortante,1,2,0,BO_1978_04739,Causas externas de morbilidad y de mortalidad
HC+CVY,CVG+HC,congestion visceral generalizada + hemorragia cerebral o herida cortante,1,2,0,BO_1978_00002,Causas externas de morbilidad y de mortalidad
Inf Pol + CVG,CVG+InfPul,congestion visceral generalizada + infarto pulmon,1,2,0,BO_1978_04179,Enfermedades del sistema respiratorio
CVG+Infartos Pulmonares,CVG+InfPul,congestion visceral generalizada + infarto pulmon,1,2,0,BO_1975_00741,Enfermedades del sistema respiratorio
Intox+CVG,CVG+Intox,congestion visceral generalizada + intoxicacion,1,2,0,BO_1979_01195,Causas externas de morbilidad y de mortalidad
CVG (intox),CVG+Intox,congestion visceral generalizada + intoxicacion,1,2,0,BO_1974_01692,Causas externas de morbilidad y de mortalidad
CVG INTOX ARESEMICO,CVG+Intox,congestion visceral generalizada + intoxicacion,1,3,1,BO_1974_02945,Causas externas de morbilidad y de mortalidad
CVG Intox Substancia,CVG+Intox,congestion visceral generalizada + intoxicacion,1,3,1,BO_1976_02202,Causas externas de morbilidad y de mortalidad
Intox.Med x CVG,CVG+IntoxMed,congestion visceral generalizada + intoxicacion por medicamentos,1,2,0,BO_1976_03712,Causas externas de morbilidad y de mortalidad
CVG Intox Med,CVG+IntoxMed,congestion visceral generalizada + intoxicacion por medicamentos,1,2,0,BO_1975_01286,Causas externas de morbilidad y de mortalidad
CVG+LOC,CVG+LOC,congestion visceral generalizada + enfermedad organica del corazon,29,2,0,"BO_1974_01135,BO_1974_02517,BO_1974_03202,BO_1974_04916,BO_1975_01074",Enfermedades del sistema circulatorio
LOC+CVG,CVG+LOC,congestion visceral generalizada + enfermedad organica del corazon,13,2,0,"BO_1974_02749,BO_1975_02138,BO_1976_02997,BO_1976_03801,BO_1976_04054",Enfermedades del sistema circulatorio
CVG+EOC,CVG+LOC,congestion visceral generalizada + enfermedad organica del corazon,4,2,0,"BO_1978_05437,BO_1979_01030,BO_1979_03780,BO_1979_05739",Enfermedades del sistema circulatorio
LOC y CVG,CVG+LOC,congestion visceral generalizada + enfermedad organica del corazon,1,2,0,BO_1974_00314,Enfermedades del sistema circulatorio
EOC+CVG,CVG+LOC,congestion visceral generalizada + enfermedad organica del corazon,1,2,0,BO_1978_00713,Enfermedades del sistema circulatorio
CVG+QUEMADURA+LOC,CVG+LOC+Quem,congestion visceral generalizada + enfermedad organica del corazon + quemaduras,1,3,0,BO_1974_03713,Causas externas de morbilidad y de mortalidad + Enfermedades del sistema circulatorio
N+CVG,CVG+N,congestion visceral generalizada + neumonia,3,2,0,"BO_1974_00271,BO_1974_03012,BO_1975_04284",Enfermedades del sistema respiratorio
IPM PANCREATITIS CVG,CVG+Pancrea,congestion visceral generalizada + pancreatitis,1,3,1,BO_1978_02154,Enfermedades del sistema digestivo
PN+CVG,CVG+PN,congestion visceral generalizada + pleuro pneumonia,3,2,0,"BO_1975_04175,BO_1975_04865,BO_1975_05282",Enfermedades del sistema respiratorio
CVG+PN,CVG+PN,congestion visceral generalizada + pleuro pneumonia,1,2,0,BO_1976_01382,Enfermedades del sistema respiratorio
CVG+Quem,CVG+Quem,congestion visceral generalizada + quemaduras,5,2,0,"BO_1978_03930,BO_1978_04102,BO_1978_05499,BO_1978_06272,BO_1978_06661",Causas externas de morbilidad y de mortalidad
Quem+CVG,CVG+Quem,congestion visceral generalizada + quemaduras,4,2,0,"BO_1975_01080,BO_1978_03177,BO_1978_05498,BO_1978_06618",Causas externas de morbilidad y de mortalidad
CVG+Quemadura,CVG+Quem,congestion visceral generalizada + quemaduras,2,2,0,"BO_1974_04201,BO_1974_05055",Causas externas de morbilidad y de mortalidad
CVG+Quemaduras,CVG+Quem,congestion visceral generalizada + quemaduras,1,2,0,BO_1975_03824,Causas externas de morbilidad y de mortalidad
TCE+CVG Quemaduras,CVG+Quem+TCE,congestion visceral generalizada + quemaduras + traumatismo craneo encefalico,1,3,0,BO_1978_02882,Causas externas de morbilidad y de mortalidad + Trauma
CVG+TB,CVG+TB,congestion visceral generalizada + tuberculosis,1,2,0,BO_1974_01595,Ciertas enfermedades infecciosas y parasitarias
Desnutricion,Desnut,desnutricion,7,1,0,"BO_1974_03435,BO_1975_06316,BO_1976_02012,BO_1976_03416,BO_1976_06126","Enfermedades endocrinas, nutricionales y metabólicas"
DesnuT,Desnut,desnutricion,1,1,0,BO_1976_03274,"Enfermedades endocrinas, nutricionales y metabólicas"
Desnutricion 4 G,Desnut,desnutricion,1,2,1,BO_1979_00609,"Enfermedades endocrinas, nutricionales y metabólicas"
DESNUTRICION,Desnut,desnutricion,1,1,0,BO_1978_00269,"Enfermedades endocrinas, nutricionales y metabólicas"
LOC+Desnut,Desnut+LOC,desnutricion + enfermedad organica del corazon,1,2,0,BO_1975_06378,"Enfermedades del sistema circulatorio + Enfermedades endocrinas, nutricionales y metabólicas"
Diabetes,Diabetes,diabetes,1,1,0,BO_1979_07324,"Enfermedades endocrinas, nutricionales y metabólicas"
Diabetes De cardiopatia,Diabetes,diabetes,1,2,1,BO_1975_00757,"Enfermedades endocrinas, nutricionales y metabólicas"
Diabetes+L,Diabetes,diabetes,1,2,1,BO_1975_05269,"Enfermedades endocrinas, nutricionales y metabólicas"
Coma Diabetico,Diabetes,diabetes,1,2,1,BO_1975_04955,"Enfermedades endocrinas, nutricionales y metabólicas"
Dispensa,Dispensa,dispensa,827,1,0,"BO_1975_00079,BO_1975_00081,BO_1975_00149,BO_1975_00173,BO_1975_00175",
Dispensan,Dispensa,dispensa,81,1,0,"BO_1974_00029,BO_1974_00044,BO_1974_00046,BO_1974_00754,BO_1974_00803",
DIspensa,Dispensa,dispensa,6,1,0,"BO_1975_01129,BO_1975_01185,BO_1975_02699,BO_1975_02932,BO_1975_03243",
Dispensa Rep,Dispensa,dispensa,4,2,1,"BO_1977_05325,BO_1977_05326,BO_1977_05360,BO_1977_05369",
Disp,Dispensa,dispensa,3,1,0,"BO_1974_00416,BO_1974_00453,BO_1974_00455",
DISpensa,Dispensa,dispensa,3,1,0,"BO_1975_03267,BO_1975_03334,BO_1975_03372",
"""Dispensa",Dispensa,dispensa,1,1,0,BO_1978_00191,
Quem+Dispensa,Dispensa+Quem,dispensa + quemaduras,1,2,0,BO_1976_04395,Causas externas de morbilidad y de mortalidad
EC,EC,edema cerebral,52,1,0,"BO_1974_00193,BO_1974_02419,BO_1974_02781,BO_1974_03199,BO_1974_03329",Enfermedades del sistema nervioso
Hipoxia+ EC,EC,edema cerebral,1,2,1,BO_1977_06956,Enfermedades del sistema nervioso
EC+,EC,edema cerebral,1,1,0,BO_1976_00862,Enfermedades del sistema nervioso
EC+AbsesoC,EC+_C,craneo + edema cerebral,1,3,1,BO_1975_04082,Enfermedades del sistema nervioso
EC+EP,EC+EP,edema cerebral + edema pulmonar,4,2,0,"BO_1977_02660,BO_1977_04082,BO_1977_05395,BO_1978_04193",Enfermedades del sistema nervioso + Enfermedades del sistema respiratorio
EC y EP+Intox,EC+EP+Intox,edema cerebral + edema pulmonar + intoxicacion,2,3,0,"BO_1978_03847,BO_1978_03848",Causas externas de morbilidad y de mortalidad + Enfermedades del sistema nervioso + Enfermedades del sistema respiratorio
Quemaduras +EP + EC,EC+EP+Quem,edema cerebral + edema pulmonar + quemaduras,1,3,0,BO_1975_00386,Causas externas de morbilidad y de mortalidad + Enfermedades del sistema nervioso + Enfermedades del sistema respiratorio
EC+HC,EC+HC,edema cerebral + hemorragia cerebral o herida cortante,1,2,0,BO_1978_03860,Causas externas de morbilidad y de mortalidad + Enfermedades del sistema nervioso
EC+INTOX,EC+Intox,edema cerebral + intoxicacion,1,2,0,BO_1974_01369,Causas externas de morbilidad y de mortalidad + Enfermedades del sistema nervioso
EC+Intox,EC+Intox,edema cerebral + intoxicacion,1,2,0,BO_1976_05400,Causas externas de morbilidad y de mortalidad + Enfermedades del sistema nervioso
EC+LOC,EC+LOC,edema cerebral + enfermedad organica del corazon,1,2,0,BO_1975_01004,Enfermedades del sistema circulatorio + Enfermedades del sistema nervioso
Piquete de vibora E Pulmonar y C,EC+Pul,edema cerebral + pulmon,1,3,1,BO_1978_04436,Enfermedades del sistema nervioso
Quem+EC,EC+Quem,edema cerebral + quemaduras,2,2,0,"BO_1978_01474,BO_1978_03053",Causas externas de morbilidad y de mortalidad + Enfermedades del sistema nervioso
QuemEC,EC+Quem,edema cerebral + quemaduras,1,2,0,BO_1975_04099,Causas externas de morbilidad y de mortalidad + Enfermedades del sistema nervioso
EC+TB,EC+TB,edema cerebral + tuberculosis,1,2,0,BO_1978_03530,Ciertas enfermedades infecciosas y parasitarias + Enfermedades del sistema nervioso
TCE+EC,EC+TCE,edema cerebral + traumatismo craneo encefalico,4,2,0,"BO_1975_04059,BO_1976_05212,BO_1976_05241,BO_1978_04340",Enfermedades del sistema nervioso + Trauma
TC+EC,EC+TCer,edema cerebral + traumatismo cervico,1,2,0,BO_1977_05803,Enfermedades del sistema nervioso + Trauma
TM+EC,EC+TM,edema cerebral + traumatismo multiple,1,2,0,BO_1976_01372,Enfermedades del sistema nervioso + Trauma
EC+AP+TMsIs,EC+TMiI,edema cerebral + traumatismo miembro inferior,1,3,1,BO_1978_01030,Enfermedades del sistema nervioso + Trauma
EC+TT,EC+TT,edema cerebral + traumatismo torax,1,2,0,BO_1978_04380,Enfermedades del sistema nervioso + Trauma
Electrocucion,Electroc,electrocucion,145,1,0,"BO_1974_02813,BO_1974_02864,BO_1974_02865,BO_1974_02901,BO_1974_02920",Causas externas de morbilidad y de mortalidad
Electrocutado,Electroc,electrocucion,8,1,0,"BO_1974_00191,BO_1974_00266,BO_1974_00605,BO_1977_00248,BO_1977_00254",Causas externas de morbilidad y de mortalidad
Electrocusion,Electroc,electrocucion,4,1,0,"BO_1978_01673,BO_1978_03455,BO_1978_04457,BO_1978_06018",Causas externas de morbilidad y de mortalidad
ELECTROCUCION,Electroc,electrocucion,3,1,0,"BO_1974_02508,BO_1974_02523,BO_1974_02669",Causas externas de morbilidad y de mortalidad
electrocucion,Electroc,electrocucion,3,1,0,"BO_1974_04375,BO_1974_04669,BO_1974_05137",Causas externas de morbilidad y de mortalidad
Electrofulguracion,Electroc,electrocucion,2,1,0,"BO_1974_01327,BO_1974_03938",Causas externas de morbilidad y de mortalidad
quem x electroc+ proceso de infec,Electroc,electrocucion,1,3,2,BO_1975_06801,Causas externas de morbilidad y de mortalidad
eLE,Electroc,electrocucion,1,1,0,BO_1979_03439,Causas externas de morbilidad y de mortalidad
Electrocu,Electroc,electrocucion,1,1,0,BO_1976_00249,Causas externas de morbilidad y de mortalidad
Electrocucion+Ga,Electroc,electrocucion,1,2,1,BO_1975_06761,Causas externas de morbilidad y de mortalidad
Electrofulgucion,Electroc,electrocucion,1,1,0,BO_1978_04638,Causas externas de morbilidad y de mortalidad
Eletro,Electroc,electrocucion,1,1,0,BO_1976_02240,Causas externas de morbilidad y de mortalidad
Electroc.+Gang.,Electroc+Gang,electrocucion + gangrena,1,2,0,BO_1977_07061,Causas externas de morbilidad y de mortalidad + Enfermedades de la piel y del tejido subcutáneo
Electrocucion + N,Electroc+N,electrocucion + neumonia,1,2,0,BO_1975_00074,Causas externas de morbilidad y de mortalidad + Enfermedades del sistema respiratorio
Quem+TC Electroo,Electroc+Quem+TCer,electrocucion + quemaduras + traumatismo cervico,1,3,0,BO_1976_00128,Causas externas de morbilidad y de mortalidad + Trauma
TA+Electrocucion,Electroc+TA,electrocucion + traumatismo abdomen,1,2,0,BO_1975_01126,Causas externas de morbilidad y de mortalidad + Trauma
Electrocucion+TA,Electroc+TA,electrocucion + traumatismo abdomen,1,2,0,BO_1977_00976,Causas externas de morbilidad y de mortalidad + Trauma
TCA+Electroc,Electroc+TAC,electrocucion + traumatismo abdomen craneo,1,2,0,BO_1978_03296,Causas externas de morbilidad y de mortalidad + Trauma
TCE+Electro,Electroc+TCE,electrocucion + traumatismo craneo encefalico,2,2,0,"BO_1975_01528,BO_1977_05451",Causas externas de morbilidad y de mortalidad + Trauma
TCE+Elec,Electroc+TCE,electrocucion + traumatismo craneo encefalico,1,2,0,BO_1975_00750,Causas externas de morbilidad y de mortalidad + Trauma
TCE+Elect,Electroc+TCE,electrocucion + traumatismo craneo encefalico,1,2,0,BO_1979_00673,Causas externas de morbilidad y de mortalidad + Trauma
Electroc+TCE,Electroc+TCE,electrocucion + traumatismo craneo encefalico,1,2,0,BO_1977_00500,Causas externas de morbilidad y de mortalidad + Trauma
Electrocucion+TCE,Electroc+TCE,electrocucion + traumatismo craneo encefalico,1,2,0,BO_1977_05054,Causas externas de morbilidad y de mortalidad + Trauma
TCer+Electrocucion,Electroc+TCer,electrocucion + traumatismo cervico,1,2,0,BO_1976_04618,Causas externas de morbilidad y de mortalidad + Trauma
Electrocucion+TC,Electroc+TCer,electrocucion + traumatismo cervico,1,2,0,BO_1976_00051,Causas externas de morbilidad y de mortalidad + Trauma
TM+ELEC,Electroc+TM,electrocucion + traumatismo multiple,2,2,0,"BO_1974_02544,BO_1974_02979",Causas externas de morbilidad y de mortalidad + Trauma
TM+Electroc,Electroc+TM,electrocucion + traumatismo multiple,2,2,0,"BO_1975_03184,BO_1978_00885",Causas externas de morbilidad y de mortalidad + Trauma
TMy Electrocusion,Electroc+TM,electrocucion + traumatismo multiple,1,2,0,BO_1978_03207,Causas externas de morbilidad y de mortalidad + Trauma
TM y Electrocucion,Electroc+TM,electrocucion + traumatismo multiple,1,2,0,BO_1978_03666,Causas externas de morbilidad y de mortalidad + Trauma
TM+Electrocucion,Electroc+TM,electrocucion + traumatismo multiple,1,2,0,BO_1977_05701,Causas externas de morbilidad y de mortalidad + Trauma
TP+Electroc,Electroc+TP,electrocucion + traumatismo pelvis,1,2,0,BO_1978_04708,Causas externas de morbilidad y de mortalidad + Trauma
TT+Elec,Electroc+TT,electrocucion + traumatismo torax,1,2,0,BO_1977_04872,Causas externas de morbilidad y de mortalidad + Trauma
TTA+Elect,Electroc+TTA,electrocucion + traumatismo torax abdomen,1,2,0,BO_1975_03039,Causas externas de morbilidad y de mortalidad + Trauma
Encefalocele,Encef,encefalo,1,1,0,BO_1978_05960,
Encefalo ce,Encef,encefalo,1,1,0,BO_1976_00338,
Moningo encef,Encef+Mening,encefalo + meningo,1,2,0,BO_1977_00611,
Meningocele,Encef+Mening,encefalo + meningo,1,2,0,BO_1979_07212,
T Encefalico,Encef+Trau,encefalo + traumatismo,1,2,0,BO_1974_01654,Trauma
ENCEFALOMALASIA,Encefalomalacia,encefalomalacia,1,1,0,BO_1974_02143,Enfermedades del sistema nervioso
Encefalomalasia,Encefalomalacia,encefalomalacia,1,1,0,BO_1976_04822,Enfermedades del sistema nervioso
Endometrio Premenstrual,Endo,endometrio,1,2,1,BO_1978_07137,
HPAFP+SH endo,Endo+HPAF+SH,endometrio + herida arma fuego + shock,1,3,0,BO_1976_04682,Herida por arma de fuego
N+ENDOMETRITIS,Endo+N,endometrio + neumonia,1,2,0,BO_1978_03861,Enfermedades del sistema respiratorio
Enteritis,ENT,enteritis,10,1,0,"BO_1974_03973,BO_1975_03616,BO_1975_04174,BO_1975_04879,BO_1976_04544",Enfermedades del sistema digestivo
ENT,ENT,enteritis,8,1,0,"BO_1974_01372,BO_1974_01778,BO_1974_02994,BO_1974_04746,BO_1974_05067",Enfermedades del sistema digestivo
Ent,ENT,enteritis,2,1,0,"BO_1975_02154,BO_1976_02238",Enfermedades del sistema digestivo
ENT+AEP,ENT,enteritis,1,2,1,BO_1979_04832,Enfermedades del sistema digestivo
Ent Gral Mal,ENT,enteritis,1,3,2,BO_1979_07080,Enfermedades del sistema digestivo
Enter,ENT,enteritis,1,1,0,BO_1977_01523,Enfermedades del sistema digestivo
EnT Hemorragia,ENT,enteritis,1,2,1,BO_1976_06128,Enfermedades del sistema digestivo
N+ENT,ENT+N,enteritis + neumonia,9,2,0,"BO_1974_01286,BO_1974_01320,BO_1974_01379,BO_1974_01576,BO_1974_02074",Enfermedades del sistema digestivo + Enfermedades del sistema respiratorio
N+Ent,ENT+N,enteritis + neumonia,1,2,0,BO_1974_01160,Enfermedades del sistema digestivo + Enfermedades del sistema respiratorio
PN+ENT,ENT+PN,enteritis + pleuro pneumonia,2,2,0,"BO_1974_01726,BO_1974_02138",Enfermedades del sistema digestivo + Enfermedades del sistema respiratorio
TA+En,ENT+TA,enteritis + traumatismo abdomen,1,2,0,BO_1977_01619,Enfermedades del sistema digestivo + Trauma
Enterocolitis,ENTCO,enterocolitis,2,1,0,"BO_1975_03097,BO_1977_05517",Enfermedades del sistema digestivo
S+Enterocolitis,ENTCO+Septi,enterocolitis + septicemia,1,2,0,BO_1976_02190,Ciertas enfermedades infecciosas y parasitarias + Enfermedades del sistema digestivo
EP,EP,edema pulmonar,46,1,0,"BO_1974_00407,BO_1974_00848,BO_1974_00918,BO_1974_03392,BO_1975_02052",Enfermedades del sistema respiratorio
EPSM,EP,edema pulmonar,3,2,1,"BO_1974_05330,BO_1974_05396,BO_1978_06888",Enfermedades del sistema respiratorio
EpxPSM,EP,edema pulmonar,3,2,1,"BO_1976_06571,BO_1976_06664,BO_1976_06740",Enfermedades del sistema respiratorio
EP+L,EP,edema pulmonar,2,2,1,"BO_1975_00703,BO_1975_01442",Enfermedades del sistema respiratorio
CC+EP,EP,edema pulmonar,1,2,1,BO_1978_06555,Enfermedades del sistema respiratorio
EP+LOO,EP,edema pulmonar,1,2,1,BO_1976_05580,Enfermedades del sistema respiratorio
EP+CACV,EP,edema pulmonar,1,2,1,BO_1979_01101,Enfermedades del sistema respiratorio
EP+EstMitral,EP,edema pulmonar,1,2,1,BO_1975_06096,Enfermedades del sistema respiratorio
EP+MC,EP,edema pulmonar,1,2,1,BO_1978_03188,Enfermedades del sistema respiratorio
Ep+IAC,EP,edema pulmonar,1,2,1,BO_1979_04466,Enfermedades del sistema respiratorio
Chem+EP,EP,edema pulmonar,1,2,1,BO_1976_00388,Enfermedades del sistema respiratorio
Per+Endomet[]+EP+LOC,EP+Endo+LOC+PER,edema pulmonar + endometrio + enfermedad organica del corazon + peritonitis o perforacion,1,4,0,BO_1975_03689,Enfermedades del sistema circulatorio + Enfermedades del sistema digestivo + Enfermedades del sistema respiratorio
HC+EP,EP+HC,edema pulmonar + hemorragia cerebral o herida cortante,1,2,0,BO_1975_03319,Causas externas de morbilidad y de mortalidad + Enfermedades del sistema respiratorio
EP+INT MED,EP+Intes,edema pulmonar + intestino,2,3,1,"BO_1974_02448,BO_1974_02510",Enfermedades del sistema respiratorio
EP+LOC,EP+LOC,edema pulmonar + enfermedad organica del corazon,8,2,0,"BO_1974_02831,BO_1974_03649,BO_1974_04409,BO_1975_01247,BO_1977_03330",Enfermedades del sistema circulatorio + Enfermedades del sistema respiratorio
LOC+EP,EP+LOC,edema pulmonar + enfermedad organica del corazon,3,2,0,"BO_1975_04198,BO_1978_03354,BO_1978_03970",Enfermedades del sistema circulatorio + Enfermedades del sistema respiratorio
EP+EOC,EP+LOC,edema pulmonar + enfermedad organica del corazon,1,2,0,BO_1979_01120,Enfermedades del sistema circulatorio + Enfermedades del sistema respiratorio
EPno T,EP+noT,edema pulmonar + no traumatica,1,2,0,BO_1978_02954,Enfermedades del sistema respiratorio
EP+PANCREATITIS,EP+Pancrea,edema pulmonar + pancreatitis,1,2,0,BO_1974_03037,Enfermedades del sistema digestivo + Enfermedades del sistema respiratorio
EP+Pancreatitis,EP+Pancrea,edema pulmonar + pancreatitis,1,2,0,BO_1976_03445,Enfermedades del sistema digestivo + Enfermedades del sistema respiratorio
EP+Per,EP+PER,edema pulmonar + peritonitis o perforacion,1,2,0,BO_1975_05204,Enfermedades del sistema digestivo + Enfermedades del sistema respiratorio
PN+EP,EP+PN,edema pulmonar + pleuro pneumonia,2,2,0,"BO_1974_03733,BO_1976_02059",Enfermedades del sistema respiratorio
Quem+EP,EP+Quem,edema pulmonar + quemaduras,23,2,0,"BO_1975_00388,BO_1975_02850,BO_1975_04078,BO_1975_04665,BO_1975_04679",Causas externas de morbilidad y de mortalidad + Enfermedades del sistema respiratorio
Quemaduras+EP,EP+Quem,edema pulmonar + quemaduras,1,2,0,BO_1977_01978,Causas externas de morbilidad y de mortalidad + Enfermedades del sistema respiratorio
QuemEP,EP+Quem,edema pulmonar + quemaduras,1,2,0,BO_1975_03805,Causas externas de morbilidad y de mortalidad + Enfermedades del sistema respiratorio
QueM+EP,EP+Quem,edema pulmonar + quemaduras,1,2,0,BO_1978_01316,Causas externas de morbilidad y de mortalidad + Enfermedades del sistema respiratorio
EP+Quem,EP+Quem,edema pulmonar + quemaduras,1,2,0,BO_1978_03178,Causas externas de morbilidad y de mortalidad + Enfermedades del sistema respiratorio
EP e Ins Renal,EP+Renal,edema pulmonar + renal,1,3,1,BO_1974_03578,Enfermedades del sistema respiratorio
TA+EP,EP+TA,edema pulmonar + traumatismo abdomen,1,2,0,BO_1979_01767,Enfermedades del sistema respiratorio + Trauma
TCE+EP,EP+TCE,edema pulmonar + traumatismo craneo encefalico,2,2,0,"BO_1976_03003,BO_1979_05530",Enfermedades del sistema respiratorio + Trauma
TC+EP,EP+TCer,edema pulmonar + traumatismo cervico,1,2,0,BO_1974_01860,Enfermedades del sistema respiratorio + Trauma
TMI+EP,EP+TMi,edema pulmonar + traumatismo miembro,4,2,0,"BO_1975_00954,BO_1975_02715,BO_1976_01709,BO_1979_04529",Enfermedades del sistema respiratorio + Trauma
EP+TMI,EP+TMi,edema pulmonar + traumatismo miembro,1,2,0,BO_1975_03348,Enfermedades del sistema respiratorio + Trauma
TMS+EP,EP+TMiS,edema pulmonar + traumatismo miembro superior,1,2,0,BO_1974_01757,Enfermedades del sistema respiratorio + Trauma
EP+TPyMI,EP+TPMi,edema pulmonar + traumatismo pelvis miembro,1,2,0,BO_1974_03629,Enfermedades del sistema respiratorio + Trauma
ExpPSM,EXPSM,expulsion prematura del seno materno,259,1,0,"BO_1975_06435,BO_1975_06440,BO_1975_06441,BO_1975_06443,BO_1975_06450","Embarazo, parto y puerperio"
Exp. PSM,EXPSM,expulsion prematura del seno materno,98,1,0,"BO_1977_06747,BO_1977_06750,BO_1977_06751,BO_1977_06752,BO_1977_06753","Embarazo, parto y puerperio"
EX PSM,EXPSM,expulsion prematura del seno materno,97,1,0,"BO_1974_05300,BO_1974_05303,BO_1974_05308,BO_1974_05309,BO_1974_05310","Embarazo, parto y puerperio"
Exp PSM,EXPSM,expulsion prematura del seno materno,80,1,0,"BO_1975_06227,BO_1977_05741,BO_1979_06305,BO_1979_07006,BO_1979_07047","Embarazo, parto y puerperio"
ExpPMS,EXPSM,expulsion prematura del seno materno,14,1,0,"BO_1975_06465,BO_1975_06467,BO_1975_06468,BO_1975_06471,BO_1975_06472","Embarazo, parto y puerperio"
Exp P,EXPSM,expulsion prematura del seno materno,3,2,1,"BO_1978_06289,BO_1979_06146,BO_1979_06357","Embarazo, parto y puerperio"
ExpP,EXPSM,expulsion prematura del seno materno,2,2,1,"BO_1978_06593,BO_1979_06089","Embarazo, parto y puerperio"
exp PSM,EXPSM,expulsion prematura del seno materno,1,1,0,BO_1977_06697,"Embarazo, parto y puerperio"
Exp,EXPSM,expulsion prematura del seno materno,1,1,0,BO_1979_06437,"Embarazo, parto y puerperio"
Exp PS,EXPSM,expulsion prematura del seno materno,1,2,1,BO_1977_06680,"Embarazo, parto y puerperio"
Exp PcSM,EXPSM,expulsion prematura del seno materno,1,2,1,BO_1978_05871,"Embarazo, parto y puerperio"
Exp. PCM,EXPSM,expulsion prematura del seno materno,1,2,1,BO_1977_06896,"Embarazo, parto y puerperio"
Per Expide Utero,EXPSM+PER+Utero,expulsion prematura del seno materno + peritonitis o perforacion + utero,1,3,0,BO_1977_03539,"Embarazo, parto y puerperio + Enfermedades del sistema digestivo"
FCPN,FCPN,falta cuidado post natales,25,1,0,"BO_1974_05326,BO_1974_05359,BO_1974_05386,BO_1974_05395,BO_1974_05409","Embarazo, parto y puerperio"
FCN,FCPN,falta cuidado post natales,1,1,0,BO_1974_05339,"Embarazo, parto y puerperio"
FCP,FCPN,falta cuidado post natales,1,1,0,BO_1977_06184,"Embarazo, parto y puerperio"
FCPT,FCPN,falta cuidado post natales,1,1,0,BO_1975_06447,"Embarazo, parto y puerperio"
F.Desarrollo,Fdesarrollo,falta desarrollo,1,1,0,BO_1976_06702,"Embarazo, parto y puerperio"
Falta de Desa,Fdesarrollo,falta desarrollo,1,1,0,BO_1978_06821,"Embarazo, parto y puerperio"
Falta de desarrollo,Fdesarrollo,falta desarrollo,1,1,0,BO_1975_06566,"Embarazo, parto y puerperio"
DESGARRO DE ART FEM,Femoral,femoral,1,3,2,BO_1974_03052,
HIPC C/S Fem,Femoral+HIPC,femoral + herida punzo cortante,1,3,1,BO_1975_00071,Herida punzo cortante
HIPC c/se Fem,Femoral+HIPC,femoral + herida punzo cortante,1,3,1,BO_1975_02299,Herida punzo cortante
Sufrimiento Fetal,Fetal,fetal,1,2,1,BO_1979_06978,"Embarazo, parto y puerperio"
Surimiento Fetal,Fetal,fetal,1,2,1,BO_1979_07192,"Embarazo, parto y puerperio"
Gangrena,Gang,gangrena,34,1,0,"BO_1975_06739,BO_1975_06744,BO_1975_06745,BO_1976_02836,BO_1976_06882",Enfermedades de la piel y del tejido subcutáneo
G,Gang,gangrena,12,1,0,"BO_1974_05548,BO_1974_05552,BO_1974_05557,BO_1974_05562,BO_1974_05563",Enfermedades de la piel y del tejido subcutáneo
REAQx gangrena,Gang,gangrena,1,2,1,BO_1975_06837,Enfermedades de la piel y del tejido subcutáneo
Gangrena Hu,Gang,gangrena,1,2,1,BO_1975_06749,Enfermedades de la piel y del tejido subcutáneo
Gangrena gas,Gang,gangrena,1,2,1,BO_1975_06748,Enfermedades de la piel y del tejido subcutáneo
Gangrena Seco,Gang,gangrena,1,2,1,BO_1975_06737,Enfermedades de la piel y del tejido subcutáneo
Gang.,Gang,gangrena,1,1,0,BO_1976_06905,Enfermedades de la piel y del tejido subcutáneo
Gang,Gang,gangrena,1,1,0,BO_1979_06141,Enfermedades de la piel y del tejido subcutáneo
Gang+Osteo,Gang+Osteo,gangrena + osteo,1,2,0,BO_1977_07108,Enfermedades de la piel y del tejido subcutáneo
TMI+Gang+S,Gang+Septi+TMi,gangrena + septicemia + traumatismo miembro,1,3,0,BO_1975_04648,Ciertas enfermedades infecciosas y parasitarias + Enfermedades de la piel y del tejido subcutáneo + Trauma
TMI+Gang,Gang+TMi,gangrena + traumatismo miembro,6,2,0,"BO_1975_01515,BO_1975_04619,BO_1976_03654,BO_1977_07003,BO_1978_04676",Enfermedades de la piel y del tejido subcutáneo + Trauma
TMI+G,Gang+TMi,gangrena + traumatismo miembro,1,2,0,BO_1974_05555,Enfermedades de la piel y del tejido subcutáneo + Trauma
GangrenaxT,Gang+Trau,gangrena + traumatismo,2,2,0,"BO_1977_06988,BO_1977_06990",Enfermedades de la piel y del tejido subcutáneo + Trauma
G+T,Gang+Trau,gangrena + traumatismo,1,2,0,BO_1979_07295,Enfermedades de la piel y del tejido subcutáneo + Trauma
Gan.xT.,Gang+Trau,gangrena + traumatismo,1,2,0,BO_1977_07098,Enfermedades de la piel y del tejido subcutáneo + Trauma
Hemogastrica+A,Gastr+Hemo,gastro + hemorragia,1,3,1,BO_1978_00908,
Perf. Gastrica+,Gastr+Perf,gastro + perforacion,1,2,0,BO_1976_01373,Causas externas de morbilidad y de mortalidad
Quem+Gastrit,Gastr+Quem,gastro + quemaduras,1,2,0,BO_1976_02177,Causas externas de morbilidad y de mortalidad
Ulcera Gastr.,Gastr+Ulcera,gastro + ulcera,1,2,0,BO_1977_05830,Enfermedades del sistema digestivo
Ulcera Gast,Gastr+Ulcera,gastro + ulcera,1,2,0,BO_1978_03841,Enfermedades del sistema digestivo
Gastritis,Gastritis,gastritis,1,1,0,BO_1976_03696,Enfermedades del sistema digestivo
Gastritis+,Gastritis,gastritis,1,1,0,BO_1975_00969,Enfermedades del sistema digestivo
Gastritis Hemo,Gastritis+Hemo,gastritis + hemorragia,1,2,0,BO_1977_01353,Enfermedades del sistema digestivo
GastritisHemo,Gastritis+Hemo,gastritis + hemorragia,1,2,0,BO_1975_03208,Enfermedades del sistema digestivo
Gastroenteritis,Gastroent,gastroenteritis,15,1,0,"BO_1975_00601,BO_1975_00779,BO_1975_02980,BO_1975_04797,BO_1977_00331",Enfermedades del sistema digestivo
Gastroente,Gastroent,gastroenteritis,2,1,0,"BO_1976_03617,BO_1976_03752",Enfermedades del sistema digestivo
Gastrointeritis,Gastroent,gastroenteritis,2,1,0,"BO_1977_05376,BO_1977_05446",Enfermedades del sistema digestivo
Gastroen,Gastroent,gastroenteritis,1,1,0,BO_1976_03184,Enfermedades del sistema digestivo
GastroenT,Gastroent,gastroenteritis,1,1,0,BO_1976_03214,Enfermedades del sistema digestivo
Gastroent,Gastroent,gastroenteritis,1,1,0,BO_1978_04266,Enfermedades del sistema digestivo
Gastroent+D,Gastroent,gastroenteritis,1,2,1,BO_1975_03880,Enfermedades del sistema digestivo
Grastroenteritis,Gastroent,gastroenteritis,1,1,0,BO_1977_03198,Enfermedades del sistema digestivo
GASTROENTERITIS,Gastroent,gastroenteritis,1,1,0,BO_1978_03332,Enfermedades del sistema digestivo
PN+GASTROENT,Gastroent+PN,gastroenteritis + pleuro pneumonia,1,2,0,BO_1974_01317,Enfermedades del sistema digestivo + Enfermedades del sistema respiratorio
HC,HC,hemorragia cerebral o herida cortante,423,1,0,"BO_1974_00065,BO_1974_00339,BO_1974_00369,BO_1974_00379,BO_1974_00607",Causas externas de morbilidad y de mortalidad
HC+L,HC,hemorragia cerebral o herida cortante,7,2,1,"BO_1975_00547,BO_1976_02701,BO_1976_03331,BO_1976_03893,BO_1977_00589",Causas externas de morbilidad y de mortalidad
HC+,HC,hemorragia cerebral o herida cortante,6,1,0,"BO_1975_00392,BO_1975_00403,BO_1976_02242,BO_1976_02310,BO_1976_02362",Causas externas de morbilidad y de mortalidad
HCC,HC,hemorragia cerebral o herida cortante,2,1,0,"BO_1977_01001,BO_1979_04084",Causas externas de morbilidad y de mortalidad
PanH+HC,HC,hemorragia cerebral o herida cortante,1,2,0,BO_1975_06368,Causas externas de morbilidad y de mortalidad
BH+HC,HC,hemorragia cerebral o herida cortante,1,2,1,BO_1979_02505,Causas externas de morbilidad y de mortalidad
BBT+HC,HC,hemorragia cerebral o herida cortante,1,2,1,BO_1979_02158,Causas externas de morbilidad y de mortalidad
H C,HC,hemorragia cerebral o herida cortante,1,1,0,BO_1978_00162,Causas externas de morbilidad y de mortalidad
HC e TI,HC,hemorragia cerebral o herida cortante,1,2,1,BO_1978_04333,Causas externas de morbilidad y de mortalidad
HCPC,HC,hemorragia cerebral o herida cortante,1,2,1,BO_1979_02466,Causas externas de morbilidad y de mortalidad
HCPCPT,HC,hemorragia cerebral o herida cortante,1,2,1,BO_1974_02678,Causas externas de morbilidad y de mortalidad
HCPTA,HC,hemorragia cerebral o herida cortante,1,2,1,BO_1979_05100,Causas externas de morbilidad y de mortalidad
HCRNTA,HC,hemorragia cerebral o herida cortante,1,2,1,BO_1979_05064,Causas externas de morbilidad y de mortalidad
HCC+A,HC,hemorragia cerebral o herida cortante,1,2,1,BO_1977_02359,Causas externas de morbilidad y de mortalidad
HC+ Leucemia,HC,hemorragia cerebral o herida cortante,1,2,1,BO_1977_00419,Causas externas de morbilidad y de mortalidad
HC+CHVE,HC,hemorragia cerebral o herida cortante,1,2,1,BO_1974_02285,Causas externas de morbilidad y de mortalidad
HC+CervRev,HC,hemorragia cerebral o herida cortante,1,2,1,BO_1979_05493,Causas externas de morbilidad y de mortalidad
HC+E,HC,hemorragia cerebral o herida cortante,1,2,1,BO_1976_05515,Causas externas de morbilidad y de mortalidad
HC+EH,HC,hemorragia cerebral o herida cortante,1,2,1,BO_1978_00894,Causas externas de morbilidad y de mortalidad
HC+I,HC,hemorragia cerebral o herida cortante,1,2,1,BO_1977_05791,Causas externas de morbilidad y de mortalidad
HCV,HC+_V,hemorragia cerebral o herida cortante + vientre,1,2,0,BO_1977_00259,Causas externas de morbilidad y de mortalidad
HC+LOC,HC+LOC,enfermedad organica del corazon + hemorragia cerebral o herida cortante,21,2,0,"BO_1974_01764,BO_1975_00132,BO_1975_04245,BO_1976_03008,BO_1976_05823",Causas externas de morbilidad y de mortalidad + Enfermedades del sistema circulatorio
LOC+HC,HC+LOC,enfermedad organica del corazon + hemorragia cerebral o herida cortante,3,2,0,"BO_1976_02660,BO_1977_05167,BO_1977_05198",Causas externas de morbilidad y de mortalidad + Enfermedades del sistema circulatorio
HC + LOC,HC+LOC,enfermedad organica del corazon + hemorragia cerebral o herida cortante,1,2,0,BO_1977_00004,Causas externas de morbilidad y de mortalidad + Enfermedades del sistema circulatorio
HC+N,HC+N,hemorragia cerebral o herida cortante + neumonia,1,2,0,BO_1975_02927,Causas externas de morbilidad y de mortalidad + Enfermedades del sistema respiratorio
HC no T,HC+noT,hemorragia cerebral o herida cortante + no traumatica,1,2,0,BO_1978_05283,Causas externas de morbilidad y de mortalidad
HC+PN,HC+PN,hemorragia cerebral o herida cortante + pleuro pneumonia,1,2,0,BO_1975_04916,Causas externas de morbilidad y de mortalidad + Enfermedades del sistema respiratorio
Quem+HC,HC+Quem,hemorragia cerebral o herida cortante + quemaduras,1,2,0,BO_1978_05379,Causas externas de morbilidad y de mortalidad
SxHCC,HC+Septi,hemorragia cerebral o herida cortante + septicemia,1,2,0,BO_1976_04313,Causas externas de morbilidad y de mortalidad + Ciertas enfermedades infecciosas y parasitarias
HC+SH,HC+SH,hemorragia cerebral o herida cortante + shock,1,2,0,BO_1977_02656,Causas externas de morbilidad y de mortalidad
SHVHC,HC+SHHV,hemorragia cerebral o herida cortante + shock hipovolemico,1,2,0,BO_1974_01210,Causas externas de morbilidad y de mortalidad
HC+Tb,HC+TB,hemorragia cerebral o herida cortante + tuberculosis,1,2,0,BO_1978_04557,Causas externas de morbilidad y de mortalidad + Ciertas enfermedades infecciosas y parasitarias
TCE+HC,HC+TCE,hemorragia cerebral o herida cortante + traumatismo craneo encefalico,1,2,0,BO_1978_02578,Causas externas de morbilidad y de mortalidad + Trauma
HC+TMI,HC+TMi,hemorragia cerebral o herida cortante + traumatismo miembro,1,2,0,BO_1975_02086,Causas externas de morbilidad y de mortalidad + Trauma
HC+Tumor,HC+Tum,hemorragia cerebral o herida cortante + tumor,1,2,0,BO_1974_00788,Causas externas de morbilidad y de mortalidad + Tumores (neoplasias)
HCVulvo-Vaginal,HC+Vag,hemorragia cerebral o herida cortante + vagina,1,3,1,BO_1976_02051,Causas externas de morbilidad y de mortalidad
HCNT,HCNT,hemorragia cerebral no traumatica,3,1,0,"BO_1974_00440,BO_1974_00593,BO_1979_04600",Enfermedades del sistema nervioso
HCNT+E,HCNT,hemorragia cerebral no traumatica,1,2,1,BO_1979_01321,Enfermedades del sistema nervioso
HCNoT,HCNT,hemorragia cerebral no traumatica,1,1,0,BO_1979_04474,Enfermedades del sistema nervioso
HCNT+EOG,HCNT,hemorragia cerebral no traumatica,1,2,1,BO_1978_06414,Enfermedades del sistema nervioso
CEHEyP,Hemo,hemorragia,1,3,2,BO_1979_01917,
ANAHE,Hemo,hemorragia,1,2,1,BO_1975_00804,
APxHE,Hemo,hemorragia,1,2,1,BO_1977_03014,
AnAxHE,Hemo,hemorragia,1,2,1,BO_1977_01768,
Hem Intra,Hemo,hemorragia,1,2,1,BO_1974_02254,
Hem Post,Hemo,hemorragia,1,2,1,BO_1974_04125,
HemoTorax,Hemo,hemorragia,1,2,1,BO_1978_02447,
Hemopericard Compresivo,Hemo,hemorragia,1,3,2,BO_1978_04385,
Hemopericardio,Hemo,hemorragia,1,2,1,BO_1974_00770,
HNxHE,Hemo,hemorragia,1,2,1,BO_1975_01776,
HE,Hemo,hemorragia,1,1,0,BO_1974_05239,
Hemoperic Inf Miocardio,Hemo+InfMio,hemorragia + infarto miocardio,1,3,1,BO_1974_03821,Enfermedades del sistema circulatorio
HemoperCorn+LOC,Hemo+LOC,enfermedad organica del corazon + hemorragia,1,3,1,BO_1976_02119,Enfermedades del sistema circulatorio
HE no T,Hemo+noT,hemorragia + no traumatica,1,2,0,BO_1978_03644,
Pancreatitis Hem,Hemo+Pancrea,hemorragia + pancreatitis,2,2,0,"BO_1974_02344,BO_1975_04720",Enfermedades del sistema digestivo
PancreatitisHem,Hemo+Pancrea,hemorragia + pancreatitis,1,2,0,BO_1975_04387,Enfermedades del sistema digestivo
TP+SH+S+Per+HE,Hemo+PER+SH+Septi+TP,hemorragia + peritonitis o perforacion + septicemia + shock + traumatismo pelvis,1,5,0,BO_1975_05252,Ciertas enfermedades infecciosas y parasitarias + Enfermedades del sistema digestivo + Trauma
Hem aguda post Parto,Hemo+PostParto,hemorragia + postparto,1,3,1,BO_1975_04237,"Embarazo, parto y puerperio"
HemPul,Hemo+Pul,hemorragia + pulmon,1,2,0,BO_1974_03934,
HH x HE x VE,Hemo+VE,hemorragia + varices esofagicas,1,3,1,BO_1978_01254,Enfermedades del sistema digestivo
Coma Hepatico,Hepat,higado,2,2,1,"BO_1976_04250,BO_1978_00900",
P+abseso hep,Hepat,higado,1,3,2,BO_1974_02041,
Ins Hepatica,Hepat,higado,1,2,1,BO_1975_05504,
AHepatico,Hepat,higado,1,2,1,BO_1975_02130,
Cirrosis Hepatica,Hepat,higado,1,2,1,BO_1979_00083,
Coma Hepatico IIA,Hepat,higado,1,3,2,BO_1978_01958,
Insuf Hepatica,Hepat+Insuf,higado + insuficiencia,1,2,0,BO_1975_02712,
Coma Hepatico + LOC,Hepat+LOC,enfermedad organica del corazon + higado,1,3,1,BO_1976_04705,Enfermedades del sistema circulatorio
TbHepatica,Hepat+TB,higado + tuberculosis,1,2,0,BO_1975_06344,Ciertas enfermedades infecciosas y parasitarias
TCE+Hep,Hepat+TCE,higado + traumatismo craneo encefalico,1,2,0,BO_1975_00845,Trauma
Hepatitis,Hepatitis,hepatitis,2,1,0,"BO_1976_04960,BO_1979_01457",Enfermedades del sistema digestivo
HEPATITIS,Hepatitis,hepatitis,2,1,0,"BO_1978_02626,BO_1978_04600",Enfermedades del sistema digestivo
Hepatitis Toxica,Hepatitis,hepatitis,1,2,1,BO_1978_02681,Enfermedades del sistema digestivo
N+Hepatitis,Hepatitis+N,hepatitis + neumonia,1,2,0,BO_1975_05220,Enfermedades del sistema digestivo + Enfermedades del sistema respiratorio
Hernia Ing,Hernia,hernia,1,2,1,BO_1976_00774,Enfermedades del sistema digestivo
Hernia umbilical,Hernia,hernia,1,2,1,BO_1975_05318,Enfermedades del sistema digestivo
Hernia in,Hernia,hernia,1,2,1,BO_1977_06712,Enfermedades del sistema digestivo
Hernia Bockdebe,Hernia,hernia,1,2,1,BO_1979_07226,Enfermedades del sistema digestivo
Trombosis Misent[] Hernia Estrang[],Hernia+Trombo,hernia + trombosis,1,4,2,BO_1975_04899,Enfermedades del sistema circulatorio + Enfermedades del sistema digestivo
Hidrocefalia,Hidrocefalia,hidrocefalia,3,1,0,"BO_1976_00953,BO_1978_01845,BO_1978_02125",Enfermedades del sistema nervioso
NTCE+Hidrocefalia,Hidrocefalia,hidrocefalia,1,2,1,BO_1975_00432,Enfermedades del sistema nervioso
Hidrocefalia Cong,Hidrocefalia,hidrocefalia,1,2,1,BO_1975_05523,Enfermedades del sistema nervioso
HIPCP,HIPC,herida punzo cortante,67,1,0,"BO_1974_00067,BO_1974_00475,BO_1974_00626,BO_1974_00696,BO_1974_00908",Herida punzo cortante
HsIPCPs,HIPC,herida punzo cortante,49,1,0,"BO_1974_00780,BO_1974_01815,BO_1974_03146,BO_1974_04042,BO_1975_00346",Herida punzo cortante
HIPC,HIPC,herida punzo cortante,41,1,0,"BO_1974_00276,BO_1974_02170,BO_1974_02454,BO_1974_03708,BO_1975_00422",Herida punzo cortante
HIP,HIPC,herida punzo cortante,16,1,0,"BO_1974_00408,BO_1974_04410,BO_1974_05251,BO_1974_05287,BO_1977_00664",Herida punzo cortante
HsIPC,HIPC,herida punzo cortante,16,1,0,"BO_1975_00264,BO_1975_05731,BO_1976_00910,BO_1976_01073,BO_1976_01931",Herida punzo cortante
HsIP,HIPC,herida punzo cortante,9,1,0,"BO_1977_00452,BO_1977_00740,BO_1977_00869,BO_1977_01386,BO_1977_01735",Herida punzo cortante
HsIPcPs,HIPC,herida punzo cortante,8,1,0,"BO_1977_00361,BO_1977_03937,BO_1977_06389,BO_1977_06525,BO_1978_02060",Herida punzo cortante
HIPCPs,HIPC,herida punzo cortante,5,1,0,"BO_1974_01784,BO_1977_00493,BO_1977_00494,BO_1977_01908,BO_1978_01975",Herida punzo cortante
HICCPC,HIPC,herida punzo cortante,4,2,1,"BO_1974_03585,BO_1976_00309,BO_1976_02329,BO_1979_06069",Herida punzo cortante
HICC,HIPC,herida punzo cortante,4,1,0,"BO_1977_00519,BO_1977_05073,BO_1978_02145,BO_1979_06793",Herida punzo cortante
HsIPCPS,HIPC,herida punzo cortante,3,1,0,"BO_1979_02302,BO_1979_02419,BO_1979_05405",Herida punzo cortante
HsIPCPT,HIPC,herida punzo cortante,3,1,0,"BO_1977_05154,BO_1977_05186,BO_1979_04196",Herida punzo cortante
HIPcP,HIPC,herida punzo cortante,3,1,0,"BO_1976_00788,BO_1976_04589,BO_1977_02834",Herida punzo cortante
HIPc,HIPC,herida punzo cortante,3,1,0,"BO_1976_01478,BO_1977_02313,BO_1977_02315",Herida punzo cortante
HsIPCsPs,HIPC,herida punzo cortante,3,1,0,"BO_1975_01504,BO_1977_05943,BO_1978_04933",Herida punzo cortante
HsCs,HIPC,herida punzo cortante,2,1,0,"BO_1976_02244,BO_1977_05141",Herida punzo cortante
HPIP,HIPC,herida punzo cortante,2,1,0,"BO_1976_00707,BO_1977_01010",Herida punzo cortante
HPIPC,HIPC,herida punzo cortante,2,1,0,"BO_1974_00839,BO_1974_02573",Herida punzo cortante
HPIPCPOA,HIPC,herida punzo cortante,2,2,1,"BO_1974_02339,BO_1974_02990",Herida punzo cortante
HIC,HIPC,herida punzo cortante,2,1,0,"BO_1977_03369,BO_1977_04259",Herida punzo cortante
HIPCH,HIPC,herida punzo cortante,2,2,1,"BO_1976_06020,BO_1979_06714",Herida punzo cortante
HIPCPCer,HIPC,herida punzo cortante,2,2,1,"BO_1976_00836,BO_1976_01321",Herida punzo cortante
HIPcPCuello,HIPC,herida punzo cortante,2,2,1,"BO_1978_04283,BO_1978_05982",Herida punzo cortante
HIPcPs,HIPC,herida punzo cortante,2,1,0,"BO_1978_01015,BO_1978_01271",Herida punzo cortante
CSG+HIP,HIPC,herida punzo cortante,1,2,1,BO_1979_04493,Herida punzo cortante
HPTPIPI,HIPC,herida punzo cortante,1,1,0,BO_1979_04228,Herida punzo cortante
HSIPCPs,HIPC,herida punzo cortante,1,1,0,BO_1979_00063,Herida punzo cortante
HPIPPT,HIPC,herida punzo cortante,1,2,1,BO_1974_00052,Herida punzo cortante
HPIPCP,HIPC,herida punzo cortante,1,1,0,BO_1974_03260,Herida punzo cortante
HPIPCPR,HIPC,herida punzo cortante,1,2,1,BO_1974_03134,Herida punzo cortante
HPIPCYPAF,HIPC,herida punzo cortante,1,3,2,BO_1974_00354,Herida punzo cortante
Hs Cortantes,HIPC,herida punzo cortante,1,1,0,BO_1979_07204,Herida punzo cortante
Hs IPC Ps,HIPC,herida punzo cortante,1,1,0,BO_1977_05868,Herida punzo cortante
HTCcPC,HIPC,herida punzo cortante,1,1,0,BO_1978_03098,Herida punzo cortante
HsPesPs,HIPC,herida punzo cortante,1,1,0,BO_1976_02486,Herida punzo cortante
HsPsPC,HIPC,herida punzo cortante,1,1,0,BO_1976_02374,Herida punzo cortante
HsIPCPsTVC,HIPC,herida punzo cortante,1,1,0,BO_1974_02832,Herida punzo cortante
HsIPaPSCo.,HIPC,herida punzo cortante,1,1,0,BO_1977_05431,Herida punzo cortante
HsIPcPS,HIPC,herida punzo cortante,1,1,0,BO_1978_05615,Herida punzo cortante
HsIPsPs,HIPC,herida punzo cortante,1,1,0,BO_1977_00107,Herida punzo cortante
HsPCPs,HIPC,herida punzo cortante,1,1,0,BO_1979_03520,Herida punzo cortante
HsPCPsA,HIPC,herida punzo cortante,1,1,0,BO_1975_01325,Herida punzo cortante
HsPIPCP,HIPC,herida punzo cortante,1,1,0,BO_1974_00175,Herida punzo cortante
HsPIPCPsTA,HIPC,herida punzo cortante,1,1,0,BO_1975_04160,Herida punzo cortante
HIPCPCA,HIPC,herida punzo cortante,1,2,1,BO_1979_04341,Herida punzo cortante
HIPCPAP,HIPC,herida punzo cortante,1,2,1,BO_1977_00504,Herida punzo cortante
HIPCPH,HIPC,herida punzo cortante,1,2,1,BO_1977_02994,Herida punzo cortante
HIPCPPT,HIPC,herida punzo cortante,1,2,1,BO_1974_00657,Herida punzo cortante
HIPCPR,HIPC,herida punzo cortante,1,2,1,BO_1974_02795,Herida punzo cortante
HIPCPS,HIPC,herida punzo cortante,1,1,0,BO_1978_01865,Herida punzo cortante
HIPCPSA+V,HIPC,herida punzo cortante,1,3,2,BO_1979_04161,Herida punzo cortante
HIPCI,HIPC,herida punzo cortante,1,2,1,BO_1974_05100,Herida punzo cortante
HICC c/sec Vasc,HIPC,herida punzo cortante,1,3,2,BO_1975_04251,Herida punzo cortante
HICPC,HIPC,herida punzo cortante,1,2,1,BO_1974_00646,Herida punzo cortante
HIHC,HIPC,herida punzo cortante,1,1,0,BO_1974_03186,Herida punzo cortante
HIPC C/Sue. Yugular,HIPC,herida punzo cortante,1,3,2,BO_1976_06040,Herida punzo cortante
HIPC Cara Cuello,HIPC,herida punzo cortante,1,2,1,BO_1977_03263,Herida punzo cortante
HIPC Lesion,HIPC,herida punzo cortante,1,2,1,BO_1974_03939,Herida punzo cortante
HIPC c/s,HIPC,herida punzo cortante,1,2,1,BO_1975_05208,Herida punzo cortante
HIPCPTyP,HIPC,herida punzo cortante,1,1,0,BO_1974_02265,Herida punzo cortante
HIPCc/sPV,HIPC,herida punzo cortante,1,3,2,BO_1976_02248,Herida punzo cortante
HIPCs,HIPC,herida punzo cortante,1,1,0,BO_1978_03367,Herida punzo cortante
HIPCsPs,HIPC,herida punzo cortante,1,2,1,BO_1977_02310,Herida punzo cortante
HIPc PT,HIPC,herida punzo cortante,1,2,1,BO_1978_00143,Herida punzo cortante
HIPc PTA,HIPC,herida punzo cortante,1,2,1,BO_1978_02587,Herida punzo cortante
HIPc PTyA,HIPC,herida punzo cortante,1,2,1,BO_1978_02220,Herida punzo cortante
HIPcP Cuello,HIPC,herida punzo cortante,1,2,1,BO_1977_03130,Herida punzo cortante
HIPcPCC,HIPC,herida punzo cortante,1,2,1,BO_1976_02071,Herida punzo cortante
HIPcPCue y T,HIPC,herida punzo cortante,1,2,1,BO_1978_01737,Herida punzo cortante
HIPcPF,HIPC,herida punzo cortante,1,2,1,BO_1976_01149,Herida punzo cortante
HIC e-sec F,HIPC,herida punzo cortante,1,2,1,BO_1975_00751,Herida punzo cortante
HAxHI,HIPC,herida punzo cortante,1,2,1,BO_1978_06664,Herida punzo cortante
HI,HIPC,herida punzo cortante,1,1,0,BO_1977_01852,Herida punzo cortante
HIPCPA+,HIPC+_PA,herida punzo cortante + pelvis abdomen,1,2,0,BO_1976_03074,Herida punzo cortante
HE x HsIPc Ps,HIPC+Hemo,hemorragia + herida punzo cortante,1,2,0,BO_1978_00784,Herida punzo cortante
Per+HsIPC,HIPC+PER,herida punzo cortante + peritonitis o perforacion,1,2,0,BO_1975_00413,Enfermedades del sistema digestivo + Herida punzo cortante
HPIPC+Peritonitis,HIPC+PER,herida punzo cortante + peritonitis o perforacion,1,2,0,BO_1974_03594,Enfermedades del sistema digestivo + Herida punzo cortante
HIPCPFPer,HIPC+PER,herida punzo cortante + peritonitis o perforacion,1,3,1,BO_1976_01174,Enfermedades del sistema digestivo + Herida punzo cortante
TCExHIPC+PN,HIPC+PN+TCE,herida punzo cortante + pleuro pneumonia + traumatismo craneo encefalico,1,3,0,BO_1976_04317,Enfermedades del sistema respiratorio + Herida punzo cortante + Trauma
HPCPV+S,HIPC+Septi,herida punzo cortante + septicemia,1,2,0,BO_1974_01998,Ciertas enfermedades infecciosas y parasitarias + Herida punzo cortante
HIPCP+S,HIPC+Septi,herida punzo cortante + septicemia,1,2,0,BO_1979_00669,Ciertas enfermedades infecciosas y parasitarias + Herida punzo cortante
TA+HIPC,HIPC+TA,herida punzo cortante + traumatismo abdomen,1,2,0,BO_1978_01880,Herida punzo cortante + Trauma
TA+HI,HIPC+TA,herida punzo cortante + traumatismo abdomen,1,2,0,BO_1978_03100,Herida punzo cortante + Trauma
TCE+HsI - PCPsTyA,HIPC+TCE,herida punzo cortante + traumatismo craneo encefalico,1,3,1,BO_1976_01376,Herida punzo cortante + Trauma
TCE+HsIP,HIPC+TCE,herida punzo cortante + traumatismo craneo encefalico,1,2,0,BO_1975_05101,Herida punzo cortante + Trauma
TCE+HsIPcPs,HIPC+TCE,herida punzo cortante + traumatismo craneo encefalico,1,2,0,BO_1978_01007,Herida punzo cortante + Trauma
TCE+HI,HIPC+TCE,herida punzo cortante + traumatismo craneo encefalico,1,2,0,BO_1977_06496,Herida punzo cortante + Trauma
TCE+HIC,HIPC+TCE,herida punzo cortante + traumatismo craneo encefalico,1,2,0,BO_1977_02279,Herida punzo cortante + Trauma
TCE+HIP,HIPC+TCE,herida punzo cortante + traumatismo craneo encefalico,1,2,0,BO_1975_05361,Herida punzo cortante + Trauma
HsIPC+TCE,HIPC+TCE,herida punzo cortante + traumatismo craneo encefalico,1,2,0,BO_1979_06455,Herida punzo cortante + Trauma
HIPCP+TCE,HIPC+TCE,herida punzo cortante + traumatismo craneo encefalico,1,2,0,BO_1979_05907,Herida punzo cortante + Trauma
TM+HIP,HIPC+TM,herida punzo cortante + traumatismo multiple,1,2,0,BO_1975_00898,Herida punzo cortante + Trauma
HIxTM,HIPC+TM,herida punzo cortante + traumatismo multiple,1,2,0,BO_1978_04347,Herida punzo cortante + Trauma
TCF+HIPC,HIPC+Trau,herida punzo cortante + traumatismo,1,2,0,BO_1979_06835,Herida punzo cortante + Trauma
HsIPCPs+TT,HIPC+TT,herida punzo cortante + traumatismo torax,1,2,0,BO_1978_03858,Herida punzo cortante + Trauma
HIxVE,HIPC+VE,herida punzo cortante + varices esofagicas,1,2,0,BO_1977_03449,Enfermedades del sistema digestivo + Herida punzo cortante
HIXVE,HIPC+VE,herida punzo cortante + varices esofagicas,1,2,0,BO_1977_06535,Enfermedades del sistema digestivo + Herida punzo cortante
HI x VE,HIPC+VE,herida punzo cortante + varices esofagicas,1,2,0,BO_1978_01548,Enfermedades del sistema digestivo + Herida punzo cortante
HIPcPA,HIPCA,herida punzo cortante abdomen,8,1,0,"BO_1976_00166,BO_1977_00169,BO_1977_02529,BO_1978_00209,BO_1978_03394",Herida punzo cortante
HIPcPTyA,HIPCA,herida punzo cortante abdomen,3,1,0,"BO_1978_00919,BO_1978_02466,BO_1978_05285",Herida punzo cortante
HsIPCP,HIPCA,herida punzo cortante abdomen,2,1,0,"BO_1975_02315,BO_1979_03936",Herida punzo cortante
HsIPCPsA,HIPCA,herida punzo cortante abdomen,2,1,0,"BO_1975_01848,BO_1975_03003",Herida punzo cortante
HIPCPTxA,HIPCA,herida punzo cortante abdomen,2,1,0,"BO_1975_00154,BO_1975_00215",Herida punzo cortante
HIPPA,HIPCA,herida punzo cortante abdomen,2,1,0,"BO_1975_04328,BO_1976_01261",Herida punzo cortante
CS+HIPcPA,HIPCA,herida punzo cortante abdomen,1,2,1,BO_1978_01988,Herida punzo cortante
HPIPCA,HIPCA,herida punzo cortante abdomen,1,1,0,BO_1979_00576,Herida punzo cortante
Hs IPC Ps A,HIPCA,herida punzo cortante abdomen,1,1,0,BO_1977_05694,Herida punzo cortante
HPCCPA,HIPCA,herida punzo cortante abdomen,1,1,0,BO_1979_04992,Herida punzo cortante
HIPCPA+A,HIPCA,herida punzo cortante abdomen,1,2,1,BO_1975_05882,Herida punzo cortante
HIPCPTyA,HIPCA,herida punzo cortante abdomen,1,1,0,BO_1974_01352,Herida punzo cortante
HsPIPCPsP,HIPCA+PER,herida punzo cortante abdomen + peritonitis o perforacion,1,2,0,BO_1975_02838,Enfermedades del sistema digestivo + Herida punzo cortante
HIPCPA+Per,HIPCA+PER,herida punzo cortante abdomen + peritonitis o perforacion,1,2,0,BO_1975_02782,Enfermedades del sistema digestivo + Herida punzo cortante
HIPCPA+S,HIPCA+Septi,herida punzo cortante abdomen + septicemia,2,2,0,"BO_1975_01361,BO_1978_03752",Ciertas enfermedades infecciosas y parasitarias + Herida punzo cortante
HsIPCPsH,HIPCA+Septi,herida punzo cortante abdomen + septicemia,1,2,0,BO_1977_01419,Ciertas enfermedades infecciosas y parasitarias + Herida punzo cortante
HIPCPC,HIPCC,herida punzo cortante craneo,14,1,0,"BO_1974_04512,BO_1974_04596,BO_1975_00722,BO_1975_05291,BO_1975_05497",Herida punzo cortante
HPIPCPC,HIPCC,herida punzo cortante craneo,3,1,0,"BO_1974_05683,BO_1975_04545,BO_1979_00142",Herida punzo cortante
HsTPCs,HIPCC,herida punzo cortante craneo,1,1,0,BO_1978_00646,Herida punzo cortante
HsIPCsPsC,HIPCC,herida punzo cortante craneo,1,1,0,BO_1977_02926,Herida punzo cortante
HsIPCPsC,HIPCC,herida punzo cortante craneo,1,1,0,BO_1978_05536,Herida punzo cortante
HsIPCPSC,HIPCC,herida punzo cortante craneo,1,1,0,BO_1977_01841,Herida punzo cortante
HICdeC,HIPCC,herida punzo cortante craneo,1,1,0,BO_1975_04484,Herida punzo cortante
HIPPC,HIPCC,herida punzo cortante craneo,1,1,0,BO_1979_03580,Herida punzo cortante
HIPPC+,HIPCC,herida punzo cortante craneo,1,1,0,BO_1975_02434,Herida punzo cortante
HsIPCPsCT,HIPCCT,herida punzo cortante craneo torax,1,1,0,BO_1977_04833,Herida punzo cortante
HsIPCsPsTC,HIPCCT,herida punzo cortante craneo torax,1,1,0,BO_1976_01353,Herida punzo cortante
HIPCCuello,HIPCCu,herida punzo cortante cuello,4,1,0,"BO_1977_00700,BO_1977_00899,BO_1977_01904,BO_1978_00508",Herida punzo cortante
HPcPCuello,HIPCCu,herida punzo cortante cuello,1,1,0,BO_1978_06023,Herida punzo cortante
HsIPCsCuello,HIPCCu,herida punzo cortante cuello,1,1,0,BO_1978_01446,Herida punzo cortante
HsIPcPsTCuello,HIPCCu,herida punzo cortante cuello,1,1,0,BO_1978_05059,Herida punzo cortante
HIPC. Cuello,HIPCCu,herida punzo cortante cuello,1,1,0,BO_1977_05462,Herida punzo cortante
HIPC que Sec paquete Vasc cuello,HIPCCu,herida punzo cortante cuello,1,1,0,BO_1976_00619,Herida punzo cortante
HICC de Cue,HIPCCu,herida punzo cortante cuello,1,1,0,BO_1974_02204,Herida punzo cortante
HICCuello,HIPCCu,herida punzo cortante cuello,1,1,0,BO_1977_04225,Herida punzo cortante
HIC Cuello,HIPCCu,herida punzo cortante cuello,1,1,0,BO_1976_05970,Herida punzo cortante
HIPC Cuello+PN,HIPCCu+PN,herida punzo cortante cuello + pleuro pneumonia,1,2,0,BO_1976_01091,Enfermedades del sistema respiratorio + Herida punzo cortante
HsIPcPTyue,HIPCCuT,herida punzo cortante cuello torax,1,1,0,BO_1978_01323,Herida punzo cortante
HIPCM,HIPCMi,herida punzo cortante miembros,1,1,0,BO_1977_00036,Herida punzo cortante
HIPcPMI,HIPCMi,herida punzo cortante miembros,1,1,0,BO_1978_00720,Herida punzo cortante
HIPCPA,HIPCPA,herida punzo cortante abdomen pelvis,58,1,0,"BO_1974_01132,BO_1974_01284,BO_1974_01343,BO_1974_01610,BO_1974_01843",Herida punzo cortante
HIPCPT,HIPCT,herida punzo cortante torax,177,1,0,"BO_1974_00014,BO_1974_00031,BO_1974_00859,BO_1974_00893,BO_1974_00941",Herida punzo cortante
HsIPCPsT,HIPCT,herida punzo cortante torax,33,1,0,"BO_1974_01975,BO_1975_00830,BO_1975_01021,BO_1975_01049,BO_1975_02248",Herida punzo cortante
HIPcPT,HIPCT,herida punzo cortante torax,28,1,0,"BO_1976_00167,BO_1976_00367,BO_1976_04441,BO_1976_04577,BO_1976_04861",Herida punzo cortante
HPCPT,HIPCT,herida punzo cortante torax,8,1,0,"BO_1974_01093,BO_1974_01400,BO_1974_03310,BO_1974_04429,BO_1974_04490",Herida punzo cortante
HPIPCPT,HIPCT,herida punzo cortante torax,7,1,0,"BO_1974_03980,BO_1974_04122,BO_1975_04576,BO_1975_05901,BO_1979_05367",Herida punzo cortante
HPTPCPT,HIPCT,herida punzo cortante torax,2,1,0,"BO_1974_04254,BO_1978_03316",Herida punzo cortante
HPIPCT,HIPCT,herida punzo cortante torax,2,1,0,"BO_1977_01822,BO_1979_02353",Herida punzo cortante
HsPIPC,HIPCT,herida punzo cortante torax,2,1,0,"BO_1974_04969,BO_1975_00682",Herida punzo cortante
HsI Pe Ps T,HIPCT,herida punzo cortante torax,2,1,0,"BO_1978_00107,BO_1978_00109",Herida punzo cortante
HsIPcPsT,HIPCT,herida punzo cortante torax,2,1,0,"BO_1978_02059,BO_1978_06191",Herida punzo cortante
HIPCPT+,HIPCT,herida punzo cortante torax,2,1,0,"BO_1975_02236,BO_1975_02323",Herida punzo cortante
HIPPT,HIPCT,herida punzo cortante torax,2,1,0,"BO_1975_01259,BO_1975_04371",Herida punzo cortante
hipcpt,HIPCT,herida punzo cortante torax,1,1,0,BO_1974_02784,Herida punzo cortante
HPIPT,HIPCT,herida punzo cortante torax,1,1,0,BO_1979_01378,Herida punzo cortante
HPIPIPT,HIPCT,herida punzo cortante torax,1,1,0,BO_1979_03845,Herida punzo cortante
HPCPT+Ty A,HIPCT,herida punzo cortante torax,1,2,1,BO_1974_00618,Herida punzo cortante
HPCPTy,HIPCT,herida punzo cortante torax,1,1,0,BO_1975_02094,Herida punzo cortante
HPICPT,HIPCT,herida punzo cortante torax,1,1,0,BO_1979_01484,Herida punzo cortante
Hs IPC Ps TA,HIPCT,herida punzo cortante torax,1,1,0,BO_1978_00230,Herida punzo cortante
Hs IPc PsT,HIPCT,herida punzo cortante torax,1,1,0,BO_1978_01770,Herida punzo cortante
HsIPCTCCer,HIPCT,herida punzo cortante torax,1,1,0,BO_1976_01127,Herida punzo cortante
HsIPCsPsT,HIPCT,herida punzo cortante torax,1,1,0,BO_1975_04212,Herida punzo cortante
HsIPPsT,HIPCT,herida punzo cortante torax,1,1,0,BO_1977_02024,Herida punzo cortante
HsIPcPT,HIPCT,herida punzo cortante torax,1,1,0,BO_1978_05801,Herida punzo cortante
Hs.IPCPT,HIPCT,herida punzo cortante torax,1,1,0,BO_1977_05584,Herida punzo cortante
HsCHsIPC,HIPCT,herida punzo cortante torax,1,1,0,BO_1975_03162,Herida punzo cortante
HsICPsT,HIPCT,herida punzo cortante torax,1,1,0,BO_1976_04522,Herida punzo cortante
HsIPA,HIPCT,herida punzo cortante torax,1,1,0,BO_1977_06458,Herida punzo cortante
HsIPCPII,HIPCT,herida punzo cortante torax,1,1,0,BO_1977_01751,Herida punzo cortante
HsPCsPsT,HIPCT,herida punzo cortante torax,1,1,0,BO_1976_01520,Herida punzo cortante
HsPIP,HIPCT,herida punzo cortante torax,1,1,0,BO_1975_02624,Herida punzo cortante
HIPCPT+A,HIPCT,herida punzo cortante torax,1,2,1,BO_1975_04977,Herida punzo cortante
HIPCPT+Ar,HIPCT,herida punzo cortante torax,1,2,1,BO_1979_06815,Herida punzo cortante
HIPCT,HIPCT,herida punzo cortante torax,1,1,0,BO_1976_05863,Herida punzo cortante
HIPIPT,HIPCT,herida punzo cortante torax,1,1,0,BO_1977_00978,Herida punzo cortante
HPCPT + Hem,HIPCT+Hemo,hemorragia + herida punzo cortante torax,1,2,0,BO_1974_00342,Herida punzo cortante
TCE+HIPCPT,HIPCT+TCE,herida punzo cortante torax + traumatismo craneo encefalico,1,2,0,BO_1976_00632,Herida punzo cortante + Trauma
HIPcPTs+TCE,HIPCT+TCE,herida punzo cortante torax + traumatismo craneo encefalico,1,2,0,BO_1976_01046,Herida punzo cortante + Trauma
HICcPT+TM,HIPCT+TM,herida punzo cortante torax + traumatismo multiple,1,2,0,BO_1978_05608,Herida punzo cortante + Trauma
HIPCPTA,HIPCTA,herida punzo cortante torax abdomen,31,1,0,"BO_1974_05077,BO_1975_01192,BO_1975_01359,BO_1975_01798,BO_1975_02051",Herida punzo cortante
HsIPCPsTA,HIPCTA,herida punzo cortante torax abdomen,22,1,0,"BO_1974_01874,BO_1974_02579,BO_1974_03587,BO_1975_00677,BO_1975_02580",Herida punzo cortante
HsIPCpsTA,HIPCTA,herida punzo cortante torax abdomen,6,1,0,"BO_1974_00482,BO_1974_00519,BO_1974_00549,BO_1974_00579,BO_1974_00585",Herida punzo cortante
HsPIPCPs,HIPCTA,herida punzo cortante torax abdomen,4,1,0,"BO_1974_00267,BO_1974_02548,BO_1975_02609,BO_1975_05187",Herida punzo cortante
HsIPcPsTA,HIPCTA,herida punzo cortante torax abdomen,4,1,0,"BO_1976_03156,BO_1976_05861,BO_1976_05872,BO_1978_01257",Herida punzo cortante
HsIPCs,HIPCTA,herida punzo cortante torax abdomen,3,1,0,"BO_1977_01965,BO_1977_06573,BO_1978_05959",Herida punzo cortante
HsIPCsPsTA,HIPCTA,herida punzo cortante torax abdomen,3,1,0,"BO_1974_00902,BO_1974_01223,BO_1978_02239",Herida punzo cortante
HsIPCPs TA,HIPCTA,herida punzo cortante torax abdomen,2,1,0,"BO_1979_06387,BO_1979_06541",Herida punzo cortante
HsIPPs,HIPCTA,herida punzo cortante torax abdomen,2,1,0,"BO_1978_06355,BO_1979_05486",Herida punzo cortante
HsIPPsTA,HIPCTA,herida punzo cortante torax abdomen,2,1,0,"BO_1977_04280,BO_1978_05019",Herida punzo cortante
HsIPcPsTy,HIPCTA,herida punzo cortante torax abdomen,2,1,0,"BO_1978_06140,BO_1978_06712",Herida punzo cortante
HIPcPTA,HIPCTA,herida punzo cortante torax abdomen,2,1,0,"BO_1976_05385,BO_1977_05169",Herida punzo cortante
HsTPCPs,HIPCTA,herida punzo cortante torax abdomen,1,1,0,BO_1978_00259,Herida punzo cortante
HsIPCsPst,HIPCTA,herida punzo cortante torax abdomen,1,1,0,BO_1975_05761,Herida punzo cortante
HsIPE,HIPCTA,herida punzo cortante torax abdomen,1,1,0,BO_1977_03109,Herida punzo cortante
HsIPcPTA,HIPCTA,herida punzo cortante torax abdomen,1,1,0,BO_1976_05350,Herida punzo cortante
HsIPcPcTyA,HIPCTA,herida punzo cortante torax abdomen,1,1,0,BO_1978_05661,Herida punzo cortante
HsIPcPsTyA,HIPCTA,herida punzo cortante torax abdomen,1,1,0,BO_1978_05117,Herida punzo cortante
HsIPsCPsTA,HIPCTA,herida punzo cortante torax abdomen,1,1,0,BO_1977_06019,Herida punzo cortante
HsPIPcPsT,HIPCTA,herida punzo cortante torax abdomen,1,1,0,BO_1978_02078,Herida punzo cortante
HICPT+TA,HIPCTA,herida punzo cortante torax abdomen,1,1,0,BO_1975_04386,Herida punzo cortante
HIPIPTA,HIPCTA,herida punzo cortante torax abdomen,1,1,0,BO_1977_00031,Herida punzo cortante
HIPCPTA+S,HIPCTA+Septi,herida punzo cortante torax abdomen + septicemia,1,2,0,BO_1979_00965,Ciertas enfermedades infecciosas y parasitarias + Herida punzo cortante
TCE+HIPCPTA,HIPCTA+TCE,herida punzo cortante torax abdomen + traumatismo craneo encefalico,1,2,0,BO_1976_04643,Herida punzo cortante + Trauma
HIPCPTyV,HIPCTV,herida punzo cortante torax vientre,1,1,0,BO_1974_02809,Herida punzo cortante
HIPCPV,HIPCV,herida punzo cortante vientre,4,1,0,"BO_1974_02147,BO_1974_02354,BO_1974_03707,BO_1979_04763",Herida punzo cortante
HIPCPTV,HIPCV,herida punzo cortante vientre,2,1,0,"BO_1974_04358,BO_1977_02167",Herida punzo cortante
HIPCPV+S,HIPCV+Septi,herida punzo cortante vientre + septicemia,2,2,0,"BO_1974_01922,BO_1975_02382",Ciertas enfermedades infecciosas y parasitarias + Herida punzo cortante
HIPCPV+TA+S,HIPCV+Septi+TA,herida punzo cortante vientre + septicemia + traumatismo abdomen,1,3,0,BO_1975_00588,Ciertas enfermedades infecciosas y parasitarias + Herida punzo cortante + Trauma
HPAFP,HPAF,herida arma fuego,329,1,0,"BO_1974_00181,BO_1974_00201,BO_1974_00208,BO_1974_00250,BO_1974_00377",Herida por arma de fuego
HPAF,HPAF,herida arma fuego,220,1,0,"BO_1974_00058,BO_1974_00102,BO_1974_00110,BO_1974_00122,BO_1974_01715",Herida por arma de fuego
HsPAFPs,HPAF,herida arma fuego,169,1,0,"BO_1974_00736,BO_1974_00787,BO_1974_01078,BO_1974_01295,BO_1974_01722",Herida por arma de fuego
HPA,HPAF,herida arma fuego,87,1,0,"BO_1976_01466,BO_1976_01475,BO_1976_01477,BO_1976_01728,BO_1976_01729",Herida por arma de fuego
HsPAF,HPAF,herida arma fuego,30,1,0,"BO_1975_00253,BO_1975_00266,BO_1975_00281,BO_1975_00487,BO_1975_00616",Herida por arma de fuego
HsPA,HPAF,herida arma fuego,30,1,0,"BO_1975_00208,BO_1976_01862,BO_1976_01945,BO_1976_02220,BO_1976_02236",Herida por arma de fuego
HPAP,HPAF,herida arma fuego,18,1,0,"BO_1976_01194,BO_1976_01196,BO_1976_02171,BO_1976_02545,BO_1976_02633",Herida por arma de fuego
HPPAFP,HPAF,herida arma fuego,16,1,0,"BO_1974_00138,BO_1974_00520,BO_1974_00550,BO_1974_00580,BO_1974_00586",Herida por arma de fuego
HsPAFP,HPAF,herida arma fuego,13,1,0,"BO_1975_03750,BO_1976_00066,BO_1976_02389,BO_1976_03533,BO_1976_04359",Herida por arma de fuego
HsPsAFPs,HPAF,herida arma fuego,11,1,0,"BO_1977_05246,BO_1977_05531,BO_1978_02073,BO_1978_02511,BO_1978_03757",Herida por arma de fuego
HPAFPR,HPAF,herida arma fuego,8,1,0,"BO_1974_00964,BO_1975_00856,BO_1975_04827,BO_1976_04013,BO_1977_00784",Herida por arma de fuego
HPAFPE,HPAF,herida arma fuego,8,1,0,"BO_1974_00516,BO_1974_00546,BO_1974_00576,BO_1974_00582,BO_1974_00588",Herida por arma de fuego
HPAFPI,HPAF,herida arma fuego,7,1,0,"BO_1974_01721,BO_1974_03668,BO_1974_04517,BO_1974_05109,BO_1979_01865",Herida por arma de fuego
Hs.PAFPsTA,HPAF,herida arma fuego,4,1,0,"BO_1977_05379,BO_1977_05413,BO_1977_05420,BO_1977_05474",Herida por arma de fuego
HPPA,HPAF,herida arma fuego,3,1,0,"BO_1974_01650,BO_1977_01803,BO_1977_05100",Herida por arma de fuego
HPHF,HPAF,herida arma fuego,2,1,0,"BO_1974_00842,BO_1977_03773",Herida por arma de fuego
HSPAF,HPAF,herida arma fuego,2,1,0,"BO_1977_03688,BO_1977_04480",Herida por arma de fuego
HsPAFPS,HPAF,herida arma fuego,2,1,0,"BO_1979_02752,BO_1979_03334",Herida por arma de fuego
HDAFPT,HPAF,herida arma fuego,2,1,0,"BO_1976_05752,BO_1976_05754",Herida por arma de fuego
CSx HPPA FPTA,HPAF,herida arma fuego,1,3,2,BO_1979_04101,Herida por arma de fuego
CSG+HPA,HPAF,herida arma fuego,1,2,1,BO_1978_01408,Herida por arma de fuego
2HPNFP,HPAF,herida arma fuego,1,1,0,BO_1974_00137,Herida por arma de fuego
AE HPAFC,HPAF,herida arma fuego,1,1,0,BO_1976_06347,Herida por arma de fuego
HPPAFJCH,HPAF,herida arma fuego,1,1,0,BO_1979_04034,Herida por arma de fuego
HPPAFPL,HPAF,herida arma fuego,1,1,0,BO_1974_04175,Herida por arma de fuego
HPPAFPMFyC,HPAF,herida arma fuego,1,1,0,BO_1979_05282,Herida por arma de fuego
HPPAFPS,HPAF,herida arma fuego,1,1,0,BO_1979_02600,Herida por arma de fuego
HPsAFPs,HPAF,herida arma fuego,1,1,0,BO_1978_05377,Herida por arma de fuego
HSPA,HPAF,herida arma fuego,1,1,0,BO_1977_03859,Herida por arma de fuego
HSPAPS,HPAF,herida arma fuego,1,1,0,BO_1974_04107,Herida por arma de fuego
HPF,HPAF,herida arma fuego,1,1,0,BO_1977_01844,Herida por arma de fuego
HPFP,HPAF,herida arma fuego,1,1,0,BO_1974_00325,Herida por arma de fuego
HaPAFPs,HPAF,herida arma fuego,1,1,0,BO_1979_00119,Herida por arma de fuego
HaTPAPPs,HPAF,herida arma fuego,1,1,0,BO_1978_00018,Herida por arma de fuego
HPAFPCMed,HPAF,herida arma fuego,1,2,1,BO_1975_00873,Herida por arma de fuego
HPAFPMI,HPAF,herida arma fuego,1,1,0,BO_1976_01979,Herida por arma de fuego
HPAFPP,HPAF,herida arma fuego,1,1,0,BO_1977_01244,Herida por arma de fuego
HPAFP no 29,HPAF,herida arma fuego,1,1,0,BO_1979_01667,Herida por arma de fuego
HPAFPs,HPAF,herida arma fuego,1,1,0,BO_1979_00546,Herida por arma de fuego
HPAFR,HPAF,herida arma fuego,1,1,0,BO_1978_03346,Herida por arma de fuego
HPAFSec,HPAF,herida arma fuego,1,1,0,BO_1978_01748,Herida por arma de fuego
HPAPA,HPAF,herida arma fuego,1,1,0,BO_1974_00278,Herida por arma de fuego
HPAFPS,HPAF,herida arma fuego,1,1,0,BO_1979_02889,Herida por arma de fuego
HsPsAFPsHgP,HPAF,herida arma fuego,1,1,0,BO_1978_03351,Herida por arma de fuego
HspAF,HPAF,herida arma fuego,1,1,0,BO_1977_03456,Herida por arma de fuego
HsPaFP,HPAF,herida arma fuego,1,1,0,BO_1977_03720,Herida por arma de fuego
HsPAEPS,HPAF,herida arma fuego,1,1,0,BO_1978_06001,Herida por arma de fuego
HsAF'sTA,HPAF,herida arma fuego,1,1,0,BO_1975_04870,Herida por arma de fuego
HsAFPs,HPAF,herida arma fuego,1,1,0,BO_1978_04877,Herida por arma de fuego
HsPAFAC,HPAF,herida arma fuego,1,1,0,BO_1974_04760,Herida por arma de fuego
HsPSFPs,HPAF,herida arma fuego,1,1,0,BO_1975_01096,Herida por arma de fuego
HsPAFsCT,HPAF,herida arma fuego,1,1,0,BO_1976_06371,Herida por arma de fuego
HsPAf,HPAF,herida arma fuego,1,1,0,BO_1977_03863,Herida por arma de fuego
HsPPAEP,HPAF,herida arma fuego,1,1,0,BO_1974_04534,Herida por arma de fuego
HsPSAFPs,HPAF,herida arma fuego,1,1,0,BO_1977_01431,Herida por arma de fuego
HsPAFyPC,HPAF,herida arma fuego,1,1,0,BO_1976_03933,Herida por arma de fuego
HsPAFps,HPAF,herida arma fuego,1,1,0,BO_1976_06498,Herida por arma de fuego
HsPAFRs,HPAF,herida arma fuego,1,1,0,BO_1976_06268,Herida por arma de fuego
HPAF+Izquemia,HPAF,herida arma fuego,1,2,1,BO_1976_06805,Herida por arma de fuego
ExtoxHPAF,HPAF,herida arma fuego,1,2,1,BO_1979_04564,Herida por arma de fuego
HPA F,HPAF,herida arma fuego,1,1,0,BO_1977_05755,Herida por arma de fuego
HAPF,HPAF,herida arma fuego,1,1,0,BO_1977_05860,Herida por arma de fuego
HAPFT,HPAF,herida arma fuego,1,1,0,BO_1979_06315,Herida por arma de fuego
HAxHPAP,HPAF,herida arma fuego,1,2,1,BO_1978_00461,Herida por arma de fuego
FPT Anomia+HPA,HPAF,herida arma fuego,1,3,2,BO_1976_00098,Herida por arma de fuego
HDAFP,HPAF,herida arma fuego,1,1,0,BO_1976_05994,Herida por arma de fuego
HPAF med+,HPAF+N,herida arma fuego + neumonia,1,2,0,BO_1976_01743,Enfermedades del sistema respiratorio + Herida por arma de fuego
HPAF+Necrosis,HPAF+Necro,herida arma fuego + necrosis,1,2,0,BO_1977_06998,Enfermedades de la piel y del tejido subcutáneo + Herida por arma de fuego
HPAFP+Per,HPAF+PER,herida arma fuego + peritonitis o perforacion,1,2,0,BO_1978_04778,Enfermedades del sistema digestivo + Herida por arma de fuego
SxPer HPAF,HPAF+PER+Septi,herida arma fuego + peritonitis o perforacion + septicemia,1,3,0,BO_1977_05159,Ciertas enfermedades infecciosas y parasitarias + Enfermedades del sistema digestivo + Herida por arma de fuego
HPAF+PN,HPAF+PN,herida arma fuego + pleuro pneumonia,1,2,0,BO_1979_04280,Enfermedades del sistema respiratorio + Herida por arma de fuego
HPAFPQuem,HPAF+Quem,herida arma fuego + quemaduras,1,2,0,BO_1976_03079,Causas externas de morbilidad y de mortalidad + Herida por arma de fuego
HPAFP+S,HPAF+Septi,herida arma fuego + septicemia,2,2,0,"BO_1979_04404,BO_1979_05874",Ciertas enfermedades infecciosas y parasitarias + Herida por arma de fuego
HPAF+S,HPAF+Septi,herida arma fuego + septicemia,1,2,0,BO_1975_00449,Ciertas enfermedades infecciosas y parasitarias + Herida por arma de fuego
HsPsA,HPAF+Septi,herida arma fuego + septicemia,1,2,0,BO_1977_02874,Ciertas enfermedades infecciosas y parasitarias + Herida por arma de fuego
HsPAT,HPAF+Septi,herida arma fuego + septicemia,1,2,0,BO_1977_00048,Ciertas enfermedades infecciosas y parasitarias + Herida por arma de fuego
TCExHPAF,HPAF+TCE,herida arma fuego + traumatismo craneo encefalico,1,2,0,BO_1976_06458,Herida por arma de fuego + Trauma
TCE+HPAFP,HPAF+TCE,herida arma fuego + traumatismo craneo encefalico,1,2,0,BO_1978_04907,Herida por arma de fuego + Trauma
HPAFP+TCT,HPAF+TCT,herida arma fuego + traumatismo craneo torax,1,2,0,BO_1976_03191,Herida por arma de fuego + Trauma
HPAF+trom,HPAF+Trombo,herida arma fuego + trombosis,1,2,0,BO_1975_06827,Enfermedades del sistema circulatorio + Herida por arma de fuego
HPAFPA,HPAFA,herida arma fuego abdomen,260,1,0,"BO_1974_00054,BO_1974_00443,BO_1974_00666,BO_1974_00668,BO_1974_00678",Herida por arma de fuego
HsPAFPsA,HPAFA,herida arma fuego abdomen,9,1,0,"BO_1975_00238,BO_1975_01839,BO_1975_02964,BO_1975_03614,BO_1975_04539",Herida por arma de fuego
HPPAFPA,HPAFA,herida arma fuego abdomen,3,1,0,"BO_1978_01922,BO_1979_05271,BO_1979_06858",Herida por arma de fuego
HPATPA,HPAFA,herida arma fuego abdomen,3,1,0,"BO_1978_00547,BO_1978_00641,BO_1978_00705",Herida por arma de fuego
HsPAP,HPAFA,herida arma fuego abdomen,2,1,0,"BO_1977_01568,BO_1977_01655",Herida por arma de fuego
SSxHPAFPA,HPAFA,herida arma fuego abdomen,1,2,1,BO_1977_00842,Herida por arma de fuego
HSPAFPsA,HPAFA,herida arma fuego abdomen,1,1,0,BO_1974_00897,Herida por arma de fuego
HPFPI y A,HPAFA,herida arma fuego abdomen,1,1,0,BO_1974_00620,Herida por arma de fuego
HPHFPA,HPAFA,herida arma fuego abdomen,1,1,0,BO_1978_00168,Herida por arma de fuego
HPAFPAyT,HPAFA,herida arma fuego abdomen,1,2,1,BO_1978_00355,Herida por arma de fuego
HPAFPF,HPAFA,herida arma fuego abdomen,1,1,0,BO_1977_00765,Herida por arma de fuego
HPAFA,HPAFA,herida arma fuego abdomen,1,1,0,BO_1976_02605,Herida por arma de fuego
"HPAFPA ""postas""",HPAFA,herida arma fuego abdomen,1,1,0,BO_1978_03329,Herida por arma de fuego
HPAFPA+A,HPAFA,herida arma fuego abdomen,1,2,1,BO_1979_02231,Herida por arma de fuego
HPAFPA+CS,HPAFA,herida arma fuego abdomen,1,2,1,BO_1975_01427,Herida por arma de fuego
HPAFPA+Neu,HPAFA,herida arma fuego abdomen,1,2,1,BO_1975_04270,Herida por arma de fuego
HPAFPA+PerA,HPAFA,herida arma fuego abdomen,1,2,1,BO_1978_01950,Herida por arma de fuego
HPAPFPA,HPAFA,herida arma fuego abdomen,1,1,0,BO_1976_06456,Herida por arma de fuego
HPAPPA,HPAFA,herida arma fuego abdomen,1,1,0,BO_1977_00099,Herida por arma de fuego
HPAFPZ,HPAFA,herida arma fuego abdomen,1,1,0,BO_1975_03251,Herida por arma de fuego
HxPAFPA,HPAFA,herida arma fuego abdomen,1,1,0,BO_1978_05520,Herida por arma de fuego
Hx yafPA,HPAFA,herida arma fuego abdomen,1,1,0,BO_1978_00712,Herida por arma de fuego
HsPc,HPAFA,herida arma fuego abdomen,1,1,0,BO_1976_06125,Herida por arma de fuego
Hs.PAFPsA,HPAFA,herida arma fuego abdomen,1,1,0,BO_1977_05527,Herida por arma de fuego
HsPAFPsTAA,HPAFA,herida arma fuego abdomen,1,1,0,BO_1975_00903,Herida por arma de fuego
HPAFPA+pER,HPAFA+PER,herida arma fuego abdomen + peritonitis o perforacion,1,2,0,BO_1974_01974,Enfermedades del sistema digestivo + Herida por arma de fuego
HPAFPA+Per,HPAFA+PER,herida arma fuego abdomen + peritonitis o perforacion,1,2,0,BO_1974_01108,Enfermedades del sistema digestivo + Herida por arma de fuego
HPAHPA,HPAFA+PER,herida arma fuego abdomen + peritonitis o perforacion,1,2,0,BO_1978_02858,Enfermedades del sistema digestivo + Herida por arma de fuego
HsPAFPr,HPAFA+PER,herida arma fuego abdomen + peritonitis o perforacion,1,2,0,BO_1979_00155,Enfermedades del sistema digestivo + Herida por arma de fuego
HPAFPP+PN,HPAFA+PER+PN,herida arma fuego abdomen + peritonitis o perforacion + pleuro pneumonia,1,3,0,BO_1975_02978,Enfermedades del sistema digestivo + Enfermedades del sistema respiratorio + Herida por arma de fuego
HPAFPA+S,HPAFA+Septi,herida arma fuego abdomen + septicemia,12,2,0,"BO_1974_01171,BO_1974_03722,BO_1975_00240,BO_1975_01258,BO_1975_02001",Ciertas enfermedades infecciosas y parasitarias + Herida por arma de fuego
SxHPAFPA,HPAFA+Septi,herida arma fuego abdomen + septicemia,1,2,0,BO_1977_02709,Ciertas enfermedades infecciosas y parasitarias + Herida por arma de fuego
HPAFPA+s,HPAFA+Septi,herida arma fuego abdomen + septicemia,1,2,0,BO_1977_02735,Ciertas enfermedades infecciosas y parasitarias + Herida por arma de fuego
HPAFPVS,HPAFA+Septi,herida arma fuego abdomen + septicemia,1,2,0,BO_1974_02263,Ciertas enfermedades infecciosas y parasitarias + Herida por arma de fuego
HsPsAFAP,HPAFA+Septi,herida arma fuego abdomen + septicemia,1,2,0,BO_1976_03134,Ciertas enfermedades infecciosas y parasitarias + Herida por arma de fuego
HsPAFPsA+S,HPAFA+Septi,herida arma fuego abdomen + septicemia,1,2,0,BO_1976_01992,Ciertas enfermedades infecciosas y parasitarias + Herida por arma de fuego
HPAF+,HPAFA+Septi,herida arma fuego abdomen + septicemia,1,2,0,BO_1975_02758,Ciertas enfermedades infecciosas y parasitarias + Herida por arma de fuego
HPAFPC,HPAFC,herida arma fuego craneo,833,1,0,"BO_1974_00037,BO_1974_00104,BO_1974_00162,BO_1974_00179,BO_1974_00374",Herida por arma de fuego
HsPAFPsC,HPAFC,herida arma fuego craneo,24,1,0,"BO_1974_00195,BO_1974_01833,BO_1974_02213,BO_1974_03167,BO_1975_00237",Herida por arma de fuego
HPPAFPC,HPAFC,herida arma fuego craneo,18,1,0,"BO_1974_00141,BO_1975_00791,BO_1978_00841,BO_1978_01891,BO_1978_02458",Herida por arma de fuego
HsPAFPC,HPAFC,herida arma fuego craneo,11,1,0,"BO_1974_00883,BO_1974_03416,BO_1974_04913,BO_1976_00083,BO_1977_00226",Herida por arma de fuego
HPAEPC,HPAFC,herida arma fuego craneo,6,1,0,"BO_1974_02885,BO_1976_00105,BO_1978_01743,BO_1978_01765,BO_1978_04249",Herida por arma de fuego
HPAFC,HPAFC,herida arma fuego craneo,5,1,0,"BO_1975_01450,BO_1976_03886,BO_1977_04432,BO_1977_05561,BO_1979_03541",Herida por arma de fuego
HsPsAFPsC,HPAFC,herida arma fuego craneo,4,1,0,"BO_1975_04790,BO_1978_05031,BO_1978_06333,BO_1978_06476",Herida por arma de fuego
HsPAFPsTC,HPAFC,herida arma fuego craneo,4,1,0,"BO_1975_06118,BO_1976_02350,BO_1976_05137,BO_1977_01823",Herida por arma de fuego
HPFPC,HPAFC,herida arma fuego craneo,3,1,0,"BO_1974_01324,BO_1974_04626,BO_1977_04281",Herida por arma de fuego
HPAFPCRaq,HPAFC,herida arma fuego craneo,3,2,1,"BO_1976_02947,BO_1976_05420,BO_1978_02299",Herida por arma de fuego
HPHFPC,HPAFC,herida arma fuego craneo,3,1,0,"BO_1978_00151,BO_1978_01385,BO_1978_02057",Herida por arma de fuego
HPATPC,HPAFC,herida arma fuego craneo,3,1,0,"BO_1974_01988,BO_1978_01232,BO_1978_03932",Herida por arma de fuego
HsPPAFPC,HPAFC,herida arma fuego craneo,2,1,0,"BO_1974_03873,BO_1974_03874",Herida por arma de fuego
HxPAFPC,HPAFC,herida arma fuego craneo,2,1,0,"BO_1978_04310,BO_1978_05521",Herida por arma de fuego
HsPAEPsC,HPAFC,herida arma fuego craneo,2,1,0,"BO_1975_04171,BO_1976_01181",Herida por arma de fuego
HPAFPCR,HPAFC,herida arma fuego craneo,2,2,1,"BO_1975_06342,BO_1977_04575",Herida por arma de fuego
APAFPC,HPAFC,herida arma fuego craneo,1,1,0,BO_1978_02888,Herida por arma de fuego
HPPAFPCE,HPAFC,herida arma fuego craneo,1,1,0,BO_1979_06869,Herida por arma de fuego
HPPAFPDC,HPAFC,herida arma fuego craneo,1,1,0,BO_1979_00136,Herida por arma de fuego
HPPAFPI,HPAFC,herida arma fuego craneo,1,1,0,BO_1979_01838,Herida por arma de fuego
HPPSFPC,HPAFC,herida arma fuego craneo,1,1,0,BO_1978_03965,Herida por arma de fuego
HRAFPC,HPAFC,herida arma fuego craneo,1,1,0,BO_1975_00389,Herida por arma de fuego
HPDFPC,HPAFC,herida arma fuego craneo,1,1,0,BO_1977_04369,Herida por arma de fuego
Hprfpc,HPAFC,herida arma fuego craneo,1,1,0,BO_1974_02235,Herida por arma de fuego
HPC,HPAFC,herida arma fuego craneo,1,1,0,BO_1977_01853,Herida por arma de fuego
HPAFPAC,HPAFC,herida arma fuego craneo,1,1,0,BO_1979_04732,Herida por arma de fuego
HPAFPCC,HPAFC,herida arma fuego craneo,1,1,0,BO_1978_04232,Herida por arma de fuego
HPAFPCyR,HPAFC,herida arma fuego craneo,1,2,1,BO_1975_00728,Herida por arma de fuego
HPAFPL,HPAFC,herida arma fuego craneo,1,1,0,BO_1979_06654,Herida por arma de fuego
HPAFPO,HPAFC,herida arma fuego craneo,1,1,0,BO_1975_00245,Herida por arma de fuego
HPAFPPC,HPAFC,herida arma fuego craneo,1,1,0,BO_1977_03663,Herida por arma de fuego
HPAFPc,HPAFC,herida arma fuego craneo,1,1,0,BO_1976_00031,Herida por arma de fuego
HPAFrPC,HPAFC,herida arma fuego craneo,1,1,0,BO_1978_02049,Herida por arma de fuego
HPAGPC,HPAFC,herida arma fuego craneo,1,1,0,BO_1977_04773,Herida por arma de fuego
HPASPC,HPAFC,herida arma fuego craneo,1,1,0,BO_1975_02607,Herida por arma de fuego
HPAT,HPAFC,herida arma fuego craneo,1,1,0,BO_1977_03178,Herida por arma de fuego
HPAFPTC,HPAFC,herida arma fuego craneo,1,1,0,BO_1975_00567,Herida por arma de fuego
Hs Ps A F Ps C,HPAFC,herida arma fuego craneo,1,1,0,BO_1978_00266,Herida por arma de fuego
HsPsAFP,HPAFC,herida arma fuego craneo,1,1,0,BO_1977_03781,Herida por arma de fuego
HsPPAF,HPAFC,herida arma fuego craneo,1,1,0,BO_1975_03158,Herida por arma de fuego
HsPAFPsAC,HPAFC,herida arma fuego craneo,1,1,0,BO_1976_01310,Herida por arma de fuego
HPAFPC+N,HPAFC+N,herida arma fuego craneo + neumonia,2,2,0,"BO_1974_01547,BO_1975_02578",Enfermedades del sistema respiratorio + Herida por arma de fuego
HPAFPC+S,HPAFC+Septi,herida arma fuego craneo + septicemia,1,2,0,BO_1974_01255,Ciertas enfermedades infecciosas y parasitarias + Herida por arma de fuego
HPAFPSC,HPAFC+Septi,herida arma fuego craneo + septicemia,1,2,0,BO_1977_02431,Ciertas enfermedades infecciosas y parasitarias + Herida por arma de fuego
HPAFPC+TCA,HPAFC+TAC,herida arma fuego craneo + traumatismo abdomen craneo,1,2,0,BO_1976_03873,Herida por arma de fuego + Trauma
HsPAFPsCT,HPAFCT,herida arma fuego craneo torax,8,1,0,"BO_1974_00898,BO_1974_01014,BO_1974_01060,BO_1974_03013,BO_1975_02912",Herida por arma de fuego
HSPAFPCT,HPAFCT,herida arma fuego craneo torax,1,1,0,BO_1974_03022,Herida por arma de fuego
HPAFPCT,HPAFCT,herida arma fuego craneo torax,1,1,0,BO_1974_00006,Herida por arma de fuego
HPAFPsCT,HPAFCT,herida arma fuego craneo torax,1,1,0,BO_1974_02422,Herida por arma de fuego
HPAFPyT,HPAFCT,herida arma fuego craneo torax,1,1,0,BO_1978_02136,Herida por arma de fuego
HsPsAFPsCT,HPAFCT,herida arma fuego craneo torax,1,1,0,BO_1975_05927,Herida por arma de fuego
HsPFPsCT,HPAFCT,herida arma fuego craneo torax,1,1,0,BO_1974_01752,Herida por arma de fuego
HsPAFPsCCT,HPAFCT,herida arma fuego craneo torax,1,1,0,BO_1975_01406,Herida por arma de fuego
HsPAFPsCrT,HPAFCT,herida arma fuego craneo torax,1,1,0,BO_1975_00884,Herida por arma de fuego
HsPAFPCT,HPAFCT+Raqui,herida arma fuego craneo torax + raqui,1,2,0,BO_1976_03085,Herida por arma de fuego
HsPsAFPCTA,HPAFCTA,herida arma fuego abdomen craneo torax,4,1,0,"BO_1975_05928,BO_1976_03145,BO_1976_03147,BO_1977_03878",Herida por arma de fuego
HsPAFPsCTA,HPAFCTA,herida arma fuego abdomen craneo torax,3,1,0,"BO_1975_01011,BO_1975_04117,BO_1976_00755",Herida por arma de fuego
HPAFPCTA,HPAFCTA,herida arma fuego abdomen craneo torax,1,1,0,BO_1974_02801,Herida por arma de fuego
HsPsAFPsCTA,HPAFCTA,herida arma fuego abdomen craneo torax,1,1,0,BO_1977_00170,Herida por arma de fuego
HsPAFPsTA Crane,HPAFCTA,herida arma fuego abdomen craneo torax,1,1,0,BO_1974_02200,Herida por arma de fuego
HsPAFPsCTV,HPAFCTV,herida arma fuego abdomen craneo vientre,1,1,0,BO_1975_01419,Herida por arma de fuego
HPAFPCuello,HPAFCu,herida arma fuego cuello,7,1,0,"BO_1975_00097,BO_1975_04180,BO_1975_04945,BO_1975_05481,BO_1976_01550",Herida por arma de fuego
HsPAPs,HPAFCu,herida arma fuego cuello,2,1,0,"BO_1975_00115,BO_1978_06135",Herida por arma de fuego
HsPAFPsCC,HPAFCu,herida arma fuego cuello,2,1,0,"BO_1975_00150,BO_1975_05733",Herida por arma de fuego
HPAPC,HPAFCu,herida arma fuego cuello,2,1,0,"BO_1979_03402,BO_1979_06693",Herida por arma de fuego
HPAF Cuello,HPAFCu,herida arma fuego cuello,2,1,0,"BO_1974_01094,BO_1977_05884",Herida por arma de fuego
HPAFP CUELLO,HPAFCu,herida arma fuego cuello,2,1,0,"BO_1974_03161,BO_1974_03524",Herida por arma de fuego
HPAFPCue,HPAFCu,herida arma fuego cuello,1,1,0,BO_1975_03163,Herida por arma de fuego
HPAFCue,HPAFCu,herida arma fuego cuello,1,1,0,BO_1976_05094,Herida por arma de fuego
HsPcPs,HPAFCu,herida arma fuego cuello,1,1,0,BO_1978_05804,Herida por arma de fuego
HsPAFPCCue,HPAFCu,herida arma fuego cuello,1,1,0,BO_1975_06291,Herida por arma de fuego
HPAF (Cuello),HPAFCu,herida arma fuego cuello,1,1,0,BO_1974_00667,Herida por arma de fuego
HPAF que sec arterias,HPAFCu,herida arma fuego cuello,1,1,0,BO_1975_05874,Herida por arma de fuego
HPAFPC/S,HPAFCu+Septi,herida arma fuego cuello + septicemia,1,2,0,BO_1975_03449,Ciertas enfermedades infecciosas y parasitarias + Herida por arma de fuego
HPAFPCM,HPAFCu+TCCerM,herida arma fuego cuello + traumatismo craneo cervico medular,1,2,0,BO_1975_01628,Herida por arma de fuego + Trauma
HPAFdeCuello+TCE,HPAFCu+TCE,herida arma fuego cuello + traumatismo craneo encefalico,1,2,0,BO_1975_04843,Herida por arma de fuego + Trauma
HsPAFPsTCuello,HPAFCuT,herida arma fuego cuello torax,1,1,0,BO_1976_05152,Herida por arma de fuego
HPPAFPM,HPAFMi,herida arma fuego miembros,1,1,0,BO_1979_03613,Herida por arma de fuego
HPAFMI,HPAFMi,herida arma fuego miembros,1,1,0,BO_1974_03554,Herida por arma de fuego
HPAFPT,HPAFPT,herida arma fuego pelvis torax,601,1,0,"BO_1974_00022,BO_1974_00042,BO_1974_00211,BO_1974_00330,BO_1974_00370",Herida por arma de fuego
HPAFPRaq,HPAFRaquis,herida arma fuego raquis,2,1,0,"BO_1975_02273,BO_1976_03243",Herida por arma de fuego
HPHP,HPAFRaquis,herida arma fuego raquis,1,1,0,BO_1977_01874,Herida por arma de fuego
HPAFPRaguis,HPAFRaquis,herida arma fuego raquis,1,1,0,BO_1975_03785,Herida por arma de fuego
HPAFRaquis,HPAFRaquis,herida arma fuego raquis,1,1,0,BO_1976_04881,Herida por arma de fuego
HPAFPRaqui,HPAFRaquis,herida arma fuego raquis,1,1,0,BO_1978_00424,Herida por arma de fuego
HPAFPRaquis,HPAFRaquis,herida arma fuego raquis,1,1,0,BO_1975_05004,Herida por arma de fuego
HPAFPTR,HPAFRaquis,herida arma fuego raquis,1,1,0,BO_1976_03556,Herida por arma de fuego
HPAFPTRA,HPAFRaquis,herida arma fuego raquis,1,1,0,BO_1977_04750,Herida por arma de fuego
HypafPTRA,HPAFRaquis,herida arma fuego raquis,1,1,0,BO_1978_01245,Herida por arma de fuego
HsPsHFPTyRayo,HPAFRaquis,herida arma fuego raquis,1,1,0,BO_1978_00153,Herida por arma de fuego
HsPAFPsT,HPAFT,herida arma fuego torax,56,1,0,"BO_1974_00259,BO_1974_00419,BO_1974_00615,BO_1974_00665,BO_1974_00711",Herida por arma de fuego
HPPAFPT,HPAFT,herida arma fuego torax,20,1,0,"BO_1974_03871,BO_1978_05052,BO_1979_00360,BO_1979_00829,BO_1979_00836",Herida por arma de fuego
HsPAFPT,HPAFT,herida arma fuego torax,8,1,0,"BO_1974_02688,BO_1976_01052,BO_1977_03285,BO_1978_03780,BO_1979_00895",Herida por arma de fuego
HsPPAFPT,HPAFT,herida arma fuego torax,4,1,0,"BO_1974_01308,BO_1974_01309,BO_1974_03875,BO_1978_04358",Herida por arma de fuego
HsPsAFPsT,HPAFT,herida arma fuego torax,4,1,0,"BO_1975_02091,BO_1978_01298,BO_1978_03462,BO_1978_06118",Herida por arma de fuego
HsPsAFPT,HPAFT,herida arma fuego torax,2,1,0,"BO_1977_05276,BO_1978_03564",Herida por arma de fuego
hsPAFPTs,HPAFT,herida arma fuego torax,1,1,0,BO_1979_02289,Herida por arma de fuego
hpafpt,HPAFT,herida arma fuego torax,1,1,0,BO_1974_02790,Herida por arma de fuego
CCG+HPAFT,HPAFT,herida arma fuego torax,1,2,1,BO_1978_05260,Herida por arma de fuego
CSxHP,HPAFT,herida arma fuego torax,1,2,1,BO_1977_00137,Herida por arma de fuego
HPPFPT,HPAFT,herida arma fuego torax,1,1,0,BO_1976_02116,Herida por arma de fuego
HPFAPT,HPAFT,herida arma fuego torax,1,1,0,BO_1977_00702,Herida por arma de fuego
HPFPI,HPAFT,herida arma fuego torax,1,1,0,BO_1974_00715,Herida por arma de fuego
HPFPT,HPAFT,herida arma fuego torax,1,1,0,BO_1974_00759,Herida por arma de fuego
HPHFPTyH,HPAFT,herida arma fuego torax,1,1,0,BO_1974_01916,Herida por arma de fuego
HPAFT,HPAFT,herida arma fuego torax,1,1,0,BO_1977_00409,Herida por arma de fuego
HPATP,HPAFT,herida arma fuego torax,1,1,0,BO_1979_01042,Herida por arma de fuego
HPAFPT+Y,HPAFT,herida arma fuego torax,1,2,1,BO_1975_01298,Herida por arma de fuego
HPAFPTyP,HPAFT,herida arma fuego torax,1,1,0,BO_1974_00890,Herida por arma de fuego
HypafPT,HPAFT,herida arma fuego torax,1,1,0,BO_1978_02635,Herida por arma de fuego
HxpafPT,HPAFT,herida arma fuego torax,1,1,0,BO_1978_02960,Herida por arma de fuego
HxPAFPT,HPAFT,herida arma fuego torax,1,1,0,BO_1978_04928,Herida por arma de fuego
HspsAFPsT,HPAFT,herida arma fuego torax,1,1,0,BO_1979_01251,Herida por arma de fuego
HsHPAPs,HPAFT,herida arma fuego torax,1,1,0,BO_1978_01547,Herida por arma de fuego
HsPAIPs,HPAFT,herida arma fuego torax,1,1,0,BO_1975_02959,Herida por arma de fuego
HsPAS,HPAFT,herida arma fuego torax,1,1,0,BO_1977_04002,Herida por arma de fuego
HsPCPT,HPAFT,herida arma fuego torax,1,1,0,BO_1974_05138,Herida por arma de fuego
HsPAFPsV,HPAFT,herida arma fuego torax,1,1,0,BO_1975_00644,Herida por arma de fuego
HP,HPAFT,herida arma fuego torax,1,1,0,BO_1977_00724,Herida por arma de fuego
HPAEPT,HPAFT,herida arma fuego torax,1,1,0,BO_1976_03162,Herida por arma de fuego
HAFPT,HPAFT,herida arma fuego torax,1,1,0,BO_1979_01713,Herida por arma de fuego
HPAFPT+N,HPAFT+N,herida arma fuego torax + neumonia,2,2,0,"BO_1977_04584,BO_1979_01498",Enfermedades del sistema respiratorio + Herida por arma de fuego
HPAFPT+S,HPAFT+Septi,herida arma fuego torax + septicemia,6,2,0,"BO_1974_02357,BO_1974_03367,BO_1975_00385,BO_1977_02179,BO_1978_02678",Ciertas enfermedades infecciosas y parasitarias + Herida por arma de fuego
TCF+HPAFPT,HPAFT+Trau,herida arma fuego torax + traumatismo,1,2,0,BO_1975_01646,Herida por arma de fuego + Trauma
HPAFPTA,HPAFTA,herida arma fuego torax abdomen,103,1,0,"BO_1974_00305,BO_1974_00762,BO_1974_01095,BO_1974_01383,BO_1974_01396",Herida por arma de fuego
HsPAFPsTA,HPAFTA,herida arma fuego torax abdomen,63,1,0,"BO_1974_00903,BO_1974_00945,BO_1974_00959,BO_1974_01829,BO_1974_02086",Herida por arma de fuego
HPAFPTyA,HPAFTA,herida arma fuego torax abdomen,15,1,0,"BO_1974_01027,BO_1974_03042,BO_1974_03209,BO_1974_03280,BO_1978_00856",Herida por arma de fuego
HPPAFPTA,HPAFTA,herida arma fuego torax abdomen,9,1,0,"BO_1979_00143,BO_1979_01830,BO_1979_03225,BO_1979_03252,BO_1979_03460",Herida por arma de fuego
HsPAFPTA,HPAFTA,herida arma fuego torax abdomen,3,1,0,"BO_1975_01012,BO_1977_00907,BO_1978_04339",Herida por arma de fuego
HsP,HPAFTA,herida arma fuego torax abdomen,3,1,0,"BO_1976_01571,BO_1977_00727,BO_1977_02458",Herida por arma de fuego
HPAFPTP,HPAFTA,herida arma fuego torax abdomen,3,2,1,"BO_1974_01621,BO_1975_04930,BO_1976_04950",Herida por arma de fuego
HsPsAFPTA,HPAFTA,herida arma fuego torax abdomen,3,1,0,"BO_1976_00542,BO_1976_06465,BO_1977_03647",Herida por arma de fuego
HsPsAFPTyA,HPAFTA,herida arma fuego torax abdomen,2,1,0,"BO_1976_00302,BO_1978_05526",Herida por arma de fuego
HsPAFPA,HPAFTA,herida arma fuego torax abdomen,2,1,0,"BO_1974_01073,BO_1979_03594",Herida por arma de fuego
HsPAFPcC,HPAFTA,herida arma fuego torax abdomen,2,1,0,"BO_1978_03142,BO_1979_03598",Herida por arma de fuego
HsPAFPcTA,HPAFTA,herida arma fuego torax abdomen,2,1,0,"BO_1974_02396,BO_1974_02955",Herida por arma de fuego
HPAFPT y A,HPAFTA,herida arma fuego torax abdomen,2,1,0,"BO_1978_00977,BO_1978_03855",Herida por arma de fuego
HPAFPTyV,HPAFTA,herida arma fuego torax abdomen,2,1,0,"BO_1974_01783,BO_1974_02746",Herida por arma de fuego
HPAHPTA,HPAFTA,herida arma fuego torax abdomen,2,1,0,"BO_1975_01356,BO_1975_03421",Herida por arma de fuego
CSxHsPsAF,HPAFTA,herida arma fuego torax abdomen,1,2,1,BO_1978_04026,Herida por arma de fuego
APPAFPTA,HPAFTA,herida arma fuego torax abdomen,1,1,0,BO_1979_00822,Herida por arma de fuego
HPPAFTA,HPAFTA,herida arma fuego torax abdomen,1,1,0,BO_1979_00485,Herida por arma de fuego
HPPAFDPT,HPAFTA,herida arma fuego torax abdomen,1,1,0,BO_1979_02786,Herida por arma de fuego
HSPAPSTYA,HPAFTA,herida arma fuego torax abdomen,1,1,0,BO_1974_01567,Herida por arma de fuego
HPBFPTA,HPAFTA,herida arma fuego torax abdomen,1,1,0,BO_1974_00424,Herida por arma de fuego
HPAFPAT,HPAFTA,herida arma fuego torax abdomen,1,1,0,BO_1979_06110,Herida por arma de fuego
HPAI,HPAFTA,herida arma fuego torax abdomen,1,1,0,BO_1974_00386,Herida por arma de fuego
HPATPAyT,HPAFTA,herida arma fuego torax abdomen,1,1,0,BO_1978_01330,Herida por arma de fuego
HPAFPTH,HPAFTA,herida arma fuego torax abdomen,1,1,0,BO_1978_03659,Herida por arma de fuego
HPAFPTVV,HPAFTA,herida arma fuego torax abdomen,1,1,0,BO_1974_00353,Herida por arma de fuego
HPAFPTXV,HPAFTA,herida arma fuego torax abdomen,1,1,0,BO_1974_02874,Herida por arma de fuego
HPAFPTg,HPAFTA,herida arma fuego torax abdomen,1,1,0,BO_1978_00814,Herida por arma de fuego
HPAFPTy A,HPAFTA,herida arma fuego torax abdomen,1,1,0,BO_1974_00606,Herida por arma de fuego
HsPsAF,HPAFTA,herida arma fuego torax abdomen,1,1,0,BO_1977_01865,Herida por arma de fuego
HsPsAFPsTyTA,HPAFTA,herida arma fuego torax abdomen,1,1,0,BO_1978_01666,Herida por arma de fuego
HsP AF PsT,HPAFTA,herida arma fuego torax abdomen,1,1,0,BO_1978_00081,Herida por arma de fuego
HsPAPFs,HPAFTA,herida arma fuego torax abdomen,1,1,0,BO_1978_02021,Herida por arma de fuego
HsPAPPTyA,HPAFTA,herida arma fuego torax abdomen,1,1,0,BO_1974_04538,Herida por arma de fuego
HsPO,HPAFTA,herida arma fuego torax abdomen,1,1,0,BO_1977_01780,Herida por arma de fuego
HsPAFPCA,HPAFTA,herida arma fuego torax abdomen,1,1,0,BO_1976_04885,Herida por arma de fuego
HsPAFPsTR,HPAFTA,herida arma fuego torax abdomen,1,1,0,BO_1975_02499,Herida por arma de fuego
HsPAFPsTTA,HPAFTA,herida arma fuego torax abdomen,1,2,1,BO_1975_04319,Herida por arma de fuego
HsPAFPsTV,HPAFTA,herida arma fuego torax abdomen,1,1,0,BO_1975_05174,Herida por arma de fuego
HPAFPTA+Per,HPAFTA+PER,herida arma fuego torax abdomen + peritonitis o perforacion,2,2,0,"BO_1975_05091,BO_1975_05145",Enfermedades del sistema digestivo + Herida por arma de fuego
HPAFPTA+Peritonitis,HPAFTA+PER,herida arma fuego torax abdomen + peritonitis o perforacion,1,2,0,BO_1975_02079,Enfermedades del sistema digestivo + Herida por arma de fuego
HsPAFPsTAS,HPAFTA+Septi,herida arma fuego torax abdomen + septicemia,1,2,0,BO_1974_01485,Ciertas enfermedades infecciosas y parasitarias + Herida por arma de fuego
HPAFPTyAxTCE,HPAFTA+TCE,herida arma fuego torax abdomen + traumatismo craneo encefalico,1,2,0,BO_1978_04670,Herida por arma de fuego + Trauma
HPAFPTV,HPAFTV,herida arma fuego torax vientre,7,1,0,"BO_1974_02534,BO_1974_03570,BO_1975_00096,BO_1975_04728,BO_1975_05633",Herida por arma de fuego
HsPAFPsTyV,HPAFTV,herida arma fuego torax vientre,2,1,0,"BO_1974_01287,BO_1974_01288",Herida por arma de fuego
HPAFPUT,HPAFTV,herida arma fuego torax vientre,1,1,0,BO_1978_06638,Herida por arma de fuego
HsPsHFPs,HPAFTV,herida arma fuego torax vientre,1,1,0,BO_1978_02071,Herida por arma de fuego
HsPFPTV,HPAFTV,herida arma fuego torax vientre,1,1,0,BO_1974_01987,Herida por arma de fuego
HsPAFPCTV,HPAFTV,herida arma fuego torax vientre,1,1,0,BO_1974_03509,Herida por arma de fuego
HPAFPU,HPAFTV+PER+PN,herida arma fuego torax vientre + peritonitis o perforacion + pleuro pneumonia,1,3,0,BO_1974_01645,Enfermedades del sistema digestivo + Enfermedades del sistema respiratorio + Herida por arma de fuego
HPAFPV,HPAFV,herida arma fuego vientre,12,1,0,"BO_1974_00096,BO_1974_01333,BO_1974_01541,BO_1974_01751,BO_1974_03156",Herida por arma de fuego
Indeterminable,Indet,indeterminado,51,1,0,"BO_1974_04800,BO_1974_04915,BO_1975_02230,BO_1975_02399,BO_1975_03488",
Indeterminado,Indet,indeterminado,30,1,0,"BO_1974_02463,BO_1974_04627,BO_1974_04750,BO_1974_05264,BO_1974_05373",
Indet,Indet,indeterminado,6,1,0,"BO_1977_04396,BO_1977_04518,BO_1977_04608,BO_1978_06588,BO_1979_06312",
INDETERMINABLE,Indet,indeterminado,2,1,0,"BO_1978_03278,BO_1978_03891",
INDETERMINADO,Indet,indeterminado,1,1,0,BO_1974_02858,
Indet+Putref,Indet,indeterminado,1,2,1,BO_1979_05945,
Indeterminab,Indet,indeterminado,1,1,0,BO_1975_05579,
IndoTerm,Indet,indeterminado,1,1,0,BO_1976_01139,
Indeterm,Indet,indeterminado,1,1,0,BO_1978_06698,
PxInfarto,Inf,infarto o infeccion,1,2,1,BO_1974_04177,Ciertas enfermedades infecciosas y parasitarias
Inf,Inf,infarto o infeccion,1,1,0,BO_1977_03613,Ciertas enfermedades infecciosas y parasitarias
Inf. mesenterico,Inf,infarto o infeccion,1,2,1,BO_1976_04823,Ciertas enfermedades infecciosas y parasitarias
Inf Inte,Inf+Intes,infarto o infeccion + intestino,1,2,0,BO_1977_02090,Ciertas enfermedades infecciosas y parasitarias
LOC (Infarto),Inf+LOC,enfermedad organica del corazon + infarto o infeccion,1,2,0,BO_1974_03504,Ciertas enfermedades infecciosas y parasitarias + Enfermedades del sistema circulatorio
Per X Perb Inf,Inf+PER,infarto o infeccion + peritonitis o perforacion,1,3,1,BO_1974_00914,Ciertas enfermedades infecciosas y parasitarias + Enfermedades del sistema digestivo
Per+Inf,Inf+PER,infarto o infeccion + peritonitis o perforacion,1,2,0,BO_1976_01459,Ciertas enfermedades infecciosas y parasitarias + Enfermedades del sistema digestivo
InfartoCe,InfCer,infarto cerebral,1,1,0,BO_1975_03030,Enfermedades del sistema nervioso
InfartoCerebral,InfCer,infarto cerebral,1,1,0,BO_1975_02934,Enfermedades del sistema nervioso
InfartoCore,InfCer,infarto cerebral,1,1,0,BO_1975_03882,Enfermedades del sistema nervioso
Infarto Cerebr,InfCer,infarto cerebral,1,1,0,BO_1975_02703,Enfermedades del sistema nervioso
I Cerebral,InfCer,infarto cerebral,1,1,0,BO_1979_02641,Enfermedades del sistema nervioso
Inf Cerebral,InfCer,infarto cerebral,1,1,0,BO_1977_03069,Enfermedades del sistema nervioso
InFCerebral,InfCer,infarto cerebral,1,1,0,BO_1978_02248,Enfermedades del sistema nervioso
IN MIOCARDIO LOC,InfCer+LOC,enfermedad organica del corazon + infarto cerebral,1,2,0,BO_1974_03580,Enfermedades del sistema circulatorio + Enfermedades del sistema nervioso
Infeccion,Infec,infeccion,3,1,0,"BO_1978_06998,BO_1978_07033,BO_1978_07035",Ciertas enfermedades infecciosas y parasitarias
Infec. A.,Infec,infeccion,1,2,1,BO_1977_07093,Ciertas enfermedades infecciosas y parasitarias
Infarto al miocardio,InfMio,infarto miocardio,2,1,0,"BO_1974_00212,BO_1974_00213",Enfermedades del sistema circulatorio
LOC INF MIOCARDIO,InfMio,infarto miocardio,2,1,0,"BO_1974_02316,BO_1974_02958",Enfermedades del sistema circulatorio
Infarto Mioc,InfMio,infarto miocardio,1,1,0,BO_1977_00567,Enfermedades del sistema circulatorio
Inf. miocardio Hemoperic.,InfMio,infarto miocardio,1,2,1,BO_1976_02569,Enfermedades del sistema circulatorio
Inf Miocardio,InfMio,infarto miocardio,1,1,0,BO_1974_00704,Enfermedades del sistema circulatorio
Inf miocardio,InfMio,infarto miocardio,1,1,0,BO_1978_01228,Enfermedades del sistema circulatorio
Inf miocardio Hemoper Com,InfMio,infarto miocardio,1,3,2,BO_1975_05872,Enfermedades del sistema circulatorio
Inf. miocardio CHL,InfMio,infarto miocardio,1,2,1,BO_1976_05627,Enfermedades del sistema circulatorio
LOC Inf Miocardio,InfMio+LOC,enfermedad organica del corazon + infarto miocardio,7,2,0,"BO_1974_01225,BO_1974_01302,BO_1974_01362,BO_1974_02055,BO_1974_02158",Enfermedades del sistema circulatorio
Inf. Miocardio LOC,InfMio+LOC,enfermedad organica del corazon + infarto miocardio,4,2,0,"BO_1976_00631,BO_1976_02794,BO_1976_05803,BO_1976_06072",Enfermedades del sistema circulatorio
LOC Inf. Miocar,InfMio+LOC,enfermedad organica del corazon + infarto miocardio,4,2,0,"BO_1976_01844,BO_1976_02292,BO_1976_02488,BO_1976_02567",Enfermedades del sistema circulatorio
LOC Inf. Miocardio,InfMio+LOC,enfermedad organica del corazon + infarto miocardio,3,2,0,"BO_1976_01107,BO_1976_03644,BO_1976_03773",Enfermedades del sistema circulatorio
LOC Inf miocardio,InfMio+LOC,enfermedad organica del corazon + infarto miocardio,2,2,0,"BO_1975_01552,BO_1975_04255",Enfermedades del sistema circulatorio
LOC (inf mio),InfMio+LOC,enfermedad organica del corazon + infarto miocardio,1,2,0,BO_1975_01562,Enfermedades del sistema circulatorio
LOC + Inf miocardio,InfMio+LOC,enfermedad organica del corazon + infarto miocardio,1,2,0,BO_1976_04667,Enfermedades del sistema circulatorio
LOC I del mioca,InfMio+LOC,enfermedad organica del corazon + infarto miocardio,1,2,0,BO_1975_04039,Enfermedades del sistema circulatorio
LOC (inf mio,InfMio+LOC,enfermedad organica del corazon + infarto miocardio,1,2,0,BO_1975_00356,Enfermedades del sistema circulatorio
LOC Inf mi,InfMio+LOC,enfermedad organica del corazon + infarto miocardio,1,2,0,BO_1975_05271,Enfermedades del sistema circulatorio
LOC Inf mio,InfMio+LOC,enfermedad organica del corazon + infarto miocardio,1,2,0,BO_1975_04813,Enfermedades del sistema circulatorio
LOC Inf mioc,InfMio+LOC,enfermedad organica del corazon + infarto miocardio,1,2,0,BO_1977_00782,Enfermedades del sistema circulatorio
LOC Inf miocar,InfMio+LOC,enfermedad organica del corazon + infarto miocardio,1,2,0,BO_1975_03746,Enfermedades del sistema circulatorio
LOC Inf miocard,InfMio+LOC,enfermedad organica del corazon + infarto miocardio,1,2,0,BO_1975_04699,Enfermedades del sistema circulatorio
"LOC ""Inf Miocardio""",InfMio+LOC,enfermedad organica del corazon + infarto miocardio,1,2,0,BO_1974_01175,Enfermedades del sistema circulatorio
Inf.Miocardio LOC,InfMio+LOC,enfermedad organica del corazon + infarto miocardio,1,2,0,BO_1976_00891,Enfermedades del sistema circulatorio
InfMiocardio LOC,InfMio+LOC,enfermedad organica del corazon + infarto miocardio,1,2,0,BO_1975_03547,Enfermedades del sistema circulatorio
InfMiocardio+LOC,InfMio+LOC,enfermedad organica del corazon + infarto miocardio,1,2,0,BO_1976_02138,Enfermedades del sistema circulatorio
LOC Inf. mioc.,InfMio+LOC,enfermedad organica del corazon + infarto miocardio,1,2,0,BO_1977_06082,Enfermedades del sistema circulatorio
LOC Inf. miocardio,InfMio+LOC,enfermedad organica del corazon + infarto miocardio,1,2,0,BO_1976_02867,Enfermedades del sistema circulatorio
LOC InfMioCardio,InfMio+LOC,enfermedad organica del corazon + infarto miocardio,1,2,0,BO_1975_02836,Enfermedades del sistema circulatorio
LOC Inp.miocardio,InfMio+LOC,enfermedad organica del corazon + infarto miocardio,1,2,0,BO_1976_00075,Enfermedades del sistema circulatorio
LOC+Hema [...] Inf de miocard,InfMio+LOC,enfermedad organica del corazon + infarto miocardio,1,3,1,BO_1975_05831,Enfermedades del sistema circulatorio
LOC+Inf Miocardio,InfMio+LOC,enfermedad organica del corazon + infarto miocardio,1,2,0,BO_1975_01400,Enfermedades del sistema circulatorio
LOC+InfMiocardio,InfMio+LOC,enfermedad organica del corazon + infarto miocardio,1,2,0,BO_1976_04209,Enfermedades del sistema circulatorio
Inf. miocardio LOC,InfMio+LOC,enfermedad organica del corazon + infarto miocardio,1,2,0,BO_1976_05606,Enfermedades del sistema circulatorio
Inf Miocardio LOC,InfMio+LOC,enfermedad organica del corazon + infarto miocardio,1,2,0,BO_1974_05154,Enfermedades del sistema circulatorio
Inf miocardio LOC,InfMio+LOC,enfermedad organica del corazon + infarto miocardio,1,2,0,BO_1975_06080,Enfermedades del sistema circulatorio
LOC+N Inf miocardio,InfMio+LOC+N,enfermedad organica del corazon + infarto miocardio + neumonia,1,3,0,BO_1975_05870,Enfermedades del sistema circulatorio + Enfermedades del sistema respiratorio
LOC+Inf mio Pancreatitis,InfMio+LOC+Pancrea,enfermedad organica del corazon + infarto miocardio + pancreatitis,1,3,0,BO_1975_05807,Enfermedades del sistema circulatorio + Enfermedades del sistema digestivo
Inf. miocardio Quem+LOC,InfMio+LOC+Quem,enfermedad organica del corazon + infarto miocardio + quemaduras,1,3,0,BO_1976_05638,Causas externas de morbilidad y de mortalidad + Enfermedades del sistema circulatorio
TP Inf. Miocardio,InfMio+TP,infarto miocardio + traumatismo pelvis,1,2,0,BO_1976_00238,Enfermedades del sistema circulatorio + Trauma
Inf Pul,InfPul,infarto pulmon,4,1,0,"BO_1975_02050,BO_1979_03530,BO_1979_05208,BO_1979_06473",Enfermedades del sistema respiratorio
InfPul,InfPul,infarto pulmon,4,1,0,"BO_1977_01041,BO_1977_01187,BO_1979_03753,BO_1979_04643",Enfermedades del sistema respiratorio
Infarto Pul,InfPul,infarto pulmon,2,1,0,"BO_1974_00654,BO_1974_01510",Enfermedades del sistema respiratorio
InfPulmonar,InfPul,infarto pulmon,2,1,0,"BO_1976_04552,BO_1976_05317",Enfermedades del sistema respiratorio
Inf. Pulmonar,InfPul,infarto pulmon,2,1,0,"BO_1977_05590,BO_1979_04077",Enfermedades del sistema respiratorio
Inf. pulmonar,InfPul,infarto pulmon,2,1,0,"BO_1977_05885,BO_1977_06011",Enfermedades del sistema respiratorio
InfartoPulm,InfPul,infarto pulmon,1,1,0,BO_1975_03264,Enfermedades del sistema respiratorio
Infartos Pol,InfPul,infarto pulmon,1,1,0,BO_1978_05579,Enfermedades del sistema respiratorio
Infartos Pulmon,InfPul,infarto pulmon,1,1,0,BO_1978_05593,Enfermedades del sistema respiratorio
Infartos Pulmonares,InfPul,infarto pulmon,1,1,0,BO_1975_01478,Enfermedades del sistema respiratorio
InfartosPulm,InfPul,infarto pulmon,1,1,0,BO_1975_03266,Enfermedades del sistema respiratorio
Infarto Pulmonar,InfPul,infarto pulmon,1,1,0,BO_1975_01026,Enfermedades del sistema respiratorio
InfPol,InfPul,infarto pulmon,1,1,0,BO_1979_00151,Enfermedades del sistema respiratorio
InfPulmo,InfPul,infarto pulmon,1,1,0,BO_1975_04631,Enfermedades del sistema respiratorio
InfPulmonares,InfPul,infarto pulmon,1,1,0,BO_1975_03633,Enfermedades del sistema respiratorio
Int Pul,InfPul,infarto pulmon,1,1,0,BO_1978_04036,Enfermedades del sistema respiratorio
Int Pulmon,InfPul,infarto pulmon,1,1,0,BO_1979_05827,Enfermedades del sistema respiratorio
Int. pul.inf. +LOQ+,InfPul,infarto pulmon,1,3,2,BO_1976_05512,Enfermedades del sistema respiratorio
Infs Pulmonares,InfPul,infarto pulmon,1,1,0,BO_1975_00512,Enfermedades del sistema respiratorio
INF PULMONAR,InfPul,infarto pulmon,1,1,0,BO_1974_02922,Enfermedades del sistema respiratorio
INFARTO PULMONAR,InfPul,infarto pulmon,1,1,0,BO_1974_04267,Enfermedades del sistema respiratorio
Inf Pulm,InfPul,infarto pulmon,1,1,0,BO_1977_04512,Enfermedades del sistema respiratorio
Inf. Pul,InfPul,infarto pulmon,1,1,0,BO_1977_06745,Enfermedades del sistema respiratorio
Inf. Pulmo,InfPul,infarto pulmon,1,1,0,BO_1976_00186,Enfermedades del sistema respiratorio
Inf. Pulmon,InfPul,infarto pulmon,1,1,0,BO_1976_00745,Enfermedades del sistema respiratorio
Inf. Pulmonares,InfPul,infarto pulmon,1,1,0,BO_1976_02739,Enfermedades del sistema respiratorio
InfPul+LOC,InfPul+LOC,enfermedad organica del corazon + infarto pulmon,1,2,0,BO_1975_04987,Enfermedades del sistema circulatorio + Enfermedades del sistema respiratorio
InfPulmonar+LOC,InfPul+LOC,enfermedad organica del corazon + infarto pulmon,1,2,0,BO_1976_04042,Enfermedades del sistema circulatorio + Enfermedades del sistema respiratorio
N InEPul,InfPul+N,infarto pulmon + neumonia,1,2,0,BO_1974_02674,Enfermedades del sistema respiratorio
TM+Inf.Pul,InfPul+TM,infarto pulmon + traumatismo multiple,1,2,0,BO_1977_05377,Enfermedades del sistema respiratorio + Trauma
TMI+InfPul,InfPul+TMi,infarto pulmon + traumatismo miembro,1,2,0,BO_1976_01903,Enfermedades del sistema respiratorio + Trauma
TMI+Inf Pul,InfPul+TMi,infarto pulmon + traumatismo miembro,1,2,0,BO_1977_04780,Enfermedades del sistema respiratorio + Trauma
Inf Pulm TromboFlobT,InfPul+Trombo,infarto pulmon + trombosis,1,3,1,BO_1975_00059,Enfermedades del sistema circulatorio + Enfermedades del sistema respiratorio
Insuf Resp,Insuf,insuficiencia,2,2,1,"BO_1975_06690,BO_1977_00554",
Insuf Circulatoria Periferica LOC+Trombosis,Insuf+LOC+Trombo,enfermedad organica del corazon + insuficiencia + trombosis,1,5,2,BO_1974_03814,Enfermedades del sistema circulatorio
insufisiencia renal,Insuf+Renal,insuficiencia + renal,1,2,0,BO_1978_05356,
Insuf. Renal,Insuf+Renal,insuficiencia + renal,1,2,0,BO_1977_00607,
Ins Renal,Insuf+Renal,insuficiencia + renal,1,2,0,BO_1974_02894,
Ins renal,Insuf+Renal,insuficiencia + renal,1,2,0,BO_1978_04722,
Insuf Renal,Insuf+Renal,insuficiencia + renal,1,2,0,BO_1977_04513,
Insuf. Vasc.,Insuf+Vascu,insuficiencia + vascular,1,2,0,BO_1976_06906,
Estrangulacion de Asas Intest,Intes,intestino,1,2,1,BO_1975_01916,
LOC+Necrosis INT Del,Intes+LOC+Necro,enfermedad organica del corazon + intestino + necrosis,1,3,0,BO_1978_04883,Enfermedades de la piel y del tejido subcutáneo + Enfermedades del sistema circulatorio
OCLU INT,Intes+Oclusion,intestino + oclusion,1,2,0,BO_1979_04991,Enfermedades del sistema circulatorio
Oclusion InTest,Intes+Oclusion,intestino + oclusion,1,2,0,BO_1976_00838,Enfermedades del sistema circulatorio
Oclusion Intestinal,Intes+Oclusion,intestino + oclusion,1,2,0,BO_1977_03208,Enfermedades del sistema circulatorio
Octucion int,Intes+Oclusion,intestino + oclusion,1,2,0,BO_1974_00306,Enfermedades del sistema circulatorio
Oclusion intestinal,Intes+Oclusion,intestino + oclusion,1,2,0,BO_1977_05182,Enfermedades del sistema circulatorio
Oclusion Intestinal + Par,Intes+Oclusion,intestino + oclusion,1,2,0,BO_1976_01355,Enfermedades del sistema circulatorio
Per Oclu Int,Intes+Oclusion+PER,intestino + oclusion + peritonitis o perforacion,1,3,0,BO_1979_06619,Enfermedades del sistema circulatorio + Enfermedades del sistema digestivo
Ulcera Int+Per,Intes+PER+Ulcera,intestino + peritonitis o perforacion + ulcera,1,3,0,BO_1978_01841,Enfermedades del sistema digestivo
PerfInt+Per,Intes+Perf,intestino + perforacion,1,2,0,BO_1978_02951,Causas externas de morbilidad y de mortalidad
Perf Int,Intes+Perf,intestino + perforacion,1,2,0,BO_1979_06795,Causas externas de morbilidad y de mortalidad
Perf Int + P,Intes+Perf,intestino + perforacion,1,2,0,BO_1979_04302,Causas externas de morbilidad y de mortalidad
Perf Intest,Intes+Perf,intestino + perforacion,1,2,0,BO_1977_02376,Causas externas de morbilidad y de mortalidad
Perf. Intestin,Intes+Perf,intestino + perforacion,1,2,0,BO_1976_06218,Causas externas de morbilidad y de mortalidad
Perf asa intest no T+Per,Intes+Perf,intestino + perforacion,1,2,0,BO_1975_00953,Causas externas de morbilidad y de mortalidad
Intox,Intox,intoxicacion,12,1,0,"BO_1976_03462,BO_1976_04223,BO_1977_00816,BO_1977_01950,BO_1977_02057",Causas externas de morbilidad y de mortalidad
InTox,Intox,intoxicacion,6,1,0,"BO_1978_00639,BO_1978_01460,BO_1978_02318,BO_1978_02350,BO_1978_02773",Causas externas de morbilidad y de mortalidad
Intoxicacion,Intox,intoxicacion,6,1,0,"BO_1975_04560,BO_1975_04561,BO_1977_02516,BO_1977_05505,BO_1978_01789",Causas externas de morbilidad y de mortalidad
Intox Es,Intox,intoxicacion,2,2,1,"BO_1976_05264,BO_1977_00580",Causas externas de morbilidad y de mortalidad
Intox Quim,Intox,intoxicacion,2,2,1,"BO_1977_02278,BO_1979_05200",Causas externas de morbilidad y de mortalidad
Intox.Sosa,Intox,intoxicacion,1,2,1,BO_1979_03769,Causas externas de morbilidad y de mortalidad
Intoxicacion Acido muriatico,Intox,intoxicacion,1,2,1,BO_1978_00807,Causas externas de morbilidad y de mortalidad
Intox Penicilina,Intox,intoxicacion,1,2,1,BO_1978_04357,Causas externas de morbilidad y de mortalidad
Intox x Substancias Medicamentosas,Intox,intoxicacion,1,2,1,BO_1975_02922,Causas externas de morbilidad y de mortalidad
Intoxi SubsToxi,Intox,intoxicacion,1,2,1,BO_1979_01040,Causas externas de morbilidad y de mortalidad
Intoxicacion con DDT,Intox,intoxicacion,1,2,1,BO_1978_00219,Causas externas de morbilidad y de mortalidad
Intoxicacion corosiva,Intox,intoxicacion,1,2,1,BO_1978_04488,Causas externas de morbilidad y de mortalidad
Intox Inhalantes,Intox,intoxicacion,1,2,1,BO_1977_02298,Causas externas de morbilidad y de mortalidad
Intox Barbi,Intox,intoxicacion,1,2,1,BO_1975_01143,Causas externas de morbilidad y de mortalidad
Intox Cemento,Intox,intoxicacion,1,2,1,BO_1979_05258,Causas externas de morbilidad y de mortalidad
I ACIDO MURIATICO,Intox,intoxicacion,1,2,1,BO_1974_04262,Causas externas de morbilidad y de mortalidad
InToxicacion,Intox,intoxicacion,1,1,0,BO_1978_01987,Causas externas de morbilidad y de mortalidad
InToxicacion +,Intox,intoxicacion,1,1,0,BO_1978_01788,Causas externas de morbilidad y de mortalidad
CVTC+Intox Marihuana y Coment,Intox,intoxicacion,1,3,2,BO_1976_01559,Causas externas de morbilidad y de mortalidad
Drogadicto Intox Inhalacion,Intox,intoxicacion,1,3,2,BO_1974_00622,Causas externas de morbilidad y de mortalidad
Gas Domestico Intox por MO,Intox,intoxicacion,1,3,2,BO_1976_01102,Causas externas de morbilidad y de mortalidad
Intox+EOC,Intox+LOC,enfermedad organica del corazon + intoxicacion,1,2,0,BO_1979_01230,Causas externas de morbilidad y de mortalidad + Enfermedades del sistema circulatorio
N+Intox,Intox+N,intoxicacion + neumonia,1,2,0,BO_1978_03842,Causas externas de morbilidad y de mortalidad + Enfermedades del sistema respiratorio
Intox+Per,Intox+PER,intoxicacion + peritonitis o perforacion,1,2,0,BO_1976_00427,Causas externas de morbilidad y de mortalidad + Enfermedades del sistema digestivo
Intox+PerfIntestinal,Intox+Perf,intoxicacion + perforacion,1,3,1,BO_1976_03822,Causas externas de morbilidad y de mortalidad
IntoxSustancia+PN,Intox+PN,intoxicacion + pleuro pneumonia,1,3,1,BO_1976_03163,Causas externas de morbilidad y de mortalidad + Enfermedades del sistema respiratorio
Itox Intox Q,Intox+Quem,intoxicacion + quemaduras,1,2,0,BO_1978_00380,Causas externas de morbilidad y de mortalidad
IntoxRaticida,Intox+Raticida,intoxicacion + raticida,1,2,0,BO_1979_00512,Causas externas de morbilidad y de mortalidad
Intox por Raticida,Intox+Raticida,intoxicacion + raticida,1,2,0,BO_1978_00595,Causas externas de morbilidad y de mortalidad
Intox por Raticida ingeri,Intox+Raticida,intoxicacion + raticida,1,3,1,BO_1975_03636,Causas externas de morbilidad y de mortalidad
Intoxicacion raticida,Intox+Raticida,intoxicacion + raticida,1,2,0,BO_1979_00176,Causas externas de morbilidad y de mortalidad
InToxicacion c/RATICIDA,Intox+Raticida,intoxicacion + raticida,1,2,0,BO_1978_03162,Causas externas de morbilidad y de mortalidad
InTox con RaTicidA,Intox+Raticida,intoxicacion + raticida,1,2,0,BO_1978_02237,Causas externas de morbilidad y de mortalidad
InTox x RATICIDA,Intox+Raticida,intoxicacion + raticida,1,2,0,BO_1978_02389,Causas externas de morbilidad y de mortalidad
ECEP+IntocRaticida,Intox+Raticida,intoxicacion + raticida,1,3,1,BO_1975_04304,Causas externas de morbilidad y de mortalidad
InTox+S,Intox+Septi,intoxicacion + septicemia,1,2,0,BO_1978_01686,Causas externas de morbilidad y de mortalidad + Ciertas enfermedades infecciosas y parasitarias
TB+INTOX,Intox+TB,intoxicacion + tuberculosis,1,2,0,BO_1974_02338,Causas externas de morbilidad y de mortalidad + Ciertas enfermedades infecciosas y parasitarias
Intox Med,IntoxMed,intoxicacion por medicamentos,3,1,0,"BO_1974_04023,BO_1977_00479,BO_1979_05651",Causas externas de morbilidad y de mortalidad
Intox. Med.,IntoxMed,intoxicacion por medicamentos,1,1,0,BO_1979_00651,Causas externas de morbilidad y de mortalidad
IntoxMed,IntoxMed,intoxicacion por medicamentos,1,1,0,BO_1979_04965,Causas externas de morbilidad y de mortalidad
IntoxMedica,IntoxMed,intoxicacion por medicamentos,1,1,0,BO_1975_04289,Causas externas de morbilidad y de mortalidad
Intox Medicamentosa EPCVG,IntoxMed,intoxicacion por medicamentos,1,2,1,BO_1975_00593,Causas externas de morbilidad y de mortalidad
Intoxicacion medicamento,IntoxMed,intoxicacion por medicamentos,1,1,0,BO_1976_03607,Causas externas de morbilidad y de mortalidad
Legrado+S,Leg+Septi,legrado + septicemia,1,2,0,BO_1978_05591,"Ciertas enfermedades infecciosas y parasitarias + Embarazo, parto y puerperio"
Legrado U+,Leg+Utero,legrado + utero,1,2,0,BO_1975_01973,"Embarazo, parto y puerperio"
LOC,LOC,enfermedad organica del corazon,635,1,0,"BO_1974_00120,BO_1974_00227,BO_1974_00294,BO_1974_00295,BO_1974_00465",Enfermedades del sistema circulatorio
LOC+,LOC,enfermedad organica del corazon,19,1,0,"BO_1975_00038,BO_1975_00050,BO_1975_00052,BO_1975_01208,BO_1975_02168",Enfermedades del sistema circulatorio
EOC,LOC,enfermedad organica del corazon,16,1,0,"BO_1974_02551,BO_1974_05135,BO_1977_02795,BO_1978_00253,BO_1978_06082",Enfermedades del sistema circulatorio
LOC+P,LOC,enfermedad organica del corazon,3,2,1,"BO_1974_03305,BO_1975_03080,BO_1976_05253",Enfermedades del sistema circulatorio
IP+LOC,LOC,enfermedad organica del corazon,2,2,1,"BO_1974_05546,BO_1978_00867",Enfermedades del sistema circulatorio
PanH+LOC,LOC,enfermedad organica del corazon,2,2,0,"BO_1978_02179,BO_1978_03668",Enfermedades del sistema circulatorio
TRS+LOC,LOC,enfermedad organica del corazon,1,2,1,BO_1979_04725,Enfermedades del sistema circulatorio
OP+LOC,LOC,enfermedad organica del corazon,1,2,1,BO_1974_02599,Enfermedades del sistema circulatorio
LOC CardiopRev,LOC,enfermedad organica del corazon,1,3,2,BO_1975_03728,Enfermedades del sistema circulatorio
LOC HEMOPER,LOC,enfermedad organica del corazon,1,2,1,BO_1974_02984,Enfermedades del sistema circulatorio
LOC INFART,LOC,enfermedad organica del corazon,1,2,1,BO_1974_02302,Enfermedades del sistema circulatorio
LOC (Infart),LOC,enfermedad organica del corazon,1,2,1,BO_1974_02020,Enfermedades del sistema circulatorio
LO TROMBOSIS,LOC,enfermedad organica del corazon,1,2,1,BO_1974_04350,Enfermedades del sistema circulatorio
LOC+AVC,LOC,enfermedad organica del corazon,1,2,1,BO_1974_03877,Enfermedades del sistema circulatorio
LOC+Ba,LOC,enfermedad organica del corazon,1,2,1,BO_1977_02605,Enfermedades del sistema circulatorio
LOE,LOC,enfermedad organica del corazon,1,1,0,BO_1974_01125,Enfermedades del sistema circulatorio
LOC Int,LOC,enfermedad organica del corazon,1,2,1,BO_1977_04403,Enfermedades del sistema circulatorio
LOC Int Mit,LOC,enfermedad organica del corazon,1,2,1,BO_1977_03047,Enfermedades del sistema circulatorio
LOC TROM CORONARIA,LOC,enfermedad organica del corazon,1,2,1,BO_1974_03338,Enfermedades del sistema circulatorio
LOC Viceras,LOC,enfermedad organica del corazon,1,2,1,BO_1976_04662,Enfermedades del sistema circulatorio
LOC+CReumaT,LOC,enfermedad organica del corazon,1,3,2,BO_1975_00737,Enfermedades del sistema circulatorio
LOC+hemPer x RupParedVent,LOC,enfermedad organica del corazon,1,3,2,BO_1975_04926,Enfermedades del sistema circulatorio
LOCCHN,LOC,enfermedad organica del corazon,1,2,1,BO_1974_02577,Enfermedades del sistema circulatorio
LOC+LOC,LOC,enfermedad organica del corazon,1,2,0,BO_1978_01996,Enfermedades del sistema circulatorio
LOC+Hemep,LOC,enfermedad organica del corazon,1,2,1,BO_1978_05490,Enfermedades del sistema circulatorio
LOC+I,LOC,enfermedad organica del corazon,1,2,1,BO_1976_04131,Enfermedades del sistema circulatorio
LOC+INS,LOC,enfermedad organica del corazon,1,2,1,BO_1974_02695,Enfermedades del sistema circulatorio
LOC+IP,LOC,enfermedad organica del corazon,1,2,1,BO_1978_01301,Enfermedades del sistema circulatorio
CH CVG+LOC,LOC,enfermedad organica del corazon,1,2,1,BO_1975_03765,Enfermedades del sistema circulatorio
CUG+LOC,LOC,enfermedad organica del corazon,1,2,1,BO_1974_00094,Enfermedades del sistema circulatorio
CUY+LOC,LOC,enfermedad organica del corazon,1,2,0,BO_1976_05568,Enfermedades del sistema circulatorio
CQ+LOC,LOC,enfermedad organica del corazon,1,2,1,BO_1975_03037,Enfermedades del sistema circulatorio
ICnoT+EOC,LOC,enfermedad organica del corazon,1,3,2,BO_1979_06493,Enfermedades del sistema circulatorio
Inf miocario LOC,LOC,enfermedad organica del corazon,1,2,1,BO_1975_05231,Enfermedades del sistema circulatorio
Inf. mioc (LOC,LOC,enfermedad organica del corazon,1,2,1,BO_1976_01162,Enfermedades del sistema circulatorio
EPA+LOC,LOC,enfermedad organica del corazon,1,2,1,BO_1975_04975,Enfermedades del sistema circulatorio
EAP+LOC,LOC,enfermedad organica del corazon,1,2,1,BO_1978_02813,Enfermedades del sistema circulatorio
HO+LOC,LOC,enfermedad organica del corazon,1,2,1,BO_1978_00611,Enfermedades del sistema circulatorio
N+LOC,LOC+N,enfermedad organica del corazon + neumonia,9,2,0,"BO_1974_02596,BO_1974_02824,BO_1974_03458,BO_1974_04611,BO_1975_01436",Enfermedades del sistema circulatorio + Enfermedades del sistema respiratorio
N+ LOC,LOC+N,enfermedad organica del corazon + neumonia,1,2,0,BO_1974_04193,Enfermedades del sistema circulatorio + Enfermedades del sistema respiratorio
TM+LOC+N,LOC+N+TM,enfermedad organica del corazon + neumonia + traumatismo multiple,1,3,0,BO_1976_00155,Enfermedades del sistema circulatorio + Enfermedades del sistema respiratorio + Trauma
LOC+Pancreatitis cron,LOC+Pancrea,enfermedad organica del corazon + pancreatitis,1,3,1,BO_1976_01696,Enfermedades del sistema circulatorio + Enfermedades del sistema digestivo
LOC+Pancret,LOC+Pancrea,enfermedad organica del corazon + pancreatitis,1,2,0,BO_1976_05106,Enfermedades del sistema circulatorio + Enfermedades del sistema digestivo
LOC+Dia Pancreatitis,LOC+Pancrea,enfermedad organica del corazon + pancreatitis,1,3,1,BO_1975_00566,Enfermedades del sistema circulatorio + Enfermedades del sistema digestivo
LOC+PER,LOC+PER,enfermedad organica del corazon + peritonitis o perforacion,1,2,0,BO_1978_01477,Enfermedades del sistema circulatorio + Enfermedades del sistema digestivo
PN+LOC,LOC+PN,enfermedad organica del corazon + pleuro pneumonia,15,2,0,"BO_1974_00873,BO_1974_01185,BO_1974_01527,BO_1974_02630,BO_1974_03497",Enfermedades del sistema circulatorio + Enfermedades del sistema respiratorio
LOC+PN,LOC+PN,enfermedad organica del corazon + pleuro pneumonia,2,2,0,"BO_1975_06229,BO_1979_01314",Enfermedades del sistema circulatorio + Enfermedades del sistema respiratorio
PNyLOC,LOC+PN,enfermedad organica del corazon + pleuro pneumonia,1,2,0,BO_1976_00007,Enfermedades del sistema circulatorio + Enfermedades del sistema respiratorio
PN+LO,LOC+PN,enfermedad organica del corazon + pleuro pneumonia,1,2,0,BO_1975_01527,Enfermedades del sistema circulatorio + Enfermedades del sistema respiratorio
TMI+PN+LOC,LOC+PN+TMi,enfermedad organica del corazon + pleuro pneumonia + traumatismo miembro,1,3,0,BO_1975_03761,Enfermedades del sistema circulatorio + Enfermedades del sistema respiratorio + Trauma
TP+LOC+PN,LOC+PN+TP,enfermedad organica del corazon + pleuro pneumonia + traumatismo pelvis,1,3,0,BO_1976_03812,Enfermedades del sistema circulatorio + Enfermedades del sistema respiratorio + Trauma
Quem+LOC,LOC+Quem,enfermedad organica del corazon + quemaduras,4,2,0,"BO_1977_04707,BO_1978_03927,BO_1978_04659,BO_1979_02672",Causas externas de morbilidad y de mortalidad + Enfermedades del sistema circulatorio
"LOC ""Ruo Art Coronaria""",LOC+Rup,enfermedad organica del corazon + ruptura,1,3,1,BO_1974_01176,Causas externas de morbilidad y de mortalidad + Enfermedades del sistema circulatorio
S+LOC,LOC+Septi,enfermedad organica del corazon + septicemia,2,2,0,"BO_1977_02995,BO_1978_02689",Ciertas enfermedades infecciosas y parasitarias + Enfermedades del sistema circulatorio
TA+LOC,LOC+TA,enfermedad organica del corazon + traumatismo abdomen,1,2,0,BO_1978_04463,Enfermedades del sistema circulatorio + Trauma
LOS+TB,LOC+TB,enfermedad organica del corazon + tuberculosis,1,2,0,BO_1974_01266,Ciertas enfermedades infecciosas y parasitarias + Enfermedades del sistema circulatorio
LOC+TB,LOC+TB,enfermedad organica del corazon + tuberculosis,1,2,0,BO_1979_00664,Ciertas enfermedades infecciosas y parasitarias + Enfermedades del sistema circulatorio
TB+LOC,LOC+TB,enfermedad organica del corazon + tuberculosis,1,2,0,BO_1975_02557,Ciertas enfermedades infecciosas y parasitarias + Enfermedades del sistema circulatorio
TCE+LOC,LOC+TCE,enfermedad organica del corazon + traumatismo craneo encefalico,6,2,0,"BO_1975_03630,BO_1975_04812,BO_1975_05877,BO_1975_06408,BO_1976_02876",Enfermedades del sistema circulatorio + Trauma
LOC+TM,LOC+TM,enfermedad organica del corazon + traumatismo multiple,1,2,0,BO_1979_01303,Enfermedades del sistema circulatorio + Trauma
TMI+LOC,LOC+TMi,enfermedad organica del corazon + traumatismo miembro,4,2,0,"BO_1974_04230,BO_1977_00034,BO_1977_04641,BO_1978_03395",Enfermedades del sistema circulatorio + Trauma
TP+LOC,LOC+TP,enfermedad organica del corazon + traumatismo pelvis,1,2,0,BO_1975_02303,Enfermedades del sistema circulatorio + Trauma
TT+LOC,LOC+TT,enfermedad organica del corazon + traumatismo torax,1,2,0,BO_1976_01790,Enfermedades del sistema circulatorio + Trauma
Mening,Mening,meningo,3,1,0,"BO_1974_00500,BO_1974_00530,BO_1974_00560",
Meningo,Mening,meningo,1,1,0,BO_1976_02629,
Men+Pancr,Mening+Pancrea,meningo + pancreatitis,1,2,0,BO_1975_03106,Enfermedades del sistema digestivo
PN+Men,Mening+PN,meningo + pleuro pneumonia,1,2,0,BO_1974_01134,Enfermedades del sistema respiratorio
TCE+Men,Mening+TCE,meningo + traumatismo craneo encefalico,2,2,0,"BO_1974_00078,BO_1979_04321",Trauma
TCE+Mening,Mening+TCE,meningo + traumatismo craneo encefalico,1,2,0,BO_1978_02256,Trauma
TCE+Menig,Mening+TCE,meningo + traumatismo craneo encefalico,1,2,0,BO_1974_01217,Trauma
TMS+Mening,Mening+TMiS,meningo + traumatismo miembro superior,1,2,0,BO_1975_04915,Trauma
TCF+Men,Mening+Trau,meningo + traumatismo,1,2,0,BO_1978_03975,Trauma
Meningitis,Meningitis,meningitis,20,1,0,"BO_1974_00772,BO_1974_01581,BO_1975_01093,BO_1976_01272,BO_1976_04170",Enfermedades del sistema nervioso
Meningitis T,Meningitis,meningitis,1,2,1,BO_1974_02364,Enfermedades del sistema nervioso
MENINGITIS,Meningitis,meningitis,1,1,0,BO_1978_00095,Enfermedades del sistema nervioso
MeningitisPCVG,Meningitis,meningitis,1,2,1,BO_1978_05605,Enfermedades del sistema nervioso
Meningitis no T,Meningitis+noT,meningitis + no traumatica,1,2,0,BO_1974_02752,Enfermedades del sistema nervioso
Meningitis Per,Meningitis+PER,meningitis + peritonitis o perforacion,1,2,0,BO_1976_04322,Enfermedades del sistema digestivo + Enfermedades del sistema nervioso
Meningitis Pur.,Meningitis+PER,meningitis + peritonitis o perforacion,1,2,0,BO_1976_02256,Enfermedades del sistema digestivo + Enfermedades del sistema nervioso
TA+MI,MI+TA,miembro + traumatismo abdomen,1,2,0,BO_1975_02365,Trauma
TA+MsIs,MI+TA,miembro + traumatismo abdomen,1,2,0,BO_1976_03236,Trauma
TA y MI,MI+TA,miembro + traumatismo abdomen,1,2,0,BO_1975_01344,Trauma
TAPyMI,MI+TAP,miembro + traumatismo abdomen pelvis,1,2,0,BO_1976_03154,Trauma
TCE y MI,MI+TCE,miembro + traumatismo craneo encefalico,4,2,0,"BO_1977_02120,BO_1978_00630,BO_1978_01391,BO_1978_02147",Trauma
TCE+MsIs,MI+TCE,miembro + traumatismo craneo encefalico,2,2,0,"BO_1975_02925,BO_1975_04071",Trauma
TCE+MI,MI+TCE,miembro + traumatismo craneo encefalico,1,2,0,BO_1978_05312,Trauma
TCE y MsIs,MI+TCE,miembro + traumatismo craneo encefalico,1,2,0,BO_1978_03711,Trauma
TP+MI,MI+TP,miembro + traumatismo pelvis,2,2,0,"BO_1974_02947,BO_1975_04626",Trauma
TP y MI,MI+TP,miembro + traumatismo pelvis,2,2,0,"BO_1975_01467,BO_1978_04019",Trauma
TP+MsIs,MI+TP,miembro + traumatismo pelvis,1,2,0,BO_1975_03978,Trauma
TT y MI,MI+TT,miembro + traumatismo torax,1,2,0,BO_1978_02920,Trauma
TTA+MI,MI+TTA,miembro + traumatismo torax abdomen,1,2,0,BO_1975_03573,Trauma
Tumor de MI,MI+Tum,miembro + tumor,1,2,0,BO_1975_06766,Tumores (neoplasias)
N,N,neumonia,128,1,0,"BO_1974_00103,BO_1974_00270,BO_1974_00320,BO_1974_00427,BO_1974_00984",Enfermedades del sistema respiratorio
NxBroncoasp,N,neumonia,1,2,1,BO_1974_02791,Enfermedades del sistema respiratorio
P N,N,neumonia,1,2,1,BO_1979_00514,Enfermedades del sistema respiratorio
Into+N,N,neumonia,1,2,1,BO_1976_02183,Enfermedades del sistema respiratorio
N+T,N,neumonia,1,2,1,BO_1976_02157,Enfermedades del sistema respiratorio
MAbortivas+N,N,neumonia,1,3,2,BO_1975_05140,Enfermedades del sistema respiratorio
N+Entero,N,neumonia,1,2,1,BO_1975_02810,Enfermedades del sistema respiratorio
N+L,N,neumonia,1,2,1,BO_1977_01399,Enfermedades del sistema respiratorio
N+,N,neumonia,1,1,0,BO_1975_00986,Enfermedades del sistema respiratorio
TCerA+N,N,neumonia,1,2,1,BO_1975_04420,Enfermedades del sistema respiratorio
TMP+N,N,neumonia,1,2,1,BO_1979_05875,Enfermedades del sistema respiratorio
TF+N,N,neumonia,1,2,1,BO_1976_03627,Enfermedades del sistema respiratorio
ANE+N,N,neumonia,1,2,1,BO_1974_05093,Enfermedades del sistema respiratorio
H NE N,N,neumonia,1,3,2,BO_1978_06942,Enfermedades del sistema respiratorio
N+Per+Oclusion Intestinal,N+Oclusion+PER,neumonia + oclusion + peritonitis o perforacion,1,4,1,BO_1976_00157,Enfermedades del sistema circulatorio + Enfermedades del sistema digestivo + Enfermedades del sistema respiratorio
N + Pancreat,N+Pancrea,neumonia + pancreatitis,1,2,0,BO_1979_02859,Enfermedades del sistema digestivo + Enfermedades del sistema respiratorio
N+Pancreatitis,N+Pancrea,neumonia + pancreatitis,1,2,0,BO_1979_00115,Enfermedades del sistema digestivo + Enfermedades del sistema respiratorio
TM+N+Per,N+PER+TM,neumonia + peritonitis o perforacion + traumatismo multiple,1,3,0,BO_1975_02262,Enfermedades del sistema digestivo + Enfermedades del sistema respiratorio + Trauma
Quem+N,N+Quem,neumonia + quemaduras,13,2,0,"BO_1975_00435,BO_1975_01653,BO_1975_01730,BO_1975_02185,BO_1975_03005",Causas externas de morbilidad y de mortalidad + Enfermedades del sistema respiratorio
Quemaduras+N,N+Quem,neumonia + quemaduras,4,2,0,"BO_1974_02071,BO_1974_02160,BO_1974_02276,BO_1975_05808",Causas externas de morbilidad y de mortalidad + Enfermedades del sistema respiratorio
Quem + N,N+Quem,neumonia + quemaduras,3,2,0,"BO_1978_00094,BO_1978_00188,BO_1979_02048",Causas externas de morbilidad y de mortalidad + Enfermedades del sistema respiratorio
N+Quemaduras,N+Quem,neumonia + quemaduras,2,2,0,"BO_1974_00749,BO_1974_03916",Causas externas de morbilidad y de mortalidad + Enfermedades del sistema respiratorio
N+Quem,N+Quem,neumonia + quemaduras,1,2,0,BO_1976_03534,Causas externas de morbilidad y de mortalidad + Enfermedades del sistema respiratorio
N+S,N+Septi,neumonia + septicemia,1,2,0,BO_1976_01012,Ciertas enfermedades infecciosas y parasitarias + Enfermedades del sistema respiratorio
TA+N+E,N+TA,neumonia + traumatismo abdomen,1,3,1,BO_1974_02627,Enfermedades del sistema respiratorio + Trauma
TA+N,N+TA,neumonia + traumatismo abdomen,1,2,0,BO_1975_02148,Enfermedades del sistema respiratorio + Trauma
TCA+N,N+TAC,neumonia + traumatismo abdomen craneo,2,2,0,"BO_1975_00454,BO_1979_00791",Enfermedades del sistema respiratorio + Trauma
TAP+N,N+TAP,neumonia + traumatismo abdomen pelvis,1,2,0,BO_1975_02367,Enfermedades del sistema respiratorio + Trauma
N+TB,N+TB,neumonia + tuberculosis,5,2,0,"BO_1974_04559,BO_1974_04972,BO_1975_03795,BO_1976_05386,BO_1977_06044",Ciertas enfermedades infecciosas y parasitarias + Enfermedades del sistema respiratorio
TCE+N,N+TCE,neumonia + traumatismo craneo encefalico,28,2,0,"BO_1974_00036,BO_1974_00760,BO_1974_01075,BO_1974_01172,BO_1974_01425",Enfermedades del sistema respiratorio + Trauma
N+TCE,N+TCE,neumonia + traumatismo craneo encefalico,1,2,0,BO_1978_02477,Enfermedades del sistema respiratorio + Trauma
TC+N,N+TCer,neumonia + traumatismo cervico,2,2,0,"BO_1974_01551,BO_1974_02755",Enfermedades del sistema respiratorio + Trauma
TC+N+M,N+TCer,neumonia + traumatismo cervico,1,3,1,BO_1974_03060,Enfermedades del sistema respiratorio + Trauma
TCT+N,N+TCT,neumonia + traumatismo craneo torax,6,2,0,"BO_1974_01349,BO_1974_01486,BO_1975_02652,BO_1976_01763,BO_1978_03153",Enfermedades del sistema respiratorio + Trauma
TM+N,N+TM,neumonia + traumatismo multiple,14,2,0,"BO_1974_00598,BO_1974_01279,BO_1974_01393,BO_1974_01938,BO_1974_03383",Enfermedades del sistema respiratorio + Trauma
N+TM,N+TM,neumonia + traumatismo multiple,1,2,0,BO_1978_00276,Enfermedades del sistema respiratorio + Trauma
TMI+N,N+TMi,neumonia + traumatismo miembro,10,2,0,"BO_1974_00824,BO_1974_02967,BO_1974_04036,BO_1974_04182,BO_1975_02407",Enfermedades del sistema respiratorio + Trauma
N+TMI,N+TMi,neumonia + traumatismo miembro,4,2,0,"BO_1974_01642,BO_1974_02828,BO_1975_04280,BO_1979_05234",Enfermedades del sistema respiratorio + Trauma
TMI+n,N+TMi,neumonia + traumatismo miembro,1,2,0,BO_1977_01345,Enfermedades del sistema respiratorio + Trauma
TMsIs+N,N+TMiI,neumonia + traumatismo miembro inferior,1,2,0,BO_1976_04312,Enfermedades del sistema respiratorio + Trauma
TMsItS+N,N+TMiS,neumonia + traumatismo miembro superior,1,3,1,BO_1974_03334,Enfermedades del sistema respiratorio + Trauma
N+TP,N+TP,neumonia + traumatismo pelvis,1,2,0,BO_1974_00985,Enfermedades del sistema respiratorio + Trauma
TT+N,N+TT,neumonia + traumatismo torax,5,2,0,"BO_1974_00685,BO_1976_04005,BO_1977_05334,BO_1977_05620,BO_1977_05695",Enfermedades del sistema respiratorio + Trauma
Necrosis,Necro,necrosis,1,1,0,BO_1976_06846,Enfermedades de la piel y del tejido subcutáneo
Necrosis e I.,Necro,necrosis,1,2,1,BO_1976_06832,Enfermedades de la piel y del tejido subcutáneo
Necrosis no T,Necro+noT,necrosis + no traumatica,1,2,0,BO_1976_06799,Enfermedades de la piel y del tejido subcutáneo
No copias Xoco,NoCopia,no copias,12,1,0,"BO_1979_01325,BO_1979_01446,BO_1979_04453,BO_1979_04523,BO_1979_04525",
Villa,NoCopia,no copias,8,1,0,"BO_1979_02959,BO_1979_02961,BO_1979_03707,BO_1979_03712,BO_1979_04217",
No copias,NoCopia,no copias,3,1,0,"BO_1977_03010,BO_1977_04135,BO_1977_04212",
No copias xoco,NoCopia,no copias,3,1,0,"BO_1979_00376,BO_1979_01112,BO_1979_03563",
No copia Xoco,NoCopia,no copias,2,1,0,"BO_1979_02129,BO_1979_02164",
No Copias Xoco,NoCopia,no copias,2,1,0,"BO_1979_03208,BO_1979_05340",
No copias HTB,NoCopia,no copias,2,1,0,"BO_1979_05623,BO_1979_05624",
No copias Ba...,NoCopia,no copias,1,1,0,BO_1979_05431,
No se recibieron copias,NoCopia,no copias,1,1,0,BO_1979_06823,
No Copias HTB,NoCopia,no copias,1,1,0,BO_1979_00864,
No se recibieron,NoCopia,no copias,1,1,0,BO_1975_06695,
No envio copias HT XOCO,NoCopia,no copias,1,1,0,BO_1978_04083,
No copia,NoCopia,no copias,1,1,0,BO_1977_05795,
No envio copias CHT xoco,NoCopia,no copias,1,1,0,BO_1978_04779,
No envio copias Balbuena,NoCopia,no copias,1,1,0,BO_1979_05914,
No dictamen,NoCopia,no copias,1,1,0,BO_1978_02824,
no copias Xoco,NoCopia,no copias,1,1,0,BO_1979_04241,
Sin Copias XT XOCO,NoCopia,no copias,1,1,0,BO_1978_06452,
HTB No copias,NoCopia,no copias,1,1,0,BO_1979_00174,
MPnoT,noT,no traumatica,1,2,1,BO_1978_06028,
Perit no T,noT,no traumatica,1,2,1,BO_1974_03687,
CSGnoT,noT,no traumatica,1,2,1,BO_1979_06529,
Oclusion...,Oclusion,oclusion,1,1,0,BO_1977_07015,Enfermedades del sistema circulatorio
Osteomelitis,Osteomielitis,osteomielitis,2,1,0,"BO_1976_06788,BO_1979_07273",Enfermedades del sistema osteomuscular y del tejido conjuntivo
Ostiomielitis,Osteomielitis,osteomielitis,1,1,0,BO_1977_07041,Enfermedades del sistema osteomuscular y del tejido conjuntivo
Ostiomelitis Cron.,Osteomielitis,osteomielitis,1,1,0,BO_1977_07053,Enfermedades del sistema osteomuscular y del tejido conjuntivo
Osteomielitis,Osteomielitis,osteomielitis,1,1,0,BO_1977_07039,Enfermedades del sistema osteomuscular y del tejido conjuntivo
Pancreatitis,Pancrea,pancreatitis,51,1,0,"BO_1974_00161,BO_1974_01019,BO_1974_01848,BO_1974_04841,BO_1974_05009",Enfermedades del sistema digestivo
PANCREATITIS,Pancrea,pancreatitis,3,1,0,"BO_1974_02847,BO_1974_03067,BO_1974_03291",Enfermedades del sistema digestivo
PancreaT,Pancrea,pancreatitis,1,1,0,BO_1976_03385,Enfermedades del sistema digestivo
PancreaTi,Pancrea,pancreatitis,1,1,0,BO_1976_00211,Enfermedades del sistema digestivo
PancreaTiTis,Pancrea,pancreatitis,1,1,0,BO_1978_00519,Enfermedades del sistema digestivo
Pancopatitis (?),Pancrea,pancreatitis,1,1,0,BO_1976_05659,Enfermedades del sistema digestivo
Panccreatitis,Pancrea,pancreatitis,1,1,0,BO_1976_04305,Enfermedades del sistema digestivo
Pancretitis,Pancrea,pancreatitis,1,1,0,BO_1976_04446,Enfermedades del sistema digestivo
pancreatitis,Pancrea,pancreatitis,1,1,0,BO_1977_05168,Enfermedades del sistema digestivo
TCE Pancreat,Pancrea+TCE,pancreatitis + traumatismo craneo encefalico,1,2,0,BO_1975_03268,Enfermedades del sistema digestivo + Trauma
Parto Dis,PartoDis,parto distosico,1,1,0,BO_1976_04228,"Embarazo, parto y puerperio"
Parto Dis.,PartoDis,parto distosico,1,1,0,BO_1977_06923,"Embarazo, parto y puerperio"
Parto Distos,PartoDis,parto distosico,1,1,0,BO_1977_01155,"Embarazo, parto y puerperio"
EPB Comp De parto distosico,PartoDis,parto distosico,1,2,1,BO_1974_00672,"Embarazo, parto y puerperio"
TCE por parto distesico,PartoDis+TCE,parto distosico + traumatismo craneo encefalico,1,2,0,BO_1975_06484,"Embarazo, parto y puerperio + Trauma"
Per,PER,peritonitis o perforacion,14,1,0,"BO_1975_00086,BO_1975_01788,BO_1975_03706,BO_1975_03769,BO_1975_05513",Enfermedades del sistema digestivo
Peritonitis,PER,peritonitis o perforacion,5,1,0,"BO_1976_03090,BO_1978_02859,BO_1978_06560,BO_1978_06594,BO_1979_06566",Enfermedades del sistema digestivo
PER,PER,peritonitis o perforacion,4,1,0,"BO_1974_01677,BO_1974_04649,BO_1978_00335,BO_1978_01731",Enfermedades del sistema digestivo
Per x PerfVis,PER,peritonitis o perforacion,1,2,1,BO_1975_03450,Enfermedades del sistema digestivo
Per x arcasis,PER,peritonitis o perforacion,1,2,1,BO_1977_03210,Enfermedades del sistema digestivo
Per+Apendic,PER,peritonitis o perforacion,1,2,1,BO_1975_05212,Enfermedades del sistema digestivo
Per+Colecistitis,PER,peritonitis o perforacion,1,2,1,BO_1978_04706,Enfermedades del sistema digestivo
Per+HsPC,PER,peritonitis o perforacion,1,2,1,BO_1975_02097,Enfermedades del sistema digestivo
Per Tom,PER,peritonitis o perforacion,1,2,1,BO_1977_04184,Enfermedades del sistema digestivo
Per AsH,PER,peritonitis o perforacion,1,2,1,BO_1974_04971,Enfermedades del sistema digestivo
Per Post Tr,PER,peritonitis o perforacion,1,2,1,BO_1975_01610,Enfermedades del sistema digestivo
PER X RUP,PER,peritonitis o perforacion,1,2,1,BO_1974_03076,Enfermedades del sistema digestivo
PER PERF NOT,PER,peritonitis o perforacion,1,3,2,BO_1974_04441,Enfermedades del sistema digestivo
PERITONITIS,PER,peritonitis o perforacion,1,1,0,BO_1974_03581,Enfermedades del sistema digestivo
PERX APENDICITIS,PER,peritonitis o perforacion,1,2,1,BO_1974_04924,Enfermedades del sistema digestivo
TVulvoVaginaPel,PER,peritonitis o perforacion,1,2,1,BO_1979_04734,Enfermedades del sistema digestivo
Per+Perf es[...]go x inget east[...],PER,peritonitis o perforacion,1,4,3,BO_1975_04406,Enfermedades del sistema digestivo
PerxRH,PER,peritonitis o perforacion,1,2,1,BO_1974_04977,Enfermedades del sistema digestivo
Per+perf,PER,peritonitis o perforacion,1,2,1,BO_1974_03959,Enfermedades del sistema digestivo
PerEstVisHudca,PER,peritonitis o perforacion,1,4,3,BO_1975_01657,Enfermedades del sistema digestivo
Apendice Perforada + Pe,PER,peritonitis o perforacion,1,3,2,BO_1978_06226,Enfermedades del sistema digestivo
HEM PER,PER,peritonitis o perforacion,1,2,1,BO_1974_02182,Enfermedades del sistema digestivo
PER de TA,PER+_TA,peritonitis o perforacion + torax abdomen,1,2,0,BO_1978_01134,Enfermedades del sistema digestivo
Per no T,PER+noT,no traumatica + peritonitis o perforacion,1,2,0,BO_1975_04671,Enfermedades del sistema digestivo
Peritonitis no T,PER+noT,no traumatica + peritonitis o perforacion,1,2,0,BO_1979_00524,Enfermedades del sistema digestivo
Perf no T ileon+Per,PER+Perf,perforacion + peritonitis o perforacion,1,4,2,BO_1975_01770,Causas externas de morbilidad y de mortalidad + Enfermedades del sistema digestivo
Ret. Placenta Per.,PER+Placenta+Ret,peritonitis o perforacion + placenta + retencion,1,3,0,BO_1976_02331,"Embarazo, parto y puerperio + Enfermedades del sistema digestivo"
PN+Per,PER+PN,peritonitis o perforacion + pleuro pneumonia,2,2,0,"BO_1976_05002,BO_1978_04228",Enfermedades del sistema digestivo + Enfermedades del sistema respiratorio
PN+PER TA,PER+PN+TA,peritonitis o perforacion + pleuro pneumonia + traumatismo abdomen,1,3,0,BO_1978_02623,Enfermedades del sistema digestivo + Enfermedades del sistema respiratorio + Trauma
TA+PN y Per,PER+PN+TA,peritonitis o perforacion + pleuro pneumonia + traumatismo abdomen,1,3,0,BO_1975_01417,Enfermedades del sistema digestivo + Enfermedades del sistema respiratorio + Trauma
TCA+Per+PN,PER+PN+TAC,peritonitis o perforacion + pleuro pneumonia + traumatismo abdomen craneo,3,3,0,"BO_1975_02431,BO_1975_02502,BO_1975_02515",Enfermedades del sistema digestivo + Enfermedades del sistema respiratorio + Trauma
TAP+PN+PER,PER+PN+TAP,peritonitis o perforacion + pleuro pneumonia + traumatismo abdomen pelvis,1,3,0,BO_1974_01782,Enfermedades del sistema digestivo + Enfermedades del sistema respiratorio + Trauma
TM+PN+PER,PER+PN+TM,peritonitis o perforacion + pleuro pneumonia + traumatismo multiple,2,3,0,"BO_1974_01098,BO_1977_04034",Enfermedades del sistema digestivo + Enfermedades del sistema respiratorio + Trauma
PerxRetRe,PER+Ret,peritonitis o perforacion + retencion,1,3,1,BO_1976_02901,"Embarazo, parto y puerperio + Enfermedades del sistema digestivo"
S+Per,PER+Septi,peritonitis o perforacion + septicemia,1,2,0,BO_1975_05331,Ciertas enfermedades infecciosas y parasitarias + Enfermedades del sistema digestivo
S. Peritonitis,PER+Septi,peritonitis o perforacion + septicemia,1,2,0,BO_1976_00383,Ciertas enfermedades infecciosas y parasitarias + Enfermedades del sistema digestivo
SxUlcera Per,PER+Septi+Ulcera,peritonitis o perforacion + septicemia + ulcera,1,3,0,BO_1977_02028,Ciertas enfermedades infecciosas y parasitarias + Enfermedades del sistema digestivo
TA+Per,PER+TA,peritonitis o perforacion + traumatismo abdomen,19,2,0,"BO_1974_00452,BO_1975_01996,BO_1975_02446,BO_1975_02544,BO_1975_03141",Enfermedades del sistema digestivo + Trauma
TA+PER,PER+TA,peritonitis o perforacion + traumatismo abdomen,8,2,0,"BO_1974_00463,BO_1974_01322,BO_1974_02128,BO_1974_02479,BO_1974_02835",Enfermedades del sistema digestivo + Trauma
Per+TA,PER+TA,peritonitis o perforacion + traumatismo abdomen,1,2,0,BO_1978_03064,Enfermedades del sistema digestivo + Trauma
TCA+PER,PER+TAC,peritonitis o perforacion + traumatismo abdomen craneo,1,2,0,BO_1974_04060,Enfermedades del sistema digestivo + Trauma
TAP+Per,PER+TAP,peritonitis o perforacion + traumatismo abdomen pelvis,2,2,0,"BO_1976_04334,BO_1978_05396",Enfermedades del sistema digestivo + Trauma
TCE+PER,PER+TCE,peritonitis o perforacion + traumatismo craneo encefalico,2,2,0,"BO_1974_04353,BO_1974_04939",Enfermedades del sistema digestivo + Trauma
TM+Per,PER+TM,peritonitis o perforacion + traumatismo multiple,6,2,0,"BO_1975_01706,BO_1975_04462,BO_1976_00664,BO_1977_00927,BO_1977_02235",Enfermedades del sistema digestivo + Trauma
HTBTCM,PER+TM,peritonitis o perforacion + traumatismo multiple,1,2,0,BO_1979_04111,Enfermedades del sistema digestivo + Trauma
TP+Per,PER+TP,peritonitis o perforacion + traumatismo pelvis,2,2,0,"BO_1976_05370,BO_1977_04152",Enfermedades del sistema digestivo + Trauma
PerxT,PER+Trau,peritonitis o perforacion + traumatismo,2,2,0,"BO_1976_02304,BO_1977_03166",Enfermedades del sistema digestivo + Trauma
TTA+Per,PER+TTA,peritonitis o perforacion + traumatismo torax abdomen,1,2,0,BO_1974_01834,Enfermedades del sistema digestivo + Trauma
TTA+PER,PER+TTA,peritonitis o perforacion + traumatismo torax abdomen,1,2,0,BO_1978_04485,Enfermedades del sistema digestivo + Trauma
Ulcera+Per,PER+Ulcera,peritonitis o perforacion + ulcera,1,2,0,BO_1979_01613,Enfermedades del sistema digestivo
CS x Perforacion uterina,PER+Utero,peritonitis o perforacion + utero,1,3,1,BO_1978_04214,Enfermedades del sistema digestivo
Perf. de color,Perf,perforacion,1,2,1,BO_1976_00204,Causas externas de morbilidad y de mortalidad
Perf Uter Placent,Perf+Placenta+Utero,perforacion + placenta + utero,1,3,0,BO_1975_01230,Causas externas de morbilidad y de mortalidad
Cuadro Septico por Perf no T,Perf+Septi+noT,no traumatica + perforacion + septicemia,1,3,0,BO_1974_04061,Causas externas de morbilidad y de mortalidad + Ciertas enfermedades infecciosas y parasitarias
Rastro Placentaris,Placenta,placenta,1,2,1,BO_1976_06558,
Restos Placent,Placenta,placenta,1,2,1,BO_1975_06502,
RetPlac,Placenta+Ret,placenta + retencion,2,2,0,"BO_1977_00237,BO_1979_03736","Embarazo, parto y puerperio"
RPlacenta,Placenta+Ret,placenta + retencion,1,2,0,BO_1977_02967,"Embarazo, parto y puerperio"
Ret. Placent.,Placenta+Ret,placenta + retencion,1,2,0,BO_1977_05473,"Embarazo, parto y puerperio"
Retencion Placen,Placenta+Ret,placenta + retencion,1,2,0,BO_1974_00027,"Embarazo, parto y puerperio"
Placenta P.,PlaPrevia,placenta previa,1,1,0,BO_1977_05666,"Embarazo, parto y puerperio"
PN,PN,pleuro pneumonia,229,1,0,"BO_1974_00007,BO_1974_00099,BO_1974_00322,BO_1974_00383,BO_1974_01058",Enfermedades del sistema respiratorio
PN+,PN,pleuro pneumonia,3,1,0,"BO_1976_00715,BO_1976_02174,BO_1976_02631",Enfermedades del sistema respiratorio
Pn,PN,pleuro pneumonia,2,1,0,"BO_1975_06369,BO_1976_02423",Enfermedades del sistema respiratorio
PN+CR,PN,pleuro pneumonia,2,2,1,"BO_1974_04996,BO_1974_05002",Enfermedades del sistema respiratorio
PN+P,PN,pleuro pneumonia,2,2,1,"BO_1974_00398,BO_1974_04798",Enfermedades del sistema respiratorio
PN+TromPI,PN,pleuro pneumonia,1,3,2,BO_1976_01098,Enfermedades del sistema respiratorio
PN+UMI,PN,pleuro pneumonia,1,2,1,BO_1978_03139,Enfermedades del sistema respiratorio
PNEH,PN,pleuro pneumonia,1,2,1,BO_1976_05926,Enfermedades del sistema respiratorio
PL,PN,pleuro pneumonia,1,1,0,BO_1974_05471,Enfermedades del sistema respiratorio
PN ABSCESOS,PN,pleuro pneumonia,1,3,2,BO_1974_03485,Enfermedades del sistema respiratorio
PN+Pericardio,PN,pleuro pneumonia,1,2,1,BO_1974_03502,Enfermedades del sistema respiratorio
PN+SEPSIS,PN,pleuro pneumonia,1,2,1,BO_1978_04890,Enfermedades del sistema respiratorio
PN+EH,PN,pleuro pneumonia,1,2,1,BO_1975_00444,Enfermedades del sistema respiratorio
PN+De,PN,pleuro pneumonia,1,2,1,BO_1977_06152,Enfermedades del sistema respiratorio
PN+ENTCOLITIS,PN,pleuro pneumonia,1,2,1,BO_1974_01305,Enfermedades del sistema respiratorio
PN+INT,PN,pleuro pneumonia,1,2,1,BO_1974_01300,Enfermedades del sistema respiratorio
TCCerA+PN,PN,pleuro pneumonia,1,2,0,BO_1975_02422,Enfermedades del sistema respiratorio
T Ms Is + PN,PN,pleuro pneumonia,1,2,1,BO_1978_00148,Enfermedades del sistema respiratorio
ATTA+PN,PN,pleuro pneumonia,1,2,1,BO_1974_03380,Enfermedades del sistema respiratorio
IA+PN,PN,pleuro pneumonia,1,2,1,BO_1974_04164,Enfermedades del sistema respiratorio
Retencion Placentaria+PN,PN+Placenta+Ret,placenta + pleuro pneumonia + retencion,1,3,0,BO_1975_00103,"Embarazo, parto y puerperio + Enfermedades del sistema respiratorio"
Quem+PN,PN+Quem,pleuro pneumonia + quemaduras,25,2,0,"BO_1975_00365,BO_1975_01299,BO_1975_01827,BO_1975_04292,BO_1975_04312",Causas externas de morbilidad y de mortalidad + Enfermedades del sistema respiratorio
Quemaduras+PN,PN+Quem,pleuro pneumonia + quemaduras,3,2,0,"BO_1974_01121,BO_1974_01921,BO_1974_04039",Causas externas de morbilidad y de mortalidad + Enfermedades del sistema respiratorio
PN+Quemaduras,PN+Quem,pleuro pneumonia + quemaduras,2,2,0,"BO_1975_01546,BO_1975_02477",Causas externas de morbilidad y de mortalidad + Enfermedades del sistema respiratorio
PN+QUEMADURAS,PN+Quem,pleuro pneumonia + quemaduras,1,2,0,BO_1974_03728,Causas externas de morbilidad y de mortalidad + Enfermedades del sistema respiratorio
PN+Quem,PN+Quem,pleuro pneumonia + quemaduras,1,2,0,BO_1978_00986,Causas externas de morbilidad y de mortalidad + Enfermedades del sistema respiratorio
Quemaduras + PN,PN+Quem,pleuro pneumonia + quemaduras,1,2,0,BO_1974_00669,Causas externas de morbilidad y de mortalidad + Enfermedades del sistema respiratorio
QUEMADURAS+PN,PN+Quem,pleuro pneumonia + quemaduras,1,2,0,BO_1974_01432,Causas externas de morbilidad y de mortalidad + Enfermedades del sistema respiratorio
TA+PN,PN+TA,pleuro pneumonia + traumatismo abdomen,6,2,0,"BO_1974_00086,BO_1974_04138,BO_1975_00789,BO_1975_01076,BO_1977_04653",Enfermedades del sistema respiratorio + Trauma
TA+PN+P,PN+TA,pleuro pneumonia + traumatismo abdomen,2,3,1,"BO_1974_00830,BO_1974_01671",Enfermedades del sistema respiratorio + Trauma
PN+P+TA,PN+TA,pleuro pneumonia + traumatismo abdomen,1,3,1,BO_1974_02287,Enfermedades del sistema respiratorio + Trauma
PN+TA,PN+TA,pleuro pneumonia + traumatismo abdomen,1,2,0,BO_1974_00973,Enfermedades del sistema respiratorio + Trauma
TCA+PN,PN+TAC,pleuro pneumonia + traumatismo abdomen craneo,2,2,0,"BO_1974_02668,BO_1976_05053",Enfermedades del sistema respiratorio + Trauma
TCAP+PN,PN+TACP,pleuro pneumonia + traumatismo abdomen craneo pelvis,1,2,0,BO_1974_02238,Enfermedades del sistema respiratorio + Trauma
TAP+PN,PN+TAP,pleuro pneumonia + traumatismo abdomen pelvis,1,2,0,BO_1975_05198,Enfermedades del sistema respiratorio + Trauma
PN+TB,PN+TB,pleuro pneumonia + tuberculosis,12,2,0,"BO_1974_02016,BO_1974_02413,BO_1974_04025,BO_1974_04044,BO_1974_04520",Ciertas enfermedades infecciosas y parasitarias + Enfermedades del sistema respiratorio
PN+Tb,PN+TB,pleuro pneumonia + tuberculosis,1,2,0,BO_1978_01664,Ciertas enfermedades infecciosas y parasitarias + Enfermedades del sistema respiratorio
TCCerv+PN,PN+TCCer,pleuro pneumonia + traumatismo craneo cervico,2,2,0,"BO_1977_03050,BO_1977_04157",Enfermedades del sistema respiratorio + Trauma
TCC+PN,PN+TCCer,pleuro pneumonia + traumatismo craneo cervico,1,2,0,BO_1979_01329,Enfermedades del sistema respiratorio + Trauma
TCerMed+PN,PN+TCCerM,pleuro pneumonia + traumatismo craneo cervico medular,1,2,0,BO_1979_05852,Enfermedades del sistema respiratorio + Trauma
TCM+PN,PN+TCCerM,pleuro pneumonia + traumatismo craneo cervico medular,1,2,0,BO_1974_04167,Enfermedades del sistema respiratorio + Trauma
TCE+PN,PN+TCE,pleuro pneumonia + traumatismo craneo encefalico,82,2,0,"BO_1974_00298,BO_1974_00411,BO_1974_00595,BO_1974_00681,BO_1974_00745",Enfermedades del sistema respiratorio + Trauma
PN+TCE,PN+TCE,pleuro pneumonia + traumatismo craneo encefalico,4,2,0,"BO_1974_04241,BO_1977_03824,BO_1978_00357,BO_1978_04062",Enfermedades del sistema respiratorio + Trauma
TCE + PN,PN+TCE,pleuro pneumonia + traumatismo craneo encefalico,2,2,0,"BO_1979_03196,BO_1979_03205",Enfermedades del sistema respiratorio + Trauma
TC+PN,PN+TCer,pleuro pneumonia + traumatismo cervico,1,2,0,BO_1974_01845,Enfermedades del sistema respiratorio + Trauma
PL y TCP,PN+TCP,pleuro pneumonia + traumatismo craneo pelvis,1,2,0,BO_1974_04769,Enfermedades del sistema respiratorio + Trauma
TCP+PN,PN+TCP,pleuro pneumonia + traumatismo craneo pelvis,1,2,0,BO_1974_04501,Enfermedades del sistema respiratorio + Trauma
TCT+PN,PN+TCT,pleuro pneumonia + traumatismo craneo torax,8,2,0,"BO_1974_02526,BO_1974_03197,BO_1974_03297,BO_1974_03409,BO_1976_01100",Enfermedades del sistema respiratorio + Trauma
TM+PN,PN+TM,pleuro pneumonia + traumatismo multiple,54,2,0,"BO_1974_00356,BO_1974_00944,BO_1974_02118,BO_1974_02953,BO_1974_04637",Enfermedades del sistema respiratorio + Trauma
PN+TM,PN+TM,pleuro pneumonia + traumatismo multiple,3,2,0,"BO_1974_00079,BO_1974_01636,BO_1978_03454",Enfermedades del sistema respiratorio + Trauma
PnxTM,PN+TM,pleuro pneumonia + traumatismo multiple,1,2,0,BO_1977_01800,Enfermedades del sistema respiratorio + Trauma
TM + PN,PN+TM,pleuro pneumonia + traumatismo multiple,1,2,0,BO_1979_03147,Enfermedades del sistema respiratorio + Trauma
TM+PN-,PN+TM,pleuro pneumonia + traumatismo multiple,1,2,0,BO_1978_02679,Enfermedades del sistema respiratorio + Trauma
TMI+PN,PN+TMi,pleuro pneumonia + traumatismo miembro,20,2,0,"BO_1974_01989,BO_1974_02951,BO_1974_03224,BO_1974_04248,BO_1974_04309",Enfermedades del sistema respiratorio + Trauma
PN+TMI,PN+TMi,pleuro pneumonia + traumatismo miembro,4,2,0,"BO_1974_01620,BO_1974_02096,BO_1974_03204,BO_1975_00156",Enfermedades del sistema respiratorio + Trauma
TMsIs+PN,PN+TMiI,pleuro pneumonia + traumatismo miembro inferior,1,2,0,BO_1979_00445,Enfermedades del sistema respiratorio + Trauma
PN+TMS,PN+TMiS,pleuro pneumonia + traumatismo miembro superior,1,2,0,BO_1974_03482,Enfermedades del sistema respiratorio + Trauma
TP+PN,PN+TP,pleuro pneumonia + traumatismo pelvis,4,2,0,"BO_1974_00214,BO_1974_01119,BO_1974_02076,BO_1974_02664",Enfermedades del sistema respiratorio + Trauma
TRaq+PN,PN+TRaq,pleuro pneumonia + traumatismo raqui,1,2,0,BO_1978_03636,Enfermedades del sistema respiratorio + Trauma
TRM+PN,PN+TRM,pleuro pneumonia + traumatismo raqui medular torax,1,2,0,BO_1979_02229,Enfermedades del sistema respiratorio + Trauma
TT+PN,PN+TT,pleuro pneumonia + traumatismo torax,10,2,0,"BO_1974_00017,BO_1974_01544,BO_1974_02452,BO_1974_03775,BO_1975_00729",Enfermedades del sistema respiratorio + Trauma
PN+TT,PN+TT,pleuro pneumonia + traumatismo torax,2,2,0,"BO_1974_00779,BO_1979_05412",Enfermedades del sistema respiratorio + Trauma
TT + PN,PN+TT,pleuro pneumonia + traumatismo torax,1,2,0,BO_1974_00159,Enfermedades del sistema respiratorio + Trauma
TTE+PN,PN+TT,pleuro pneumonia + traumatismo torax,1,3,1,BO_1979_03975,Enfermedades del sistema respiratorio + Trauma
TTA+PN,PN+TTA,pleuro pneumonia + traumatismo torax abdomen,3,2,0,"BO_1974_03918,BO_1976_01356,BO_1977_05029",Enfermedades del sistema respiratorio + Trauma
PN+TTA,PN+TTA,pleuro pneumonia + traumatismo torax abdomen,1,2,0,BO_1978_02043,Enfermedades del sistema respiratorio + Trauma
TTP+PN,PN+TTP,pleuro pneumonia + traumatismo torax pelvis,1,2,0,BO_1976_03883,Enfermedades del sistema respiratorio + Trauma
PBNoT+EH,PNNT,pleuro pneumonia no traumatica,1,2,1,BO_1979_05067,Enfermedades del sistema respiratorio
PBNT,PNNT,pleuro pneumonia no traumatica,1,1,0,BO_1978_00518,Enfermedades del sistema respiratorio
PB no To,PNNT,pleuro pneumonia no traumatica,1,1,0,BO_1978_00138,Enfermedades del sistema respiratorio
PostP,PostParto,postparto,1,1,0,BO_1977_00859,"Embarazo, parto y puerperio"
AXASPPOST PART,PostParto,postparto,1,2,1,BO_1974_05704,"Embarazo, parto y puerperio"
Inflamacion Pulmonar,Pul,pulmon,1,2,1,BO_1977_02702,
Inm Pulmonar,Pul,pulmon,1,2,1,BO_1978_05582,
Atelectacia Pulmonar,Pul,pulmon,1,2,1,BO_1975_06507,
Atelectasia P,Pul,pulmon,1,2,1,BO_1975_06663,
EmboliaPulmona,Pul,pulmon,1,2,1,BO_1975_03844,
E.Pulmonar,Pul,pulmon,1,2,1,BO_1976_06761,
Colapso Pulmonar,Pul,pulmon,1,2,1,BO_1979_01068,
Rup Arteria Pulmonar,Pul+Rup,pulmon + ruptura,1,3,1,BO_1977_01825,Causas externas de morbilidad y de mortalidad
Homopetic x rup de art Pulmonar no T,Pul+Rup+noT,no traumatica + pulmon + ruptura,1,5,2,BO_1975_01645,Causas externas de morbilidad y de mortalidad
TBP,Pul+TB,pulmon + tuberculosis,2,2,0,"BO_1979_04560,BO_1979_06028",Ciertas enfermedades infecciosas y parasitarias
TBPulmones,Pul+TB,pulmon + tuberculosis,1,2,0,BO_1975_04329,Ciertas enfermedades infecciosas y parasitarias
Trombo+Pul,Pul+Trombo,pulmon + trombosis,1,2,0,BO_1979_01425,Enfermedades del sistema circulatorio
Quemaduras,Quem,quemaduras,697,1,0,"BO_1974_00034,BO_1974_00051,BO_1974_00089,BO_1974_00116,BO_1974_00119",Causas externas de morbilidad y de mortalidad
Quem+,Quem,quemaduras,29,1,0,"BO_1975_00322,BO_1975_00337,BO_1975_00338,BO_1975_00418,BO_1975_00537",Causas externas de morbilidad y de mortalidad
Quem,Quem,quemaduras,25,1,0,"BO_1975_00929,BO_1975_01554,BO_1975_02056,BO_1975_03861,BO_1976_00700",Causas externas de morbilidad y de mortalidad
QUemaduras,Quem,quemaduras,25,1,0,"BO_1974_02542,BO_1974_03029,BO_1974_03110,BO_1974_03190,BO_1974_03191",Causas externas de morbilidad y de mortalidad
QUEMADURAS,Quem,quemaduras,19,1,0,"BO_1974_01268,BO_1974_01363,BO_1974_01389,BO_1974_01414,BO_1974_01419",Causas externas de morbilidad y de mortalidad
Quemadura,Quem,quemaduras,9,1,0,"BO_1976_00276,BO_1976_00446,BO_1976_00457,BO_1976_00494,BO_1976_00568",Causas externas de morbilidad y de mortalidad
QUEMAduras,Quem,quemaduras,4,1,0,"BO_1975_02950,BO_1975_04009,BO_1975_04036,BO_1975_04338",Causas externas de morbilidad y de mortalidad
Quem +,Quem,quemaduras,2,1,0,"BO_1976_00582,BO_1976_00662",Causas externas de morbilidad y de mortalidad
QUEmaduras,Quem,quemaduras,2,1,0,"BO_1974_01068,BO_1974_01081",Causas externas de morbilidad y de mortalidad
Quem+BM,Quem,quemaduras,2,2,1,"BO_1976_05513,BO_1979_02732",Causas externas de morbilidad y de mortalidad
Quem.,Quem,quemaduras,2,1,0,"BO_1977_05624,BO_1977_07081",Causas externas de morbilidad y de mortalidad
Quem+P,Quem,quemaduras,2,2,1,"BO_1975_03445,BO_1976_04066",Causas externas de morbilidad y de mortalidad
PI Quemaduras,Quem,quemaduras,1,2,1,BO_1978_01829,Causas externas de morbilidad y de mortalidad
Quem+IPs,Quem,quemaduras,1,2,1,BO_1975_00366,Causas externas de morbilidad y de mortalidad
Quem+EE,Quem,quemaduras,1,2,1,BO_1975_03908,Causas externas de morbilidad y de mortalidad
Quem+EM,Quem,quemaduras,1,2,1,BO_1978_02568,Causas externas de morbilidad y de mortalidad
Quem+EV,Quem,quemaduras,1,2,1,BO_1978_01901,Causas externas de morbilidad y de mortalidad
Quem+IResp,Quem,quemaduras,1,2,1,BO_1978_04647,Causas externas de morbilidad y de mortalidad
Quem+E,Quem,quemaduras,1,2,1,BO_1975_00632,Causas externas de morbilidad y de mortalidad
Quem+SHS,Quem,quemaduras,1,2,1,BO_1977_00294,Causas externas de morbilidad y de mortalidad
Quem+BBN,Quem,quemaduras,1,2,1,BO_1978_04419,Causas externas de morbilidad y de mortalidad
Quem+CC,Quem,quemaduras,1,2,1,BO_1979_00689,Causas externas de morbilidad y de mortalidad
Quem+CG,Quem,quemaduras,1,2,1,BO_1978_01166,Causas externas de morbilidad y de mortalidad
Quem+CS,Quem,quemaduras,1,2,1,BO_1978_01427,Causas externas de morbilidad y de mortalidad
Quem+CSG,Quem,quemaduras,1,2,1,BO_1978_03469,Causas externas de morbilidad y de mortalidad
Quem+Shock,Quem,quemaduras,1,2,1,BO_1979_04801,Causas externas de morbilidad y de mortalidad
Quemaduras No,Quem,quemaduras,1,2,1,BO_1978_04273,Causas externas de morbilidad y de mortalidad
Quemaduras del Tubo digestiv,Quem,quemaduras,1,2,1,BO_1978_01678,Causas externas de morbilidad y de mortalidad
Quem+A,Quem,quemaduras,1,2,1,BO_1978_06749,Causas externas de morbilidad y de mortalidad
Quem+ Quen,Quem,quemaduras,1,2,1,BO_1978_01887,Causas externas de morbilidad y de mortalidad
Queamaduras,Quem,quemaduras,1,1,0,BO_1974_00280,Causas externas de morbilidad y de mortalidad
Quem (carbonizacion),Quem,quemaduras,1,2,1,BO_1975_05698,Causas externas de morbilidad y de mortalidad
CSxQuem,Quem,quemaduras,1,2,1,BO_1979_03492,Causas externas de morbilidad y de mortalidad
CS+Quem,Quem,quemaduras,1,2,1,BO_1978_05686,Causas externas de morbilidad y de mortalidad
CS+Quemaduras,Quem,quemaduras,1,2,1,BO_1975_01781,Causas externas de morbilidad y de mortalidad
BNEP+Quem,Quem,quemaduras,1,2,1,BO_1978_02474,Causas externas de morbilidad y de mortalidad
"""Quemaduras",Quem,quemaduras,1,1,0,BO_1978_00463,Causas externas de morbilidad y de mortalidad
IA+Quemaduras,Quem,quemaduras,1,2,1,BO_1974_05271,Causas externas de morbilidad y de mortalidad
Quem+S,Quem+Septi,quemaduras + septicemia,13,2,0,"BO_1975_03188,BO_1975_04924,BO_1977_01054,BO_1977_02499,BO_1978_01320",Causas externas de morbilidad y de mortalidad + Ciertas enfermedades infecciosas y parasitarias
Quemaduras+S,Quem+Septi,quemaduras + septicemia,1,2,0,BO_1977_02598,Causas externas de morbilidad y de mortalidad + Ciertas enfermedades infecciosas y parasitarias
S+Quem elec,Quem+Septi,quemaduras + septicemia,1,3,1,BO_1975_04878,Causas externas de morbilidad y de mortalidad + Ciertas enfermedades infecciosas y parasitarias
TCE+Quem,Quem+TCE,quemaduras + traumatismo craneo encefalico,3,2,0,"BO_1975_04822,BO_1978_02412,BO_1979_04129",Causas externas de morbilidad y de mortalidad + Trauma
TCE+Quemaduras,Quem+TCE,quemaduras + traumatismo craneo encefalico,1,2,0,BO_1974_04183,Causas externas de morbilidad y de mortalidad + Trauma
TCE y Quem,Quem+TCE,quemaduras + traumatismo craneo encefalico,1,2,0,BO_1977_00463,Causas externas de morbilidad y de mortalidad + Trauma
TCT+Quem,Quem+TCT,quemaduras + traumatismo craneo torax,1,2,0,BO_1975_03072,Causas externas de morbilidad y de mortalidad + Trauma
TM+Quem,Quem+TM,quemaduras + traumatismo multiple,2,2,0,"BO_1975_03171,BO_1976_02718",Causas externas de morbilidad y de mortalidad + Trauma
TT+Quem,Quem+TT,quemaduras + traumatismo torax,1,2,0,BO_1975_01033,Causas externas de morbilidad y de mortalidad + Trauma
TCerRaquidea,Raqui,raqui,1,2,1,BO_1976_01778,
TCTyRaq,Raqui+TCT,raqui + traumatismo craneo torax,1,2,0,BO_1976_03232,Trauma
To Raquis,Raqui+Trau,raqui + traumatismo,1,2,0,BO_1978_00771,Trauma
SxresecRecTal,Rectal+Septi,rectal + septicemia,1,3,1,BO_1976_03102,Ciertas enfermedades infecciosas y parasitarias
SxT Rectal,Rectal+Septi+Trau,rectal + septicemia + traumatismo,1,3,0,BO_1974_00802,Ciertas enfermedades infecciosas y parasitarias + Trauma
T RECTAL+S,Rectal+Septi+Trau,rectal + septicemia + traumatismo,1,3,0,BO_1974_02308,Ciertas enfermedades infecciosas y parasitarias + Trauma
RotRestPla,Ret,retencion,1,3,2,BO_1975_04460,"Embarazo, parto y puerperio"
Ruptura,Rup,ruptura,1,1,0,BO_1976_01276,Causas externas de morbilidad y de mortalidad
Rep Uterino,Rup+Utero,ruptura + utero,1,2,0,BO_1977_01775,Causas externas de morbilidad y de mortalidad
Rup Uterina,Rup+Utero,ruptura + utero,1,2,0,BO_1974_02973,Causas externas de morbilidad y de mortalidad
S-D,S-D,sin datos,55878,1,0,"BO_1968_00001,BO_1968_00002,BO_1968_00003,BO_1968_00004,BO_1968_00005",
?,S-D,sin datos,6,1,0,"BO_1974_01398,BO_1974_02159,BO_1974_03575,BO_1975_00732,BO_1975_03778",
??,S-D,sin datos,6,1,0,"BO_1975_01030,BO_1975_02308,BO_1975_03009,BO_1975_03460,BO_1975_03461",
Diagnostico no se ve completo,S-D,sin datos,2,1,0,"BO_1975_06746,BO_1975_06747",
S-d,S-D,sin datos,2,1,0,"BO_1977_00523,BO_1977_02055",
-,S-D,sin datos,2,1,0,"BO_1974_00215,BO_1977_03301",
[Ilegible],S-D,sin datos,2,1,0,"BO_1974_00410,BO_1974_00417",
S.d,S-D,sin datos,1,1,0,BO_1979_05240,
Historia Clinica 6,S-D,sin datos,1,1,0,BO_1978_02702,
"""No Exp""",S-D,sin datos,1,1,0,BO_1977_04275,
S,Septi,septicemia,31,1,0,"BO_1974_01055,BO_1975_02129,BO_1975_04603,BO_1976_00259,BO_1976_00538",Ciertas enfermedades infecciosas y parasitarias
Septicemia,Septi,septicemia,6,1,0,"BO_1975_02473,BO_1975_02982,BO_1975_03134,BO_1975_04857,BO_1976_04821",Ciertas enfermedades infecciosas y parasitarias
TR+S,Septi,septicemia,1,2,1,BO_1979_04630,Ciertas enfermedades infecciosas y parasitarias
ano Imperforado + Septicemia,Septi,septicemia,1,2,1,BO_1978_03167,Ciertas enfermedades infecciosas y parasitarias
Quema+S,Septi,septicemia,1,2,1,BO_1978_00449,Ciertas enfermedades infecciosas y parasitarias
SxIntQuir,Septi,septicemia,1,3,2,BO_1978_00349,Ciertas enfermedades infecciosas y parasitarias
SxMPA,Septi,septicemia,1,2,1,BO_1979_04833,Ciertas enfermedades infecciosas y parasitarias
SxCuadro de obs Sigmoides,Septi,septicemia,1,3,2,BO_1974_03088,Ciertas enfermedades infecciosas y parasitarias
Septic,Septi,septicemia,1,1,0,BO_1977_00069,Ciertas enfermedades infecciosas y parasitarias
Septicernia,Septi,septicemia,1,1,0,BO_1976_06401,Ciertas enfermedades infecciosas y parasitarias
Septiemia,Septi,septicemia,1,1,0,BO_1975_00212,Ciertas enfermedades infecciosas y parasitarias
SxChancroBlanco,Septi,septicemia,1,2,1,BO_1976_04817,Ciertas enfermedades infecciosas y parasitarias
Sx PERFORACION DEL COLON,Septi,septicemia,1,3,2,BO_1978_00317,Ciertas enfermedades infecciosas y parasitarias
Sept,Septi,septicemia,1,1,0,BO_1977_00999,Ciertas enfermedades infecciosas y parasitarias
Sep,Septi,septicemia,1,1,0,BO_1978_04389,Ciertas enfermedades infecciosas y parasitarias
S Mixto,Septi,septicemia,1,2,1,BO_1977_02873,Ciertas enfermedades infecciosas y parasitarias
S+FRACMIS,Septi,septicemia,1,2,1,BO_1974_02237,Ciertas enfermedades infecciosas y parasitarias
S+Lesiones,Septi,septicemia,1,2,1,BO_1976_00289,Ciertas enfermedades infecciosas y parasitarias
S+OC.I,Septi,septicemia,1,3,2,BO_1977_06417,Ciertas enfermedades infecciosas y parasitarias
S.,Septi,septicemia,1,1,0,BO_1976_03991,Ciertas enfermedades infecciosas y parasitarias
Apendicitis+S+H,Septi,septicemia,1,3,2,BO_1974_00619,Ciertas enfermedades infecciosas y parasitarias
HPAFPC+,Septi,septicemia,1,3,2,BO_1978_00113,Ciertas enfermedades infecciosas y parasitarias
HPAFPAR+S,Septi,septicemia,1,2,1,BO_1975_00666,Ciertas enfermedades infecciosas y parasitarias
Estonosis eso + septicemia,Septi,septicemia,1,2,1,BO_1974_01146,Ciertas enfermedades infecciosas y parasitarias
Choque Septico,Septi,septicemia,1,2,1,BO_1977_01812,Ciertas enfermedades infecciosas y parasitarias
S no T,Septi+noT,no traumatica + septicemia,1,2,0,BO_1974_04663,Ciertas enfermedades infecciosas y parasitarias
S no TxP,Septi+noT,no traumatica + septicemia,1,3,1,BO_1974_02704,Ciertas enfermedades infecciosas y parasitarias
TA+S,Septi+TA,septicemia + traumatismo abdomen,30,2,0,"BO_1974_01052,BO_1974_01189,BO_1974_02619,BO_1975_00840,BO_1975_02041",Ciertas enfermedades infecciosas y parasitarias + Trauma
S+TA,Septi+TA,septicemia + traumatismo abdomen,1,2,0,BO_1978_04545,Ciertas enfermedades infecciosas y parasitarias + Trauma
TCA+S,Septi+TAC,septicemia + traumatismo abdomen craneo,5,2,0,"BO_1979_02004,BO_1979_02077,BO_1979_02105,BO_1979_04011,BO_1979_04040",Ciertas enfermedades infecciosas y parasitarias + Trauma
TCAP+S,Septi+TACP,septicemia + traumatismo abdomen craneo pelvis,1,2,0,BO_1974_02368,Ciertas enfermedades infecciosas y parasitarias + Trauma
TAP+S,Septi+TAP,septicemia + traumatismo abdomen pelvis,3,2,0,"BO_1974_00773,BO_1977_03737,BO_1978_03170",Ciertas enfermedades infecciosas y parasitarias + Trauma
TCCer+S,Septi+TCCer,septicemia + traumatismo craneo cervico,2,2,0,"BO_1976_01433,BO_1978_02706",Ciertas enfermedades infecciosas y parasitarias + Trauma
TCCerv+S,Septi+TCCer,septicemia + traumatismo craneo cervico,1,2,0,BO_1975_01830,Ciertas enfermedades infecciosas y parasitarias + Trauma
T Cerv Med + S,Septi+TCCerM,septicemia + traumatismo craneo cervico medular,1,2,0,BO_1979_03095,Ciertas enfermedades infecciosas y parasitarias + Trauma
TCE+S,Septi+TCE,septicemia + traumatismo craneo encefalico,9,2,0,"BO_1974_02609,BO_1975_03071,BO_1976_03311,BO_1977_04433,BO_1977_05578",Ciertas enfermedades infecciosas y parasitarias + Trauma
S+TCE,Septi+TCE,septicemia + traumatismo craneo encefalico,1,2,0,BO_1978_05452,Ciertas enfermedades infecciosas y parasitarias + Trauma
TC+S,Septi+TCer,septicemia + traumatismo cervico,1,2,0,BO_1978_03362,Ciertas enfermedades infecciosas y parasitarias + Trauma
TCeri+S,Septi+TCer,septicemia + traumatismo cervico,1,3,1,BO_1979_00417,Ciertas enfermedades infecciosas y parasitarias + Trauma
TCCerM+T+S,Septi+TCerMT,septicemia + traumatismo cervico medular torax,1,2,0,BO_1975_04008,Ciertas enfermedades infecciosas y parasitarias + Trauma
TCT+S,Septi+TCT,septicemia + traumatismo craneo torax,1,2,0,BO_1977_01692,Ciertas enfermedades infecciosas y parasitarias + Trauma
TCTA+S,Septi+TCTA,septicemia + traumatismo craneo torax abdomen,1,2,0,BO_1975_02089,Ciertas enfermedades infecciosas y parasitarias + Trauma
TM+S,Septi+TM,septicemia + traumatismo multiple,37,2,0,"BO_1974_02980,BO_1974_04479,BO_1975_00987,BO_1975_04438,BO_1975_04946",Ciertas enfermedades infecciosas y parasitarias + Trauma
S+TM,Septi+TM,septicemia + traumatismo multiple,2,2,0,"BO_1978_00289,BO_1978_00809",Ciertas enfermedades infecciosas y parasitarias + Trauma
TM+ S,Septi+TM,septicemia + traumatismo multiple,1,2,0,BO_1978_00233,Ciertas enfermedades infecciosas y parasitarias + Trauma
T M + S,Septi+TM,septicemia + traumatismo multiple,1,2,0,BO_1979_00171,Ciertas enfermedades infecciosas y parasitarias + Trauma
TMI+S,Septi+TMi,septicemia + traumatismo miembro,18,2,0,"BO_1974_01878,BO_1974_02001,BO_1974_02550,BO_1975_01263,BO_1975_01912",Ciertas enfermedades infecciosas y parasitarias + Trauma
TMI +S,Septi+TMi,septicemia + traumatismo miembro,1,2,0,BO_1978_00120,Ciertas enfermedades infecciosas y parasitarias + Trauma
SxTMI,Septi+TMi,septicemia + traumatismo miembro,1,2,0,BO_1975_00925,Ciertas enfermedades infecciosas y parasitarias + Trauma
S+TMI,Septi+TMi,septicemia + traumatismo miembro,1,2,0,BO_1978_05665,Ciertas enfermedades infecciosas y parasitarias + Trauma
TMsIs+S,Septi+TMiI,septicemia + traumatismo miembro inferior,2,2,0,"BO_1976_01387,BO_1978_05573",Ciertas enfermedades infecciosas y parasitarias + Trauma
TMs+S,Septi+TMiS,septicemia + traumatismo miembro superior,1,2,0,BO_1975_04453,Ciertas enfermedades infecciosas y parasitarias + Trauma
TP+S,Septi+TP,septicemia + traumatismo pelvis,5,2,0,"BO_1978_00803,BO_1979_01662,BO_1979_01748,BO_1979_03874,BO_1979_05232",Ciertas enfermedades infecciosas y parasitarias + Trauma
TP + S,Septi+TP,septicemia + traumatismo pelvis,1,2,0,BO_1977_00476,Ciertas enfermedades infecciosas y parasitarias + Trauma
SxT,Septi+Trau,septicemia + traumatismo,1,2,0,BO_1977_04272,Ciertas enfermedades infecciosas y parasitarias + Trauma
TTA+S,Septi+TTA,septicemia + traumatismo torax abdomen,6,2,0,"BO_1974_00010,BO_1974_01773,BO_1975_01187,BO_1975_01399,BO_1976_01113",Ciertas enfermedades infecciosas y parasitarias + Trauma
SH,SH,shock,2,1,0,"BO_1976_02852,BO_1977_00533",
SHxMordeduras de Roedor,SH,shock,1,2,1,BO_1975_02952,
SH+EmbTub,SH,shock,1,2,1,BO_1978_04875,
SH. Hip.,SH,shock,1,2,1,BO_1977_05416,
SH+S,SH+Septi,septicemia + shock,1,2,0,BO_1974_02084,Ciertas enfermedades infecciosas y parasitarias
TA+SH,SH+TA,shock + traumatismo abdomen,1,2,0,BO_1974_03286,Trauma
TCE+SH,SH+TCE,shock + traumatismo craneo encefalico,1,2,0,BO_1978_01191,Trauma
TM+SH,SH+TM,shock + traumatismo multiple,6,2,0,"BO_1974_00797,BO_1976_00887,BO_1976_04177,BO_1978_02309,BO_1979_00588",Trauma
SH+TM,SH+TM,shock + traumatismo multiple,2,2,0,"BO_1974_05711,BO_1974_05712",Trauma
TMI+SH,SH+TMi,shock + traumatismo miembro,6,2,0,"BO_1975_00496,BO_1975_01480,BO_1977_04553,BO_1978_01879,BO_1978_02802",Trauma
SHinfecxTMI,SH+TMi,shock + traumatismo miembro,1,3,1,BO_1974_02069,Trauma
TMsIs+SH,SH+TMiI,shock + traumatismo miembro inferior,1,2,0,BO_1979_05479,Trauma
SHHP,SHHV,shock hipovolemico,1,1,0,BO_1976_02237,
SHHV+,SHHV,shock hipovolemico,1,1,0,BO_1976_04862,
SHHV+TA,SHHV+TA,shock hipovolemico + traumatismo abdomen,1,2,0,BO_1975_05919,Trauma
SHHV+TMI,SHHV+TMi,shock hipovolemico + traumatismo miembro,1,2,0,BO_1976_00397,Trauma
SHHVxT,SHHV+Trau,shock hipovolemico + traumatismo,1,2,0,BO_1975_02743,Trauma
TA,TA,traumatismo abdomen,260,1,0,"BO_1974_00186,BO_1974_00222,BO_1974_00226,BO_1974_00303,BO_1974_00625",Trauma
TA+,TA,traumatismo abdomen,3,1,0,"BO_1976_01871,BO_1976_02748,BO_1976_02849",Trauma
TA+P,TA,traumatismo abdomen,3,2,1,"BO_1974_02439,BO_1974_03701,BO_1978_01237",Trauma
P de TA,TA,traumatismo abdomen,1,2,1,BO_1974_02860,Trauma
OxTA,TA,traumatismo abdomen,1,2,1,BO_1976_06838,Trauma
TA+Ms+Is,TA,traumatismo abdomen,1,2,1,BO_1977_02719,Trauma
TA+MsIns,TA,traumatismo abdomen,1,2,1,BO_1975_02917,Trauma
TA+Pe,TA,traumatismo abdomen,1,2,1,BO_1976_01653,Trauma
TA Per,TA,traumatismo abdomen,1,2,1,BO_1975_05319,Trauma
TA y Cerv,TA,traumatismo abdomen,1,2,1,BO_1978_00582,Trauma
TA y HI,TA,traumatismo abdomen,1,2,1,BO_1977_04405,Trauma
TA+CS,TA,traumatismo abdomen,1,2,1,BO_1976_01026,Trauma
TA+PernoT,TA,traumatismo abdomen,1,2,1,BO_1978_02776,Trauma
TA+TMP,TA,traumatismo abdomen,1,2,1,BO_1979_03582,Trauma
TANoT,TA,traumatismo abdomen,1,2,1,BO_1979_05120,Trauma
CS+TA,TA,traumatismo abdomen,1,2,1,BO_1975_02738,Trauma
TA+TMsIs,TA+TMiI,traumatismo abdomen + traumatismo miembro inferior,1,2,0,BO_1975_00378,Trauma
TCA,TAC,traumatismo abdomen craneo,281,1,0,"BO_1974_00351,BO_1974_00676,BO_1974_00697,BO_1974_00881,BO_1974_00933",Trauma
TCA+,TAC,traumatismo abdomen craneo,2,1,0,"BO_1976_02159,BO_1976_04357",Trauma
TCA+CSep,TAC,traumatismo abdomen craneo,1,2,1,BO_1975_05301,Trauma
TCAP,TACP,traumatismo abdomen craneo pelvis,32,1,0,"BO_1974_00614,BO_1974_00827,BO_1974_01767,BO_1974_01976,BO_1974_02385",Trauma
TCAP+,TACP,traumatismo abdomen craneo pelvis,1,1,0,BO_1975_05613,Trauma
TMI+A,TAM,traumatismo abdomen miembro,1,1,0,BO_1974_02554,Trauma
TAP,TAP,traumatismo abdomen pelvis,135,1,0,"BO_1974_00251,BO_1974_00284,BO_1974_00423,BO_1974_00751,BO_1974_00930",Trauma
TPA,TAP,traumatismo abdomen pelvis,4,1,0,"BO_1974_03034,BO_1977_02738,BO_1978_04931,BO_1979_04026",Trauma
TAPyMsInEs,TAP,traumatismo abdomen pelvis,2,2,1,"BO_1975_00587,BO_1975_00652",Trauma
P+TAP,TAP,traumatismo abdomen pelvis,1,2,1,BO_1978_03995,Trauma
TAP+,TAP,traumatismo abdomen pelvis,1,1,0,BO_1976_01675,Trauma
TAP+CS,TAP,traumatismo abdomen pelvis,1,2,1,BO_1974_01864,Trauma
TAP+MS,TAP,traumatismo abdomen pelvis,1,2,1,BO_1974_03104,Trauma
TAP+Ms,TAP,traumatismo abdomen pelvis,1,2,1,BO_1975_03692,Trauma
TAP+P,TAP,traumatismo abdomen pelvis,1,2,1,BO_1975_01968,Trauma
TAP+TMI,TAP+TMi,traumatismo abdomen pelvis + traumatismo miembro,1,2,0,BO_1978_01593,Trauma
TB,TB,tuberculosis,186,1,0,"BO_1974_00049,BO_1974_00149,BO_1974_00743,BO_1974_01304,BO_1974_01408",Ciertas enfermedades infecciosas y parasitarias
Tb,TB,tuberculosis,17,1,0,"BO_1975_03826,BO_1975_06343,BO_1976_01282,BO_1976_02480,BO_1976_03846",Ciertas enfermedades infecciosas y parasitarias
P+TB,TB,tuberculosis,1,2,1,BO_1974_04153,Ciertas enfermedades infecciosas y parasitarias
Tb+AAxAE,TB,tuberculosis,1,2,1,BO_1978_04942,Ciertas enfermedades infecciosas y parasitarias
Tbuco-Cerv,TB,tuberculosis,1,2,1,BO_1975_04419,Ciertas enfermedades infecciosas y parasitarias
TBE+T,TB,tuberculosis,1,3,2,BO_1975_05758,Ciertas enfermedades infecciosas y parasitarias
TBF,TB,tuberculosis,1,2,1,BO_1977_06707,Ciertas enfermedades infecciosas y parasitarias
TBT,TB,tuberculosis,1,1,0,BO_1979_01156,Ciertas enfermedades infecciosas y parasitarias
TB+Hemoptisis,TB,tuberculosis,1,2,1,BO_1974_01016,Ciertas enfermedades infecciosas y parasitarias
CREP+TB,TB,tuberculosis,1,2,1,BO_1974_02549,Ciertas enfermedades infecciosas y parasitarias
Br+TB,TB,tuberculosis,1,2,1,BO_1974_03872,Ciertas enfermedades infecciosas y parasitarias
Tb+TCE,TB+TCE,traumatismo craneo encefalico + tuberculosis,1,2,0,BO_1978_04104,Ciertas enfermedades infecciosas y parasitarias + Trauma
TCE+TB,TB+TCE,traumatismo craneo encefalico + tuberculosis,1,2,0,BO_1976_02118,Ciertas enfermedades infecciosas y parasitarias + Trauma
TCECA+TB,TB+TCE+_CA,craneo abdomen + traumatismo craneo encefalico + tuberculosis,1,3,0,BO_1975_03511,Ciertas enfermedades infecciosas y parasitarias + Trauma
TMI+TB,TB+TMi,traumatismo miembro + tuberculosis,1,2,0,BO_1978_04474,Ciertas enfermedades infecciosas y parasitarias + Trauma
TP+TB,TB+TP,traumatismo pelvis + tuberculosis,1,2,0,BO_1975_01670,Ciertas enfermedades infecciosas y parasitarias + Trauma
TCCerv,TCCer,traumatismo craneo cervico,79,1,0,"BO_1975_00311,BO_1975_01745,BO_1975_01880,BO_1975_02020,BO_1975_02111",Trauma
TCCer,TCCer,traumatismo craneo cervico,74,1,0,"BO_1975_00128,BO_1975_00176,BO_1975_00177,BO_1975_00787,BO_1975_00846",Trauma
TCC,TCCer,traumatismo craneo cervico,40,1,0,"BO_1974_00050,BO_1974_00218,BO_1974_00230,BO_1974_01088,BO_1974_01525",Trauma
TCCA,TCCer,traumatismo craneo cervico,5,1,0,"BO_1974_01059,BO_1975_00005,BO_1975_02916,BO_1975_04140,BO_1979_00345",Trauma
TC. Cerv.,TCCer,traumatismo craneo cervico,3,1,0,"BO_1977_05455,BO_1977_05461,BO_1977_05684",Trauma
TCCero,TCCer,traumatismo craneo cervico,3,2,1,"BO_1978_00080,BO_1978_00089,BO_1978_00141",Trauma
TCCMA,TCCer,traumatismo craneo cervico,2,2,1,"BO_1974_04338,BO_1974_04415",Trauma
TC Cerv,TCCer,traumatismo craneo cervico,2,1,0,"BO_1976_06312,BO_1976_06319",Trauma
TCEC,TCCer,traumatismo craneo cervico,2,1,0,"BO_1979_01825,BO_1979_03234",Trauma
TC.CERV,TCCer,traumatismo craneo cervico,1,1,0,BO_1977_06360,Trauma
TC.Cer.,TCCer,traumatismo craneo cervico,1,1,0,BO_1977_06115,Trauma
TC Cerd,TCCer,traumatismo craneo cervico,1,1,0,BO_1977_06294,Trauma
TC Cer,TCCer,traumatismo craneo cervico,1,1,0,BO_1978_00267,Trauma
TC Cer T,TCCer,traumatismo craneo cervico,1,1,0,BO_1977_03736,Trauma
TC.Cerv.,TCCer,traumatismo craneo cervico,1,1,0,BO_1977_05568,Trauma
TCerC,TCCer,traumatismo craneo cervico,1,1,0,BO_1975_03910,Trauma
TCCerFacial,TCCer,traumatismo craneo cervico,1,2,1,BO_1977_02227,Trauma
TCCer+,TCCer,traumatismo craneo cervico,1,1,0,BO_1975_02628,Trauma
TCCerHeD,TCCer,traumatismo craneo cervico,1,2,1,BO_1978_05210,Trauma
TCCerMes,TCCer,traumatismo craneo cervico,1,2,1,BO_1978_06069,Trauma
TCCerMd,TCCer,traumatismo craneo cervico,1,2,1,BO_1978_00221,Trauma
TCM+,TCCer,traumatismo craneo cervico,1,1,0,BO_1975_02796,Trauma
TCCCer,TCCer,traumatismo craneo cervico,1,1,0,BO_1975_03811,Trauma
TCCERV,TCCer,traumatismo craneo cervico,1,1,0,BO_1977_01286,Trauma
TCCMyA,TCCer,traumatismo craneo cervico,1,2,1,BO_1975_05711,Trauma
TCCerv.,TCCer,traumatismo craneo cervico,1,1,0,BO_1979_01671,Trauma
T.C.Cero,TCCer,traumatismo craneo cervico,1,1,0,BO_1976_05811,Trauma
CcerT,TCCer,traumatismo craneo cervico,1,1,0,BO_1976_00450,Trauma
TCCerP,TCCer+_P,pelvis + traumatismo craneo cervico,1,2,0,BO_1975_04243,Trauma
TCCM,TCCerM,traumatismo craneo cervico medular,55,1,0,"BO_1974_00038,BO_1974_00069,BO_1974_00254,BO_1974_00392,BO_1974_00439",Trauma
TCerMed,TCCerM,traumatismo craneo cervico medular,38,1,0,"BO_1975_01373,BO_1975_02246,BO_1975_02322,BO_1975_03280,BO_1975_03304",Trauma
TCCerMed,TCCerM,traumatismo craneo cervico medular,36,1,0,"BO_1975_00460,BO_1975_01738,BO_1975_03112,BO_1975_04241,BO_1975_04311",Trauma
TCM,TCCerM,traumatismo craneo cervico medular,34,1,0,"BO_1974_00192,BO_1974_00194,BO_1974_00358,BO_1974_00362,BO_1974_00385",Trauma
TCervMed,TCCerM,traumatismo craneo cervico medular,9,1,0,"BO_1977_01884,BO_1979_01332,BO_1979_02204,BO_1979_03166,BO_1979_04370",Trauma
TCCerM,TCCerM,traumatismo craneo cervico medular,5,1,0,"BO_1975_01963,BO_1975_02113,BO_1975_05844,BO_1976_00678,BO_1976_03629",Trauma
TCer Med,TCCerM,traumatismo craneo cervico medular,2,1,0,"BO_1978_00812,BO_1978_01274",Trauma
TCMed,TCCerM,traumatismo craneo cervico medular,2,1,0,"BO_1975_03660,BO_1976_00977",Trauma
TTCerM,TCCerM,traumatismo craneo cervico medular,1,1,0,BO_1979_03806,Trauma
TC Cer. Med.,TCCerM,traumatismo craneo cervico medular,1,1,0,BO_1977_05734,Trauma
TC CER.MED.,TCCerM,traumatismo craneo cervico medular,1,1,0,BO_1977_06629,Trauma
TCermed,TCCerM,traumatismo craneo cervico medular,1,1,0,BO_1978_02897,Trauma
TCor Mod,TCCerM,traumatismo craneo cervico medular,1,1,0,BO_1978_00383,Trauma
TCer.M,TCCerM,traumatismo craneo cervico medular,1,1,0,BO_1976_06217,Trauma
TCerMed+,TCCerM,traumatismo craneo cervico medular,1,1,0,BO_1975_04614,Trauma
TCEM,TCCerM,traumatismo craneo cervico medular,1,1,0,BO_1979_01240,Trauma
TCExM,TCCerM,traumatismo craneo cervico medular,1,1,0,BO_1976_06744,Trauma
TCER MED,TCCerM,traumatismo craneo cervico medular,1,1,0,BO_1979_03213,Trauma
TCCer Med,TCCerM,traumatismo craneo cervico medular,1,1,0,BO_1978_03550,Trauma
TCCep Med,TCCerM,traumatismo craneo cervico medular,1,1,0,BO_1976_06479,Trauma
TCCM+,TCCerM,traumatismo craneo cervico medular,1,1,0,BO_1975_01603,Trauma
TCEyM,TCCerM,traumatismo craneo cervico medular,1,1,0,BO_1977_00129,Trauma
TCCermed,TCCerM,traumatismo craneo cervico medular,1,1,0,BO_1976_01704,Trauma
TCCerv Med,TCCerM,traumatismo craneo cervico medular,1,1,0,BO_1977_03138,Trauma
TCCervMed,TCCerM,traumatismo craneo cervico medular,1,1,0,BO_1977_01170,Trauma
T CER. MED,TCCerM,traumatismo craneo cervico medular,1,1,0,BO_1977_06740,Trauma
T Cer Med,TCCerM,traumatismo craneo cervico medular,1,1,0,BO_1979_06573,Trauma
T Cerv Med,TCCerM,traumatismo craneo cervico medular,1,1,0,BO_1979_06342,Trauma
T.Cer.Med,TCCerM,traumatismo craneo cervico medular,1,1,0,BO_1977_06208,Trauma
T. Cer. Med.,TCCerM,traumatismo craneo cervico medular,1,1,0,BO_1977_06061,Trauma
T.Cer. M,TCCerM,traumatismo craneo cervico medular,1,1,0,BO_1977_05654,Trauma
T.Cer. Med.,TCCerM,traumatismo craneo cervico medular,1,1,0,BO_1977_05726,Trauma
TVerMed TP,TCCerM+TP,traumatismo craneo cervico medular + traumatismo pelvis,1,2,0,BO_1978_01162,Trauma
TCCMyT,TCCerMT,traumatismo craneo cervico medular torax,1,1,0,BO_1974_00801,Trauma
TCCM Y T,TCCerMT,traumatismo craneo cervico medular torax,1,1,0,BO_1974_00174,Trauma
TCCMT,TCCerMT,traumatismo craneo cervico medular torax,1,1,0,BO_1974_03132,Trauma
TCCMYT,TCCerMT,traumatismo craneo cervico medular torax,1,1,0,BO_1975_03702,Trauma
TCCT,TCCerT,traumatismo craneo cervico torax,18,1,0,"BO_1974_00077,BO_1974_00477,BO_1974_01142,BO_1974_03041,BO_1974_03763",Trauma
TCCerT,TCCerT,traumatismo craneo cervico torax,11,1,0,"BO_1975_00847,BO_1975_01188,BO_1975_01333,BO_1975_01929,BO_1975_02081",Trauma
TVerT,TCCerT,traumatismo craneo cervico torax,1,1,0,BO_1976_04628,Trauma
TC.Cer.T,TCCerT,traumatismo craneo cervico torax,1,1,0,BO_1977_06434,Trauma
TCerv+T,TCCerT,traumatismo craneo cervico torax,1,1,0,BO_1979_05620,Trauma
TCervT,TCCerT,traumatismo craneo cervico torax,1,1,0,BO_1979_03180,Trauma
TCer y T,TCCerT,traumatismo craneo cervico torax,1,1,0,BO_1978_03649,Trauma
TCE,TCE,traumatismo craneo encefalico,5939,1,0,"BO_1974_00018,BO_1974_00021,BO_1974_00030,BO_1974_00039,BO_1974_00043",Trauma
TCE+,TCE,traumatismo craneo encefalico,38,1,0,"BO_1975_00195,BO_1975_00330,BO_1975_00478,BO_1975_00536,BO_1975_00609",Trauma
TCEF,TCE,traumatismo craneo encefalico,9,1,0,"BO_1974_02618,BO_1976_04747,BO_1978_00035,BO_1978_00100,BO_1978_01763",Trauma
TCE+P,TCE,traumatismo craneo encefalico,3,2,1,"BO_1974_00203,BO_1975_05213,BO_1979_01612",Trauma
TCE+E,TCE,traumatismo craneo encefalico,3,2,1,"BO_1974_01644,BO_1976_00041,BO_1976_04141",Trauma
PBxTCE,TCE,traumatismo craneo encefalico,3,2,1,"BO_1979_00580,BO_1979_01123,BO_1979_03233",Trauma
TCE+M,TCE,traumatismo craneo encefalico,2,2,1,"BO_1975_00774,BO_1975_03567",Trauma
TCE+CPT,TCE,traumatismo craneo encefalico,2,2,1,"BO_1978_00661,BO_1978_00662",Trauma
T C E,TCE,traumatismo craneo encefalico,2,1,0,"BO_1979_00015,BO_1979_01295",Trauma
TCEyH,TCE,traumatismo craneo encefalico,2,2,1,"BO_1976_01784,BO_1977_04172",Trauma
tce,TCE,traumatismo craneo encefalico,2,1,0,"BO_1974_02785,BO_1974_02787",Trauma
PB+TCE,TCE,traumatismo craneo encefalico,1,2,1,BO_1978_03994,Trauma
MP+TCE,TCE,traumatismo craneo encefalico,1,2,1,BO_1979_05069,Trauma
MEPxTCE,TCE,traumatismo craneo encefalico,1,2,1,BO_1979_00344,Trauma
TCE+MP,TCE,traumatismo craneo encefalico,1,2,1,BO_1975_04579,Trauma
TCEFacial,TCE,traumatismo craneo encefalico,1,2,1,BO_1978_04682,Trauma
TCEN,TCE,traumatismo craneo encefalico,1,2,1,BO_1976_05340,Trauma
TCE+Bla,TCE,traumatismo craneo encefalico,1,2,1,BO_1979_05629,Trauma
TCE+Bu,TCE,traumatismo craneo encefalico,1,2,1,BO_1976_06266,Trauma
TCE+CER,TCE,traumatismo craneo encefalico,1,2,1,BO_1977_06633,Trauma
TCECerv,TCE,traumatismo craneo encefalico,1,2,1,BO_1979_02742,Trauma
TCE+CM,TCE,traumatismo craneo encefalico,1,2,1,BO_1978_02199,Trauma
TCE+D,TCE,traumatismo craneo encefalico,1,2,1,BO_1975_00321,Trauma
TCEPMT,TCE,traumatismo craneo encefalico,1,2,1,BO_1979_02794,Trauma
TCEAE,TCE,traumatismo craneo encefalico,1,2,1,BO_1977_02419,Trauma
TCE+EPileps,TCE,traumatismo craneo encefalico,1,2,1,BO_1975_05270,Trauma
TCE+Hs,TCE,traumatismo craneo encefalico,1,2,1,BO_1977_00105,Trauma
TCE+R,TCE,traumatismo craneo encefalico,1,2,1,BO_1974_01794,Trauma
TCE+Hs IAnC,TCE,traumatismo craneo encefalico,1,2,1,BO_1977_02923,Trauma
TCE+TMC,TCE,traumatismo craneo encefalico,1,2,1,BO_1978_00536,Trauma
TCE+me,TCE,traumatismo craneo encefalico,1,2,1,BO_1975_04469,Trauma
TCE+Encefalitis,TCE,traumatismo craneo encefalico,1,2,1,BO_1976_05936,Trauma
TCE+FLVO,TCE,traumatismo craneo encefalico,1,2,1,BO_1974_02080,Trauma
TCE+broncoaspiracion,TCE,traumatismo craneo encefalico,1,2,1,BO_1978_03140,Trauma
TCE+HII,TCE,traumatismo craneo encefalico,1,2,1,BO_1977_06394,Trauma
TCE+W,TCE,traumatismo craneo encefalico,1,2,1,BO_1979_00223,Trauma
TCE y P,TCE,traumatismo craneo encefalico,1,2,1,BO_1977_00844,Trauma
TCEyFxIcorto,TCE,traumatismo craneo encefalico,1,2,1,BO_1976_03574,Trauma
TCE CER,TCE,traumatismo craneo encefalico,1,2,1,BO_1978_00366,Trauma
TCE Exhumacion,TCE,traumatismo craneo encefalico,1,2,1,BO_1976_02209,Trauma
TCE y HS PC,TCE,traumatismo craneo encefalico,1,3,2,BO_1977_05689,Trauma
TCEyF,TCE,traumatismo craneo encefalico,1,2,1,BO_1975_05597,Trauma
TCEyMC,TCE,traumatismo craneo encefalico,1,2,1,BO_1977_06534,Trauma
TCEyMD,TCE,traumatismo craneo encefalico,1,2,1,BO_1975_03684,Trauma
TCEyMH,TCE,traumatismo craneo encefalico,1,2,1,BO_1976_00333,Trauma
PxTCE,TCE,traumatismo craneo encefalico,1,2,1,BO_1979_00204,Trauma
BMxTCE,TCE,traumatismo craneo encefalico,1,2,1,BO_1979_02793,Trauma
CSJ+TCE,TCE,traumatismo craneo encefalico,1,2,1,BO_1979_00578,Trauma
?TCE?,TCE,traumatismo craneo encefalico,1,1,0,BO_1976_06259,Trauma
HTB TCB,TCE,traumatismo craneo encefalico,1,1,0,BO_1979_03386,Trauma
Ehoc+TCe,TCE,traumatismo craneo encefalico,1,2,1,BO_1975_02677,Trauma
TCEAP,TCE+_AP,abdomen pelvis + traumatismo craneo encefalico,2,2,0,"BO_1974_02553,BO_1978_05650",Trauma
TCE AP,TCE+_AP,abdomen pelvis + traumatismo craneo encefalico,1,2,0,BO_1976_02878,Trauma
TCECer,TCE+_Cer,cervico + traumatismo craneo encefalico,3,2,0,"BO_1976_05299,BO_1977_02165,BO_1978_06044",Trauma
TCE Cer,TCE+_Cer,cervico + traumatismo craneo encefalico,1,2,0,BO_1978_05843,Trauma
TCE Cer M,TCE+_CerM,cervico medular + traumatismo craneo encefalico,1,2,0,BO_1978_00904,Trauma
TCE+TM,TCE+TM,traumatismo craneo encefalico + traumatismo multiple,1,2,0,BO_1979_02985,Trauma
HTBEE,TCE+TM,traumatismo craneo encefalico + traumatismo multiple,1,2,0,BO_1979_00934,Trauma
TCE+TMI,TCE+TMi,traumatismo craneo encefalico + traumatismo miembro,3,2,0,"BO_1978_02617,BO_1978_04476,BO_1978_06673",Trauma
TCE+TMsIs,TCE+TMiI,traumatismo craneo encefalico + traumatismo miembro inferior,1,2,0,BO_1978_05276,Trauma
TCE+TMs,TCE+TMiS,traumatismo craneo encefalico + traumatismo miembro superior,1,2,0,BO_1978_03169,Trauma
TCE+TP,TCE+TP,traumatismo craneo encefalico + traumatismo pelvis,2,2,0,"BO_1978_04871,BO_1978_05500",Trauma
TCEA,TCEA,traumatismo craneo encefalico abdomen,25,1,0,"BO_1975_00298,BO_1975_02476,BO_1975_03054,BO_1977_02170,BO_1977_06623",Trauma
TCE+A,TCEA,traumatismo craneo encefalico abdomen,5,1,0,"BO_1976_04079,BO_1976_05584,BO_1976_05885,BO_1978_00430,BO_1979_05284",Trauma
TCEyA,TCEA,traumatismo craneo encefalico abdomen,4,1,0,"BO_1976_03670,BO_1977_03286,BO_1977_03496,BO_1978_01357",Trauma
TCE y A,TCEA,traumatismo craneo encefalico abdomen,1,1,0,BO_1978_04177,Trauma
TCEyMI,TCEMi,traumatismo craneo encefalico miembro,5,1,0,"BO_1975_02354,BO_1976_00398,BO_1976_01017,BO_1976_03847,BO_1978_03016",Trauma
TCEyMS,TCEMi,traumatismo craneo encefalico miembro,3,1,0,"BO_1975_05403,BO_1975_05998,BO_1978_02442",Trauma
TCEy MI,TCEMi,traumatismo craneo encefalico miembro,1,1,0,BO_1978_00920,Trauma
TCEyMsIs,TCEMi,traumatismo craneo encefalico miembro,1,1,0,BO_1975_04577,Trauma
TCEyMs I,TCEMi,traumatismo craneo encefalico miembro,1,1,0,BO_1978_04872,Trauma
TC,TCer,traumatismo cervico,111,1,0,"BO_1974_01131,BO_1974_01240,BO_1974_01382,BO_1974_01392,BO_1974_01756",Trauma
TCerv,TCer,traumatismo cervico,38,1,0,"BO_1975_00207,BO_1975_00424,BO_1975_02584,BO_1975_02665,BO_1976_02030",Trauma
TCer,TCer,traumatismo cervico,20,1,0,"BO_1975_01235,BO_1975_02153,BO_1975_02702,BO_1975_04159,BO_1975_04932",Trauma
TCEP,TCer,traumatismo cervico,9,1,0,"BO_1975_00153,BO_1975_04962,BO_1976_06366,BO_1976_06484,BO_1977_05790",Trauma
TCervical,TCer,traumatismo cervico,5,1,0,"BO_1975_03657,BO_1975_05200,BO_1975_05892,BO_1978_02556,BO_1978_03416",Trauma
TCI,TCer,traumatismo cervico,3,2,1,"BO_1974_04973,BO_1976_06353,BO_1979_01807",Trauma
TCCorv,TCer,traumatismo cervico,3,2,1,"BO_1978_02005,BO_1979_02520,BO_1979_02653",Trauma
T.Cerv,TCer,traumatismo cervico,2,1,0,"BO_1977_00661,BO_1977_06477",Trauma
T.Cerv.,TCer,traumatismo cervico,2,1,0,"BO_1977_05407,BO_1977_06822",Trauma
T Cerv,TCer,traumatismo cervico,2,1,0,"BO_1977_05149,BO_1979_04390",Trauma
TTCERVICAL,TCer,traumatismo cervico,1,1,0,BO_1978_00622,Trauma
MEP + TC,TCer,traumatismo cervico,1,2,1,BO_1978_00139,Trauma
TTCerv,TCer,traumatismo cervico,1,1,0,BO_1975_02119,Trauma
TC Dorsal,TCer,traumatismo cervico,1,2,1,BO_1974_02226,Trauma
TC+,TCer,traumatismo cervico,1,1,0,BO_1976_04924,Trauma
TC+Neomopatia,TCer,traumatismo cervico,1,2,1,BO_1974_03674,Trauma
TC-I,TCer,traumatismo cervico,1,2,1,BO_1976_00044,Trauma
TC Cos,TCer,traumatismo cervico,1,2,1,BO_1976_06199,Trauma
TCMP,TCer,traumatismo cervico,1,2,1,BO_1979_01239,Trauma
TCMC,TCer,traumatismo cervico,1,2,1,BO_1979_06477,Trauma
TCPT,TCer,traumatismo cervico,1,2,1,BO_1974_05143,Trauma
TCPBA,TCer,traumatismo cervico,1,2,1,BO_1979_00032,Trauma
"TCerv+""P",TCer,traumatismo cervico,1,2,1,BO_1979_05141,Trauma
TCconMed,TCer,traumatismo cervico,1,2,1,BO_1976_06078,Trauma
TCerHeo,TCer,traumatismo cervico,1,2,1,BO_1977_02162,Trauma
TCerMx,TCer,traumatismo cervico,1,2,1,BO_1976_03126,Trauma
TCMA,TCer,traumatismo cervico,1,2,1,BO_1974_03019,Trauma
TCERV,TCer,traumatismo cervico,1,1,0,BO_1977_02124,Trauma
TCIA,TCer,traumatismo cervico,1,2,1,BO_1974_02575,Trauma
TCCrM,TCer,traumatismo cervico,1,2,1,BO_1976_00109,Trauma
TCCorT,TCer,traumatismo cervico,1,2,1,BO_1977_03805,Trauma
TCCor,TCer,traumatismo cervico,1,2,1,BO_1977_00778,Trauma
TCEyP,TCer,traumatismo cervico,1,1,0,BO_1978_05864,Trauma
T CERVICAL,TCer,traumatismo cervico,1,1,0,BO_1978_00044,Trauma
T Cervical,TCer,traumatismo cervico,1,1,0,BO_1974_02049,Trauma
T.Cer.,TCer,traumatismo cervico,1,1,0,BO_1977_05488,Trauma
TCerCerM,TCer+_CerM,cervico medular + traumatismo cervico,1,2,0,BO_1976_03133,Trauma
TCerP,TCer+_P,pelvis + traumatismo cervico,1,2,0,BO_1975_00526,Trauma
TCPA,TCer+_PA,pelvis abdomen + traumatismo cervico,1,2,0,BO_1976_01244,Trauma
TCerM,TCerM,traumatismo cervico medular,9,1,0,"BO_1975_00235,BO_1975_02416,BO_1975_04364,BO_1975_05741,BO_1976_00173",Trauma
TCerMyT,TCerMT,traumatismo cervico medular torax,2,1,0,"BO_1975_02996,BO_1975_03133",Trauma
TCerT,TCerT,traumatismo cervico torax,5,1,0,"BO_1975_02209,BO_1976_04081,BO_1977_01539,BO_1978_04399,BO_1978_06185",Trauma
TCET,TCET,traumatismo craneo encefalico torax,67,1,0,"BO_1974_01245,BO_1974_04121,BO_1975_00813,BO_1975_01050,BO_1975_01323",Trauma
TCEyT,TCET,traumatismo craneo encefalico torax,4,1,0,"BO_1974_03257,BO_1975_04374,BO_1975_05176,BO_1976_04606",Trauma
TCE+T,TCET,traumatismo craneo encefalico torax,3,1,0,"BO_1974_00090,BO_1975_03624,BO_1976_04080",Trauma
TCETo,TCET,traumatismo craneo encefalico torax,1,1,0,BO_1978_06187,Trauma
TCETA,TCETA,traumatismo craneo encefalico torax abdomen,6,1,0,"BO_1974_03072,BO_1978_01182,BO_1978_04669,BO_1978_05557,BO_1979_00554",Trauma
TCF,TCF,traumatismo craneo facial,118,1,0,"BO_1974_01464,BO_1974_01512,BO_1974_01589,BO_1974_01755,BO_1974_02129",Trauma
TCMI,TCMi,traumatismo craneo miembro,1,1,0,BO_1974_03316,Trauma
TCMyT,TCMT,traumatismo craneo medular torax,1,1,0,BO_1974_05698,Trauma
TCP,TCP,traumatismo craneo pelvis,117,1,0,"BO_1974_00246,BO_1974_00394,BO_1974_00937,BO_1974_00949,BO_1974_01083",Trauma
TPC,TCP,traumatismo craneo pelvis,1,1,0,BO_1979_06262,Trauma
TCR,TCR,traumatismo craneo raqui,3,1,0,"BO_1974_04732,BO_1976_01059,BO_1978_01876",Trauma
TCRM,TCRM,traumatismo craneo raqui medular,11,1,0,"BO_1974_00679,BO_1974_01696,BO_1974_01774,BO_1974_02130,BO_1974_02962",Trauma
TC Raque Mec,TCRM,traumatismo craneo raqui medular,1,1,0,BO_1978_00767,Trauma
TCTRM,TCRM,traumatismo craneo raqui medular,1,1,0,BO_1974_01542,Trauma
TCRMyP,TCRM,traumatismo craneo raqui medular,1,1,0,BO_1974_04379,Trauma
TCRMS,TCRM,traumatismo craneo raqui medular,1,1,0,BO_1977_04084,Trauma
TCT,TCT,traumatismo craneo torax,1176,1,0,"BO_1974_00001,BO_1974_00081,BO_1974_00088,BO_1974_00095,BO_1974_00101",Trauma
TCT+,TCT,traumatismo craneo torax,5,1,0,"BO_1976_03525,BO_1976_03835,BO_1977_05486,BO_1977_05891,BO_1977_06306",Trauma
TTC,TCT,traumatismo craneo torax,2,1,0,"BO_1974_01381,BO_1975_02372",Trauma
TCTC,TCT,traumatismo craneo torax,1,1,0,BO_1975_02792,Trauma
TCTyMS,TCT,traumatismo craneo torax,1,2,1,BO_1975_04779,Trauma
TCTPsV,TCT,traumatismo craneo torax,1,2,1,BO_1975_00574,Trauma
TCT+P,TCT,traumatismo craneo torax,1,2,1,BO_1975_03610,Trauma
TCT+CN,TCT,traumatismo craneo torax,1,2,1,BO_1978_02423,Trauma
tct,TCT,traumatismo craneo torax,1,1,0,BO_1974_02789,Trauma
TCTA,TCTA,traumatismo craneo torax abdomen,165,1,0,"BO_1974_00153,BO_1974_00197,BO_1974_00395,BO_1974_00426,BO_1974_00446",Trauma
TCTyA,TCTA,traumatismo craneo torax abdomen,1,1,0,BO_1975_03091,Trauma
TCTAP,TCTAP,traumatismo craneo torax abdomen pelvis,8,1,0,"BO_1974_01228,BO_1974_01569,BO_1974_01608,BO_1974_01609,BO_1974_02331",Trauma
TCTP,TCTP,traumatismo craneo torax pelvis,17,1,0,"BO_1974_00131,BO_1974_01154,BO_1974_01548,BO_1974_01640,BO_1974_01685",Trauma
TCuello,TCu,traumatismo cuello,3,1,0,"BO_1977_03451,BO_1979_01962,BO_1979_03903",Trauma
T Cuello,TCu,traumatismo cuello,2,1,0,"BO_1974_02890,BO_1979_02002",Trauma
TdeCuello,TCu,traumatismo cuello,2,1,0,"BO_1975_01716,BO_1975_03907",Trauma
T.Cuello,TCu,traumatismo cuello,1,1,0,BO_1977_01296,Trauma
T de cuello,TCu,traumatismo cuello,1,1,0,BO_1974_02420,Trauma
Tetanos,Tetanos,tetanos,2,1,0,"BO_1976_04984,BO_1979_00706",Trauma
Tetanos+E.Glot,Tetanos,tetanos,1,2,1,BO_1976_05280,Trauma
"""TETANOS""",Tetanos,tetanos,1,1,0,BO_1978_02140,Trauma
TM,TM,traumatismo multiple,7505,1,0,"BO_1974_00019,BO_1974_00020,BO_1974_00026,BO_1974_00028,BO_1974_00033",Trauma
T M,TM,traumatismo multiple,8,1,0,"BO_1979_00173,BO_1979_00380,BO_1979_00431,BO_1979_00432,BO_1979_00433",Trauma
TM+,TM,traumatismo multiple,7,1,0,"BO_1975_02629,BO_1976_01078,BO_1976_01655,BO_1976_02313,BO_1976_02385",Trauma
HTBTM,TM,traumatismo multiple,2,1,0,"BO_1979_00510,BO_1979_01955",Trauma
HTB TM,TM,traumatismo multiple,2,1,0,"BO_1979_03387,BO_1979_04594",Trauma
CSG+TM,TM,traumatismo multiple,2,2,1,"BO_1978_03231,BO_1979_03844",Trauma
TM+BA,TM,traumatismo multiple,2,2,1,"BO_1977_02687,BO_1977_04741",Trauma
TM+CS,TM,traumatismo multiple,2,2,1,"BO_1977_05544,BO_1978_02792",Trauma
TM+I,TM,traumatismo multiple,2,2,1,"BO_1977_00060,BO_1977_04220",Trauma
TraumMultip,TM,traumatismo multiple,1,1,0,BO_1975_03974,Trauma
TMIs+LO,TM,traumatismo multiple,1,3,2,BO_1978_00577,Trauma
TM EN MsIs,TM,traumatismo multiple,1,2,1,BO_1978_00756,Trauma
TM+A,TM,traumatismo multiple,1,2,1,BO_1977_01242,Trauma
TM+CANS,TM,traumatismo multiple,1,2,1,BO_1978_02625,Trauma
TM+M,TM,traumatismo multiple,1,2,1,BO_1974_00768,Trauma
TM+LdC,TM,traumatismo multiple,1,2,1,BO_1978_00485,Trauma
TM+IPN,TM,traumatismo multiple,1,2,1,BO_1979_02736,Trauma
SS+TM,TM,traumatismo multiple,1,2,1,BO_1977_03718,Trauma
TM+F,TM,traumatismo multiple,1,2,1,BO_1979_00399,Trauma
TM+CB,TM,traumatismo multiple,1,2,1,BO_1976_02913,Trauma
TM+Cer,TM,traumatismo multiple,1,2,1,BO_1976_03197,Trauma
TM+El[a],TM,traumatismo multiple,1,2,1,BO_1975_00210,Trauma
TM+E,TM,traumatismo multiple,1,2,1,BO_1977_02681,Trauma
CSGxTM,TM,traumatismo multiple,1,2,1,BO_1979_01286,Trauma
CSxTM,TM,traumatismo multiple,1,2,1,BO_1976_04946,Trauma
BioxTM,TM,traumatismo multiple,1,2,1,BO_1976_02762,Trauma
AAPHExTM,TM,traumatismo multiple,1,2,1,BO_1979_05452,Trauma
Electr. + TM,TM,traumatismo multiple,1,2,1,BO_1977_05965,Trauma
TM+TP,TM+TP,traumatismo multiple + traumatismo pelvis,1,2,0,BO_1979_02135,Trauma
TM in:utero,TM+Utero,traumatismo multiple + utero,1,2,0,BO_1975_06582,Trauma
T.Cord.Med.,TMed,traumatismo medular,1,1,0,BO_1977_00217,Trauma
T.Cor.m,TMed,traumatismo medular,1,1,0,BO_1976_05711,Trauma
T.Cor.Med.,TMed,traumatismo medular,1,1,0,BO_1976_06225,Trauma
TME,TMed,traumatismo medular,1,1,0,BO_1979_04653,Trauma
TMI,TMi,traumatismo miembro,97,1,0,"BO_1974_00469,BO_1974_02492,BO_1974_04195,BO_1974_04311,BO_1974_04887",Trauma
TMI+,TMi,traumatismo miembro,15,1,0,"BO_1975_00420,BO_1975_00542,BO_1976_00199,BO_1976_00502,BO_1976_00769",Trauma
TMI+P,TMi,traumatismo miembro,3,2,1,"BO_1974_00187,BO_1974_00272,BO_1974_01592",Trauma
TMIS,TMi,traumatismo miembro,2,1,0,"BO_1974_03638,BO_1976_02252",Trauma
TMIs,TMi,traumatismo miembro,2,1,0,"BO_1975_02550,BO_1976_03530",Trauma
TVI,TMi,traumatismo miembro,2,1,0,"BO_1974_05632,BO_1974_05667",Trauma
TMI+E,TMi,traumatismo miembro,2,2,1,"BO_1975_03606,BO_1976_04440",Trauma
TMI+Med,TMi,traumatismo miembro,1,2,1,BO_1975_00754,Trauma
TMI+Emb,TMi,traumatismo miembro,1,2,1,BO_1975_05262,Trauma
TMI Meningoencef,TMi,traumatismo miembro,1,2,1,BO_1975_03596,Trauma
TMI+CS,TMi,traumatismo miembro,1,2,1,BO_1974_00206,Trauma
TMI Broncoasp,TMi,traumatismo miembro,1,2,1,BO_1975_04801,Trauma
TMI+AbsP,TMi,traumatismo miembro,1,2,1,BO_1975_04764,Trauma
TMI+BN Gang,TMi,traumatismo miembro,1,2,1,BO_1975_04194,Trauma
SHT+TMI,TMi,traumatismo miembro,1,2,1,BO_1974_03455,Trauma
CSxTMI,TMi,traumatismo miembro,1,2,1,BO_1978_02209,Trauma
CS+TMI,TMi,traumatismo miembro,1,2,1,BO_1976_01524,Trauma
IP+TMI,TMi,traumatismo miembro,1,2,1,BO_1978_05614,Trauma
TMsIs,TMiI,traumatismo miembro inferior,13,1,0,"BO_1975_03934,BO_1975_05199,BO_1976_00843,BO_1976_02539,BO_1976_04601",Trauma
TMsI,TMiI,traumatismo miembro inferior,2,1,0,"BO_1977_01204,BO_1977_02469",Trauma
TMsIs+P,TMiI,traumatismo miembro inferior,1,2,1,BO_1978_06117,Trauma
TMsI+P,TMiI,traumatismo miembro inferior,1,2,1,BO_1975_00308,Trauma
T'+MsIns,TMiI,traumatismo miembro inferior,1,1,0,BO_1975_01425,Trauma
TMS,TMiS,traumatismo miembro superior,5,1,0,"BO_1974_05591,BO_1974_05597,BO_1979_00767,BO_1979_02570,BO_1979_05379",Trauma
TMS+,TMiS,traumatismo miembro superior,3,1,0,"BO_1976_01599,BO_1976_03683,BO_1976_03983",Trauma
TMsIs+,TMiS,traumatismo miembro superior,2,2,1,"BO_1975_03241,BO_1976_02606",Trauma
TMs,TMiS,traumatismo miembro superior,2,1,0,"BO_1977_00818,BO_1977_07088",Trauma
TMsTs,TMiS,traumatismo miembro superior,1,2,1,BO_1976_00792,Trauma
TMsSseIs,TMiS,traumatismo miembro superior,1,2,1,BO_1977_00366,Trauma
TMsSs+Hipoxin,TMiS,traumatismo miembro superior,1,3,2,BO_1977_03495,Trauma
TMsIns,TMiS,traumatismo miembro superior,1,2,1,BO_1975_06733,Trauma
TMsIs+Gangrena Septicemia,TMiS,traumatismo miembro superior,1,3,2,BO_1978_04636,Trauma
TMsS,TMiS,traumatismo miembro superior,1,2,1,BO_1979_01728,Trauma
TMsSI,TMiS,traumatismo miembro superior,1,2,1,BO_1976_02266,Trauma
TMS + gangrena gaseosa,TMiS,traumatismo miembro superior,1,2,1,BO_1978_02074,Trauma
TT+TMS,TMiS+TT,traumatismo miembro superior + traumatismo torax,1,2,0,BO_1975_02061,Trauma
TP,TP,traumatismo pelvis,97,1,0,"BO_1974_00061,BO_1974_00513,BO_1974_00543,BO_1974_00573,BO_1974_00599",Trauma
TPB,TP,traumatismo pelvis,2,2,1,"BO_1978_05021,BO_1979_06411",Trauma
TPyMsTs,TP,traumatismo pelvis,1,2,1,BO_1977_00846,Trauma
TP+BM,TP,traumatismo pelvis,1,2,1,BO_1978_02159,Trauma
TP+MIB,TP,traumatismo pelvis,1,2,1,BO_1975_03524,Trauma
TP+,TP,traumatismo pelvis,1,1,0,BO_1977_01395,Trauma
TP Y MstS,TP,traumatismo pelvis,1,2,1,BO_1977_05305,Trauma
TPAyMs,TP,traumatismo pelvis,1,2,1,BO_1976_02228,Trauma
TPAMPD,TP,traumatismo pelvis,1,2,1,BO_1979_03281,Trauma
TPAFPC,TP,traumatismo pelvis,1,2,1,BO_1975_03557,Trauma
TP+TMsInfs,TP,traumatismo pelvis,1,2,1,BO_1975_03572,Trauma
TPV+PCyB,TP,traumatismo pelvis,1,2,1,BO_1978_01421,Trauma
TPFC,TP,traumatismo pelvis,1,2,1,BO_1979_05068,Trauma
TPEA,TP,traumatismo pelvis,1,2,1,BO_1977_00166,Trauma
TPAP,TP+_AP,abdomen pelvis + traumatismo pelvis,1,2,0,BO_1979_05372,Trauma
TPyMsIs,TPMi,traumatismo pelvis miembro,6,1,0,"BO_1975_00231,BO_1975_01510,BO_1975_02516,BO_1975_04799,BO_1976_01034",Trauma
TM+P,TPMi,traumatismo pelvis miembro,5,1,0,"BO_1975_01210,BO_1976_01742,BO_1976_02246,BO_1976_03675,BO_1976_04775",Trauma
TPyMI,TPMi,traumatismo pelvis miembro,2,1,0,"BO_1975_05194,BO_1976_06104",Trauma
TTyMI,TPMi,traumatismo pelvis miembro,2,1,0,"BO_1974_01930,BO_1975_00109",Trauma
TPyM,TPMi,traumatismo pelvis miembro,1,1,0,BO_1975_00492,Trauma
TPm inf,TPMi,traumatismo pelvis miembro,1,1,0,BO_1975_00143,Trauma
TPM+EHP,TPMi,traumatismo pelvis miembro,1,2,1,BO_1979_06530,Trauma
TPM,TPMi,traumatismo pelvis miembro,1,1,0,BO_1974_02218,Trauma
TTyMI+,TPMi,traumatismo pelvis miembro,1,1,0,BO_1975_00324,Trauma
TRaquideo,TRaq,traumatismo raqui,1,1,0,BO_1979_02136,Trauma
TEC,Trau,traumatismo,5,1,0,"BO_1974_01276,BO_1977_01654,BO_1977_05826,BO_1979_01207,BO_1979_05081",Trauma
Traumatica,Trau,traumatismo,4,1,0,"BO_1976_06812,BO_1977_07117,BO_1977_07118,BO_1977_07139",Trauma
TE,Trau,traumatismo,4,1,0,"BO_1974_04443,BO_1977_01343,BO_1978_03421,BO_1978_05033",Trauma
Traumatismo Materno,Trau,traumatismo,1,2,1,BO_1975_06625,Trauma
Traumatismo,Trau,traumatismo,1,1,0,BO_1978_07135,Trauma
TCH,Trau,traumatismo,1,1,0,BO_1976_01283,Trauma
T Columna Vertebral,Trau,traumatismo,1,2,1,BO_1977_03893,Trauma
SHOCK T,Trau,traumatismo,1,2,1,BO_1974_01851,Trauma
TE.Cer.,Trau+_Cer,cervico + traumatismo,1,2,0,BO_1977_05511,Trauma
TRM,TRM,traumatismo raqui medular torax,7,1,0,"BO_1974_00072,BO_1974_00337,BO_1975_00010,BO_1975_01238,BO_1975_03763",Trauma
TRMy T,TRM,traumatismo raqui medular torax,1,1,0,BO_1974_00604,Trauma
TRM+,TRM,traumatismo raqui medular torax,1,1,0,BO_1976_04582,Trauma
Trombosis,Trombo,trombosis,6,1,0,"BO_1977_02578,BO_1978_01699,BO_1979_01038,BO_1979_01470,BO_1979_07314",Enfermedades del sistema circulatorio
Trombosis+CGH,Trombo,trombosis,1,2,1,BO_1977_02154,Enfermedades del sistema circulatorio
Trom de,Trombo,trombosis,1,1,0,BO_1977_02548,Enfermedades del sistema circulatorio
TT,TT,traumatismo torax,298,1,0,"BO_1974_00207,BO_1974_00468,BO_1974_00503,BO_1974_00533,BO_1974_00563",Trauma
TTE,TT,traumatismo torax,2,2,1,"BO_1978_00376,BO_1979_00695",Trauma
TTR,TT,traumatismo torax,2,2,1,"BO_1974_01923,BO_1974_02290",Trauma
TTAF,TT,traumatismo torax,1,2,1,BO_1974_01647,Trauma
TTAI,TT,traumatismo torax,1,2,1,BO_1978_05362,Trauma
TT MED.,TT,traumatismo torax,1,2,1,BO_1977_06642,Trauma
TTAyMI,TT,traumatismo torax,1,2,1,BO_1976_03575,Trauma
TTAxMP,TT,traumatismo torax,1,2,1,BO_1978_01223,Trauma
TTAYP,TT,traumatismo torax,1,2,1,BO_1974_04187,Trauma
TTAPM,TT,traumatismo torax,1,2,1,BO_1979_06302,Trauma
TTAEP,TT,traumatismo torax,1,2,1,BO_1975_06027,Trauma
TT+BNBN,TT,traumatismo torax,1,2,1,BO_1979_00788,Trauma
TT+UlcerasSTres,TT,traumatismo torax,1,3,2,BO_1975_00214,Trauma
TT+Ms,TT,traumatismo torax,1,2,1,BO_1975_00645,Trauma
TT+P,TT,traumatismo torax,1,2,1,BO_1976_02001,Trauma
TTi,TT,traumatismo torax,1,2,1,BO_1977_01205,Trauma
TTP yMID,TT,traumatismo torax,1,2,1,BO_1978_03334,Trauma
TTP y MS,TT,traumatismo torax,1,2,1,BO_1974_01015,Trauma
TTF,TT,traumatismo torax,1,2,1,BO_1977_00465,Trauma
TTVertebral,TT,traumatismo torax,1,2,1,BO_1977_00847,Trauma
TTPyMI,TT,traumatismo torax,1,2,1,BO_1978_03457,Trauma
T T,TT,traumatismo torax,1,1,0,BO_1979_02646,Trauma
TRMed+TT,TT+_Med,medular + traumatismo torax,1,3,1,BO_1975_00354,Trauma
TTA,TTA,traumatismo torax abdomen,482,1,0,"BO_1974_00128,BO_1974_00142,BO_1974_00253,BO_1974_00279,BO_1974_00287",Trauma
TTA+P,TTA,traumatismo torax abdomen,3,2,1,"BO_1974_03443,BO_1979_01359,BO_1979_05538",Trauma
TTA+,TTA,traumatismo torax abdomen,1,1,0,BO_1975_00400,Trauma
TTA+CS,TTA,traumatismo torax abdomen,1,2,1,BO_1975_05171,Trauma
TTA+M,TTA,traumatismo torax abdomen,1,2,1,BO_1975_00639,Trauma
A+TTA,TTA,traumatismo torax abdomen,1,2,1,BO_1978_04424,Trauma
TTAP,TTAP,traumatismo torax abdomen pelvis,47,1,0,"BO_1974_00108,BO_1974_00425,BO_1974_00444,BO_1974_00723,BO_1974_00810",Trauma
TTyTMI,TTMi,traumatismo torax miembro,1,1,0,BO_1978_02809,Trauma
TTP,TTP,traumatismo torax pelvis,60,1,0,"BO_1974_00798,BO_1974_02850,BO_1974_03449,BO_1974_03634,BO_1974_03915",Trauma
Tumor Hipofisiari,Tum,tumor,1,2,1,BO_1976_03069,Tumores (neoplasias)
Tumuracion Maligna de rinon,Tum,tumor,1,2,1,BO_1974_04731,Tumores (neoplasias)
Tumor,Tum,tumor,1,1,0,BO_1977_00388,Tumores (neoplasias)
Tumor Uterino,Tum+Utero,tumor + utero,1,2,0,BO_1977_03955,Tumores (neoplasias)
Ulcera Peptica,Ulcera,ulcera,2,2,1,"BO_1977_02479,BO_1978_01129",Enfermedades del sistema digestivo
Ulcera,Ulcera,ulcera,2,1,0,"BO_1976_03828,BO_1977_02202",Enfermedades del sistema digestivo
Ulcera peptica+P,Ulcera,ulcera,1,3,2,BO_1978_01991,Enfermedades del sistema digestivo
Lesiones Vasc,Vascu,vascular,2,2,1,"BO_1974_05559,BO_1974_05560",
Tipo isquemia Lesiones Vasculares,Vascu,vascular,1,4,3,BO_1975_06755,
VE,VE,varices esofagicas,8,1,0,"BO_1974_02294,BO_1974_05027,BO_1975_05081,BO_1977_00510,BO_1977_05068",Enfermedades del sistema digestivo
VE+CHAN,VE,varices esofagicas,2,2,1,"BO_1974_03952,BO_1974_04426",Enfermedades del sistema digestivo
VE+,VE,varices esofagicas,2,1,0,"BO_1977_00795,BO_1977_00868",Enfermedades del sistema digestivo
CE+VE,VE,varices esofagicas,1,2,1,BO_1977_02642,Enfermedades del sistema digestivo
