Procedencia_transcrito,Procedencia_estandar,Procedencia_extendido,Freq,Npartes,Nfalta,IDs,Procedencia_alcaldia
S-D,S-D,Sin datos,25779,1,0,"BO_1968_00001,BO_1968_00002,BO_1968_00003,BO_1968_00004,BO_1968_00005",
32a,COY-2,Coord Territorial 2 Coyoacan (Col Romero de Terreros),2073,1,0,"BO_1977_00143,BO_1977_00175,BO_1977_00204,BO_1977_00231,BO_1977_00248",Coyoacan
33a,HB,Hospital Balbuena (Col Jardin Balbuena),1968,1,0,"BO_1977_00177,BO_1977_00184,BO_1977_00185,BO_1977_00212,BO_1977_00219",Venustiano Carranza
37a,CR,Cruz Roja (Col Polanco),1701,1,0,"BO_1977_00182,BO_1977_00196,BO_1977_00201,BO_1977_00202,BO_1977_00223",Miguel Hidalgo
32,COY-2,Coord Territorial 2 Coyoacan (Col Romero de Terreros),1562,1,0,"BO_1977_05169,BO_1978_01205,BO_1980_00002,BO_1980_00043,BO_1980_00058",Coyoacan
20a,IZP-5,Coord Territorial 5 Iztapalapa (Col V Guerrero),1452,1,0,"BO_1974_00005,BO_1974_00027,BO_1974_00085,BO_1974_00087,BO_1974_00122",Iztapalapa
1a,CUH-1,Coord Territorial 1 Cuauhtemoc (Col San Simon Tolnahuac),1377,1,0,"BO_1974_00030,BO_1974_00035,BO_1974_00053,BO_1974_00128,BO_1974_00179",Cuauhtemoc
35a,HX,Hospital Xoco (Col General Anaya),1363,1,0,"BO_1977_00174,BO_1977_00187,BO_1977_00206,BO_1977_00265,BO_1977_00266",Benito Juarez
36a,HV,Hospital la Villa (Col Granjas Modernas),1317,1,0,"BO_1977_00163,BO_1977_00166,BO_1977_00167,BO_1977_00169,BO_1977_00203",Gustavo A Madero
24a,AOB-3,Coord Territorial 3 Alvaro Obregon (Col Progreso Tizapan),1273,1,0,"BO_1974_00049,BO_1974_00073,BO_1974_00088,BO_1974_00165,BO_1974_00175",Alvaro Obregon
34a,HGRL,Hospital Ruben Leñero (Col Santo Tomas),1262,1,0,"BO_1974_05163,BO_1977_00147,BO_1977_00178,BO_1977_00198,BO_1977_00199",Miguel Hidalgo
MH-CR,CR,Cruz Roja (Col Polanco),1181,1,0,"BO_1975_00009,BO_1975_00013,BO_1975_00023,BO_1975_00044,BO_1975_00045",Miguel Hidalgo
13a,GAM-2,Coord Territorial 2 Gustavo A Madero (Col Aragon La Villa),1149,1,0,"BO_1973_01247,BO_1973_03521,BO_1973_03522,BO_1973_03942,BO_1973_03977",Gustavo A Madero
37,CR,Cruz Roja (Col Polanco),1108,1,0,"BO_1978_01206,BO_1980_00001,BO_1980_00004,BO_1980_00021,BO_1980_00033",Miguel Hidalgo
33,HB,Hospital Balbuena (Col Jardin Balbuena),1081,1,0,"BO_1978_01207,BO_1980_00027,BO_1980_00045,BO_1980_00057,BO_1980_00065",Venustiano Carranza
22a,COY-1,Coord Territorial 1 Coyoacan (Col Romero de Terreros),1058,1,0,"BO_1974_00040,BO_1974_00099,BO_1974_00189,BO_1974_00221,BO_1974_00248",Coyoacan
9a,MH-1,Coord Territorial 1 Miguel Hidalgo – Hospital Ruben Leñero (Col Tacuba),1040,1,0,"BO_1969_01018,BO_1974_00046,BO_1974_00101,BO_1974_00140,BO_1974_00194",Miguel Hidalgo
14a,AZC-2,Coord Territorial 2 Azcapotzalco (Col Del Maestro),1032,1,0,"BO_1969_00914,BO_1969_01019,BO_1969_01021,BO_1972_04094,BO_1973_04047",Azcapotzalco
VC-HB,HB,Hospital Balbuena (Col Jardin Balbuena),912,1,0,"BO_1975_00012,BO_1975_00017,BO_1975_00034,BO_1975_00039,BO_1975_00058",Venustiano Carranza
5a,STCMZV,Sistema de Transporte Colectivo Metro Zarco y Violeta (Col Guerrero),867,1,0,"BO_1969_01015,BO_1973_05305,BO_1974_00082,BO_1974_00111,BO_1974_00125",Cuauhtemoc
18a,IZC-2,Coord Territorial 2 Iztacalco (Col Gabriel Ramos Millan),835,1,0,"BO_1974_00032,BO_1974_00064,BO_1974_00067,BO_1974_00115,BO_1974_00131",Iztacalco
20,IZP-5,Coord Territorial 5 Iztapalapa (Col V Guerrero),772,1,0,"BO_1980_00008,BO_1980_00076,BO_1980_00145,BO_1980_00164,BO_1980_00184",Iztapalapa
BJ-CM,CMN20N,Hospital Centro Medico Nacional 20 de Noviembre (Col del Valle Sur),751,1,0,"BO_1975_00016,BO_1975_00061,BO_1975_00072,BO_1975_00081,BO_1975_00082",Benito Juarez
23a,TLP-2,Coord Territorial 2 Tlalpan (Col La Joya),733,1,0,"BO_1974_00096,BO_1974_00126,BO_1974_00152,BO_1974_00162,BO_1974_00229",Tlalpan
19a,IZP-1,Coord Territorial 1 Iztapalapa (Barrio de San Lucas),714,1,0,"BO_1974_00006,BO_1974_00034,BO_1974_00056,BO_1974_00100,BO_1974_00151",Iztapalapa
2a,VC-1,Coord Territorial 1 Venustiano Carranza (Col Merced),712,1,0,"BO_1974_00021,BO_1974_00074,BO_1974_00161,BO_1974_00168,BO_1974_00199",Venustiano Carranza
35,HX,Hospital Xoco (Col General Anaya),700,1,0,"BO_1980_00046,BO_1980_00096,BO_1980_00105,BO_1980_00106,BO_1980_00132",Benito Juarez
GAM-HV,HV,Hospital la Villa (Col Granjas Modernas),671,1,0,"BO_1975_00040,BO_1975_00048,BO_1975_00066,BO_1975_00090,BO_1975_00091",Gustavo A Madero
15a,GAM-2,Coord Territorial 2 Gustavo A Madero (Col Aragon La Villa),666,1,0,"BO_1974_00007,BO_1974_00022,BO_1974_00025,BO_1974_00036,BO_1974_00047",Gustavo A Madero
11a,MH-5,Coord Territorial 5 Miguel Hidalgo (Col Ampliacion Daniel Garza),654,1,0,"BO_1974_00019,BO_1974_00048,BO_1974_00051,BO_1974_00167,BO_1974_00290",Miguel Hidalgo
CR,CR,Cruz Roja (Col Polanco),650,1,0,"BO_1969_00821,BO_1969_00831,BO_1969_00838,BO_1969_00839,BO_1969_00841",Miguel Hidalgo
34,HGRL,Hospital Ruben Leñero (Col Santo Tomas),634,1,0,"BO_1978_02739,BO_1980_00068,BO_1980_00069,BO_1980_00070,BO_1980_00088",Miguel Hidalgo
C-HX,HX,Hospital Xoco (Col General Anaya),622,1,0,"BO_1975_00010,BO_1975_00011,BO_1975_00025,BO_1975_00037,BO_1975_00041",Benito Juarez
1,CUH-1,Coord Territorial 1 Cuauhtemoc (Col San Simon Tolnahuac),622,1,0,"BO_1980_00014,BO_1980_00094,BO_1980_00107,BO_1980_00133,BO_1980_00137",Cuauhtemoc
36,HV,Hospital la Villa (Col Granjas Modernas),619,1,0,"BO_1977_03641,BO_1978_05062,BO_1980_00017,BO_1980_00020,BO_1980_00036",Gustavo A Madero
17a,VC-3,Coord Territorial 3 Venustiano Carranza – Hospital De  Balbuena (Col Jardin Balbuena),609,1,0,"BO_1977_00154,BO_1977_00189,BO_1977_00301,BO_1977_00338,BO_1977_00344",Venustiano Carranza
MH-HRL,HGRL,Hospital Ruben Leñero (Col Santo Tomas),608,1,0,"BO_1975_00030,BO_1975_00046,BO_1975_00123,BO_1975_00124,BO_1975_00125",Miguel Hidalgo
6a,CUH-6,Coord Territorial 6 Cuauhtemoc (Col Centro),606,1,0,"BO_1974_00133,BO_1974_00173,BO_1974_00208,BO_1974_00214,BO_1974_00231",Cuauhtemoc
7a,CUH-6,Coord Territorial 6 Cuauhtemoc (Col Centro),591,1,0,"BO_1968_02617,BO_1969_01014,BO_1973_04012,BO_1974_00038,BO_1974_00043",Cuauhtemoc
HB,HB,Hospital Balbuena (Col Jardin Balbuena),569,1,0,"BO_1974_00001,BO_1974_00002,BO_1974_00009,BO_1974_00011,BO_1974_00012",Venustiano Carranza
10a,BJ-1,Coord Territorial 1 Benito Juarez (Col Santa Cruz Atoyac),568,1,0,"BO_1969_01022,BO_1974_00029,BO_1974_00076,BO_1974_00080,BO_1974_00093",Benito Juarez
22,COY-1,Coord Territorial 1 Coyoacan (Col Romero de Terreros),567,1,0,"BO_1980_00121,BO_1980_00144,BO_1980_00171,BO_1980_00194,BO_1980_00196",Coyoacan
8a,BJ-3,Coord Territorial 3 Benito Juarez (Col Zacahuizco),565,1,0,"BO_1972_01302,BO_1974_00055,BO_1974_00066,BO_1974_00069,BO_1974_00102",Benito Juarez
27a,XO-2,Coord Territorial 2 Xochimilco (Barrio de San Pedro),552,1,0,"BO_1974_00190,BO_1974_00233,BO_1974_00235,BO_1974_00283,BO_1974_00345",Xochimilco
24,AOB-3,Coord Territorial 3 Alvaro Obregon (Col Progreso Tizapan),543,1,0,"BO_1978_05934,BO_1980_00005,BO_1980_00016,BO_1980_00051,BO_1980_00052",Alvaro Obregon
9,MH-1,Coord Territorial 1 Miguel Hidalgo – Hospital Ruben Leñero (Col Tacuba),525,1,0,"BO_1980_00041,BO_1980_00062,BO_1980_00079,BO_1980_00085,BO_1980_00131",Miguel Hidalgo
HX,HX,Hospital Xoco (Col General Anaya),499,1,0,"BO_1970_00846,BO_1970_00851,BO_1970_00925,BO_1970_00968,BO_1970_00991",Benito Juarez
12a,BJ-2,Coord Territorial 2 Benito Juarez (Col Santa Cruz Atoyac),490,1,0,"BO_1974_00058,BO_1974_00081,BO_1974_00114,BO_1974_00141,BO_1974_00220",Benito Juarez
VC-2,VC-2,Coord Territorial 2 Venustiano Carranza (Col Moctezuma 2a Seccion),477,1,0,"BO_1975_00056,BO_1975_00062,BO_1975_00067,BO_1975_00085,BO_1975_00139",Venustiano Carranza
16a,GAM-7,Coord Territorial 7 Gustavo A Madero (Col San Juan de Aragon),469,1,0,"BO_1974_00219,BO_1974_00954,BO_1974_00994,BO_1974_01068,BO_1974_01080",Gustavo A Madero
5,STCMZV,Sistema de Transporte Colectivo Metro Zarco y Violeta (Col Guerrero),460,1,0,"BO_1980_00026,BO_1980_00029,BO_1980_00031,BO_1980_00073,BO_1980_00090",Cuauhtemoc
18,IZC-2,Coord Territorial 2 Iztacalco (Col Gabriel Ramos Millan),449,1,0,"BO_1977_02760,BO_1980_00010,BO_1980_00037,BO_1980_00157,BO_1980_00158",Iztacalco
14,AZC-2,Coord Territorial 2 Azcapotzalco (Col Del Maestro),439,1,0,"BO_1980_00015,BO_1980_00039,BO_1980_00066,BO_1980_00072,BO_1980_00205",Azcapotzalco
23,TLP-2,Coord Territorial 2 Tlalpan (Col La Joya),429,1,0,"BO_1980_00030,BO_1980_00111,BO_1980_00152,BO_1980_00267,BO_1980_00274",Tlalpan
38a,COY-5,Coord Territorial 5 Coyoacan (Col CTM-Culhuacan),429,1,0,"BO_1977_00190,BO_1977_00270,BO_1977_00596,BO_1977_01031,BO_1977_01049",Coyoacan
GAM-1,GAM-1,Coord Territorial 1 Gustavo A Madero (Col Cuautepec Barrio Bajo),412,1,0,"BO_1975_00004,BO_1975_00006,BO_1975_00021,BO_1975_00028,BO_1975_00063",Gustavo A Madero
13,GAM-2,Coord Territorial 2 Gustavo A Madero (Col Aragon La Villa),412,1,0,"BO_1980_00044,BO_1980_00087,BO_1980_00102,BO_1980_00238,BO_1980_00317",Gustavo A Madero
3a,CUH-7,Coord Territorial 7 Cuauhtemoc (Col Roma),402,1,0,"BO_1969_01016,BO_1969_01020,BO_1972_01331,BO_1973_01734,BO_1974_00004",Cuauhtemoc
HTB,HB,Hospital Balbuena (Col Jardin Balbuena),400,1,0,"BO_1969_00814,BO_1969_00815,BO_1969_00822,BO_1969_00823,BO_1969_00832",Venustiano Carranza
AO-1,AO-1,Coord Territorial 1 Alvaro Obregon (Col Cristo Rey),390,1,0,"BO_1975_00001,BO_1975_00038,BO_1975_00079,BO_1975_00084,BO_1975_00093",Alvaro Obregon
IZA-2,IZP-2,Coord Territorial 2 Iztapalapa (Barrio Santa Barbara),389,1,0,"BO_1975_00027,BO_1975_00151,BO_1975_00176,BO_1975_00182,BO_1975_00193",Iztapalapa
26a,CUJ-1,Coord Territorial 1 Cuajimalpa (Col Cuajimalpa Centro),387,1,0,"BO_1974_00109,BO_1974_00450,BO_1974_00459,BO_1974_00647,BO_1974_00655",Cuauhtemoc
CM,HCMS21,Hospital Centro Médico Nacional Siglo XXI (Col Doctores),384,1,0,"BO_1974_00010,BO_1974_00057,BO_1974_00059,BO_1974_00072,BO_1974_00078",Cuauhtemoc
4a,CUH-8,Coord Territorial 8 Cuauhtemoc (Col Obrera),366,1,0,"BO_1974_00144,BO_1974_00192,BO_1974_00215,BO_1974_00238,BO_1974_00267",Cuauhtemoc
VC-1,VC-1,Coord Territorial 1 Venustiano Carranza (Col Merced),364,1,0,"BO_1975_00051,BO_1975_00052,BO_1975_00087,BO_1975_00159,BO_1975_00203",Venustiano Carranza
HCM,HCMS21,Hospital Centro Médico Nacional Siglo XXI (Col Doctores),357,1,0,"BO_1970_01229,BO_1970_01861,BO_1970_01919,BO_1970_01932,BO_1970_03556",Cuauhtemoc
11,MH-5,Coord Territorial 5 Miguel Hidalgo (Col Ampliacion Daniel Garza),356,1,0,"BO_1979_03880,BO_1980_00006,BO_1980_00007,BO_1980_00009,BO_1980_00080",Miguel Hidalgo
HTV,HV,Hospital la Villa (Col Granjas Modernas),349,1,0,"BO_1969_00824,BO_1969_00868,BO_1969_00933,BO_1969_00950,BO_1969_00956",Gustavo A Madero
Xoco,HX,Hospital Xoco (Col General Anaya),336,1,0,"BO_1968_00732,BO_1968_00765,BO_1968_00782,BO_1968_00797,BO_1968_00813",Benito Juarez
H.T.B.,HB,Hospital Balbuena (Col Jardin Balbuena),324,1,0,"BO_1968_00778,BO_1968_00779,BO_1968_00780,BO_1968_00781,BO_1968_00819",Venustiano Carranza
21a,GAM-2,Coord Territorial 2 Gustavo A Madero (Col Aragon La Villa),321,1,0,"BO_1977_00162,BO_1977_00392,BO_1977_00566,BO_1977_00786,BO_1977_00808",Gustavo A Madero
AZ-1,AZC-1,Coord Territorial 1 Azcapotzalco (Col El Rosario),311,1,0,"BO_1975_00032,BO_1975_00042,BO_1975_00057,BO_1975_00137,BO_1975_00198",Azcapotzalco
C-1,CUH-1,Coord Territorial 1 Cuauhtemoc (Col San Simon Tolnahuac),310,1,0,"BO_1975_00031,BO_1975_00101,BO_1975_00129,BO_1975_00140,BO_1975_00142",Cuauhtemoc
19,IZP-1,Coord Territorial 1 Iztapalapa (Barrio de San Lucas),309,1,0,"BO_1978_04977,BO_1978_05837,BO_1980_00078,BO_1980_00178,BO_1980_00202",Iztapalapa
HV,HV,Hospital la Villa (Col Granjas Modernas),303,1,0,"BO_1974_00020,BO_1974_00023,BO_1974_00037,BO_1974_00090,BO_1974_00097",Gustavo A Madero
17,VC-3,Coord Territorial 3 Venustiano Carranza – Hospital De  Balbuena (Col Jardin Balbuena),295,1,0,"BO_1980_00035,BO_1980_00040,BO_1980_00042,BO_1980_00075,BO_1980_00081",Venustiano Carranza
Iztapalapa,IZP-1,Coord Territorial 1 Iztapalapa (Barrio de San Lucas),289,1,0,"BO_1968_00741,BO_1968_00762,BO_1968_00769,BO_1968_00882,BO_1968_00885",Iztapalapa
27,XO-2,Coord Territorial 2 Xochimilco (Barrio de San Pedro),281,1,0,"BO_1980_00023,BO_1980_00032,BO_1980_00047,BO_1980_00206,BO_1980_00263",Xochimilco
7,CUH-6,Coord Territorial 6 Cuauhtemoc (Col Centro),281,1,0,"BO_1980_00025,BO_1980_00048,BO_1980_00054,BO_1980_00113,BO_1980_00119",Cuauhtemoc
VC-II,VC-2,Coord Territorial 2 Venustiano Carranza (Col Moctezuma 2a Seccion),281,1,0,"BO_1976_00004,BO_1976_00006,BO_1976_00043,BO_1976_00050,BO_1976_00055",Venustiano Carranza
MH-1,MH-1,Coord Territorial 1 Miguel Hidalgo – Hospital Ruben Leñero (Col Tacuba),268,1,0,"BO_1975_00103,BO_1975_00150,BO_1975_00264,BO_1975_00323,BO_1975_00487",Miguel Hidalgo
38,COY-5,Coord Territorial 5 Coyoacan (Col CTM-Culhuacan),266,1,0,"BO_1978_04143,BO_1980_00059,BO_1980_00082,BO_1980_00138,BO_1980_00177",Coyoacan
IZO-1,IZC-1,Coord Territorial 1 Iztacalco (Col Santa Anita),256,1,0,"BO_1975_00002,BO_1975_00053,BO_1975_00210,BO_1975_00212,BO_1975_00225",Iztacalco
25a,MC-2,Coord Territorial 2 Magdalena Contreras (Col Barranca Seca),252,1,0,"BO_1974_00041,BO_1974_00247,BO_1974_00274,BO_1974_00327,BO_1974_00640",Magdalena Contreras
8,BJ-3,Coord Territorial 3 Benito Juarez (Col Zacahuizco),247,1,0,"BO_1980_00018,BO_1980_00028,BO_1980_00034,BO_1980_00104,BO_1980_00118",Benito Juarez
TP-1,TLP-1,Coord Territorial 1 Tlalpan (Col Ampliacion Miguel Hidalgo),245,1,0,"BO_1975_00029,BO_1975_00070,BO_1975_00104,BO_1975_00110,BO_1975_00115",Tlalpan
IZA-1,IZP-1,Coord Territorial 1 Iztapalapa (Barrio de San Lucas),241,1,0,"BO_1975_00005,BO_1975_00174,BO_1975_00199,BO_1975_00200,BO_1975_00267",Iztapalapa
28a,TLH-2,Coord Territorial 2 Tlahuac (Col Barrio La Asuncion),238,1,0,"BO_1974_00191,BO_1974_00246,BO_1974_00276,BO_1974_00377,BO_1974_00611",Tlahuac
15,GAM-2,Coord Territorial 2 Gustavo A Madero (Col Aragon La Villa),238,1,0,"BO_1978_04459,BO_1980_00011,BO_1980_00084,BO_1980_00112,BO_1980_00174",Gustavo A Madero
16,GAM-7,Coord Territorial 7 Gustavo A Madero (Col San Juan de Aragon),237,1,0,"BO_1980_00012,BO_1980_00019,BO_1980_00250,BO_1980_00583,BO_1980_00687",Gustavo A Madero
CH-1,CUH-1,Coord Territorial 1 Cuauhtemoc (Col San Simon Tolnahuac),233,1,0,"BO_1975_00019,BO_1975_00022,BO_1975_00036,BO_1975_00099,BO_1975_00105",Cuauhtemoc
HRL,HGRL,Hospital Ruben Leñero (Col Santo Tomas),232,1,0,"BO_1969_01119,BO_1973_01566,BO_1973_01567,BO_1973_01568,BO_1974_00031",Miguel Hidalgo
10,BJ-1,Coord Territorial 1 Benito Juarez (Col Santa Cruz Atoyac),232,1,0,"BO_1980_00226,BO_1980_00320,BO_1980_00386,BO_1980_00446,BO_1980_00460",Benito Juarez
IZA-II,IZP-2,Coord Territorial 2 Iztapalapa (Barrio Santa Barbara),223,1,0,"BO_1976_00070,BO_1976_00071,BO_1976_00101,BO_1976_00106,BO_1976_00153",Iztapalapa
BJ-1,BJ-1,Coord Territorial 1 Benito Juarez (Col Santa Cruz Atoyac),218,1,0,"BO_1975_00007,BO_1975_00107,BO_1975_00136,BO_1975_00240,BO_1975_00293",Benito Juarez
Iztacalco,IZC-1,Coord Territorial 1 Iztacalco (Col Santa Anita),217,1,0,"BO_1968_00760,BO_1968_00770,BO_1968_00798,BO_1968_00827,BO_1968_00838",Iztacalco
2a Deleg,VC-1,Coord Territorial 1 Venustiano Carranza (Col Merced),205,1,0,"BO_1969_00808,BO_1969_00850,BO_1971_00894,BO_1971_00895,BO_1971_00907",Venustiano Carranza
2a deleg,VC-1,Coord Territorial 1 Venustiano Carranza (Col Merced),203,1,0,"BO_1969_00825,BO_1969_00829,BO_1969_00861,BO_1969_00862,BO_1969_00867",Venustiano Carranza
GAM-2,GAM-2,Coord Territorial 2 Gustavo A Madero (Col Aragon La Villa),201,1,0,"BO_1975_00008,BO_1975_00014,BO_1975_00088,BO_1975_00146,BO_1975_00363",Gustavo A Madero
C-I,CUH-1,Coord Territorial 1 Cuauhtemoc (Col San Simon Tolnahuac),201,1,0,"BO_1975_03334,BO_1975_03335,BO_1976_00019,BO_1976_00032,BO_1976_00089",Cuauhtemoc
CH-6,CUH-6,Coord Territorial 6 Cuauhtemoc (Col Centro),193,1,0,"BO_1975_00043,BO_1975_00059,BO_1975_00080,BO_1975_00191,BO_1975_00423",Cuauhtemoc
2,VC-1,Coord Territorial 1 Venustiano Carranza (Col Merced),191,1,0,"BO_1980_00060,BO_1980_00115,BO_1980_00258,BO_1980_00615,BO_1980_00678",Venustiano Carranza
21,GAM-2,Coord Territorial 2 Gustavo A Madero (Col Aragon La Villa),191,1,0,"BO_1980_00064,BO_1980_00153,BO_1980_00204,BO_1980_00326,BO_1980_00365",Gustavo A Madero
12,BJ-2,Coord Territorial 2 Benito Juarez (Col Santa Cruz Atoyac),188,1,0,"BO_1980_00003,BO_1980_00049,BO_1980_00185,BO_1980_00277,BO_1980_00290",Benito Juarez
GAM-I,GAM-1,Coord Territorial 1 Gustavo A Madero (Col Cuautepec Barrio Bajo),187,1,0,"BO_1976_00018,BO_1976_00048,BO_1976_00060,BO_1976_00064,BO_1976_00069",Gustavo A Madero
MH-2,MH-2,Coord Territorial 2 Miguel Hidalgo (Col Pensil),185,1,0,"BO_1975_00138,BO_1975_00249,BO_1975_00265,BO_1975_00294,BO_1975_00375",Miguel Hidalgo
3,CUH-7,Coord Territorial 7 Cuauhtemoc (Col Roma),184,1,0,"BO_1980_00128,BO_1980_00252,BO_1980_00295,BO_1980_00396,BO_1980_00413",Cuauhtemoc
AO-I,AO-1,Coord Territorial 1 Alvaro Obregon (Col Cristo Rey),183,1,0,"BO_1976_00001,BO_1976_00007,BO_1976_00082,BO_1976_00086,BO_1976_00094",Alvaro Obregon
13a deleg,GAM-2,Coord Territorial 2 Gustavo A Madero (Col Aragon La Villa),182,1,0,"BO_1969_00833,BO_1969_00834,BO_1969_00840,BO_1969_00865,BO_1969_00930",Gustavo A Madero
13a Deleg,GAM-2,Coord Territorial 2 Gustavo A Madero (Col Aragon La Villa),182,1,0,"BO_1969_00782,BO_1969_00783,BO_1969_00784,BO_1969_00797,BO_1969_00802",Gustavo A Madero
6,CUH-6,Coord Territorial 6 Cuauhtemoc (Col Centro),178,1,0,"BO_1980_00022,BO_1980_00053,BO_1980_00074,BO_1980_00288,BO_1980_00409",Cuauhtemoc
26,CUJ-1,Coord Territorial 1 Cuajimalpa (Col Cuajimalpa Centro),169,1,0,"BO_1980_00024,BO_1980_00091,BO_1980_00092,BO_1980_00162,BO_1980_00163",Cuauhtemoc
CH-5,CUH-5,Coord Territorial 5 Cuauhtémoc (Col Santa María La Ribera),167,1,0,"BO_1975_00018,BO_1975_00026,BO_1975_00173,BO_1975_00181,BO_1975_00186",Cuauhtemoc
Coyoacan,COY-1,Coord Territorial 1 Coyoacan (Col Romero de Terreros),167,1,0,"BO_1968_00733,BO_1968_00750,BO_1968_00832,BO_1968_00923,BO_1968_00971",Coyoacan
AZ-I,AZC-1,Coord Territorial 1 Azcapotzalco (Col El Rosario),167,1,0,"BO_1976_00020,BO_1976_00083,BO_1976_00114,BO_1976_00133,BO_1976_00226",Azcapotzalco
GAM-3,GAM-3,Coord Territorial 3 Gustavo A Madero - Hosp Mag Salinas (Col Magdalena de las Salinas),165,1,0,"BO_1975_00114,BO_1975_00172,BO_1975_00183,BO_1975_00218,BO_1975_00518",Gustavo A Madero
BJ-H20N,HCMS21,Hospital Centro Médico Nacional Siglo XXI (Col Doctores),156,1,0,"BO_1975_00109,BO_1975_00120,BO_1975_00135,BO_1975_00141,BO_1975_00165",Cuauhtemoc
H.T.V.,HV,Hospital la Villa (Col Granjas Modernas),155,1,0,"BO_1968_00857,BO_1968_00859,BO_1968_01089,BO_1968_01105,BO_1968_02173",Gustavo A Madero
VC-I,VC-1,Coord Territorial 1 Venustiano Carranza (Col Merced),153,1,0,"BO_1976_00034,BO_1976_00035,BO_1976_00081,BO_1976_00097,BO_1976_00230",Venustiano Carranza
IZO-I,IZC-1,Coord Territorial 1 Iztacalco (Col Santa Anita),153,1,0,"BO_1976_00012,BO_1976_00021,BO_1976_00118,BO_1976_00134,BO_1976_00147",Iztacalco
MH-I,MH-1,Coord Territorial 1 Miguel Hidalgo – Hospital Ruben Leñero (Col Tacuba),143,1,0,"BO_1976_00023,BO_1976_00046,BO_1976_00109,BO_1976_00127,BO_1976_00142",Miguel Hidalgo
X-1,XO-1,Coord Territorial 1 Xochimilco - Reclusorio Sur (Col San Mateo Jalpa),143,1,0,"BO_1975_00064,BO_1975_00069,BO_1975_00147,BO_1975_00255,BO_1975_00313",Xochimilco
CH-V,CUH-5,Coord Territorial 5 Cuauhtémoc (Col Santa María La Ribera),139,1,0,"BO_1975_00116,BO_1975_00220,BO_1975_00442,BO_1975_00465,BO_1975_00545",Cuauhtemoc
4,CUH-8,Coord Territorial 8 Cuauhtemoc (Col Obrera),137,1,0,"BO_1980_00013,BO_1980_00077,BO_1980_00156,BO_1980_00235,BO_1980_00270",Cuauhtemoc
BJ-3,BJ-3,Coord Territorial 3 Benito Juarez (Col Zacahuizco),135,1,0,"BO_1975_00217,BO_1975_00233,BO_1975_00346,BO_1975_00412,BO_1975_00512",Benito Juarez
TP-I,TLP-1,Coord Territorial 1 Tlalpan (Col Ampliacion Miguel Hidalgo),134,1,0,"BO_1976_00080,BO_1976_00113,BO_1976_00130,BO_1976_00136,BO_1976_00186",Tlalpan
28,TLH-2,Coord Territorial 2 Tlahuac (Col Barrio La Asuncion),134,1,0,"BO_1978_03192,BO_1980_00224,BO_1980_00275,BO_1980_00276,BO_1980_00544",Tlahuac
BJ-2,BJ-2,Coord Territorial 2 Benito Juarez (Col Santa Cruz Atoyac),131,1,0,"BO_1975_00237,BO_1975_00256,BO_1975_00457,BO_1975_00554,BO_1975_00585",Benito Juarez
1a deleg,CUH-1,Coord Territorial 1 Cuauhtemoc (Col San Simon Tolnahuac),126,1,0,"BO_1969_00842,BO_1969_00958,BO_1969_01101,BO_1969_01107,BO_1969_01152",Cuauhtemoc
CH-I,CUH-1,Coord Territorial 1 Cuauhtemoc (Col San Simon Tolnahuac),126,1,0,"BO_1976_00154,BO_1976_00177,BO_1976_00199,BO_1976_00220,BO_1976_00222",Cuauhtemoc
29a,MIL-1,Coord Territorial 1 Milpa Alta (Col Milpa Alta),123,1,0,"BO_1974_00129,BO_1974_00313,BO_1974_00584,BO_1974_00774,BO_1974_00857",Milpa Alta
MH-II,MH-2,Coord Territorial 2 Miguel Hidalgo (Col Pensil),122,1,0,"BO_1976_00052,BO_1976_00066,BO_1976_00235,BO_1976_00272,BO_1976_00326",Miguel Hidalgo
13A,GAM-2,Coord Territorial 2 Gustavo A Madero (Col Aragon La Villa),120,1,0,"BO_1968_02165,BO_1970_00802,BO_1970_00803,BO_1970_00819,BO_1970_00820",Gustavo A Madero
CH-2,CUH-2,Coord Territorial 2 Cuauhtémoc (Col Buenavista),116,1,0,"BO_1975_00047,BO_1975_00271,BO_1975_00417,BO_1975_00458,BO_1975_00788",Cuauhtemoc
13a Del.,GAM-2,Coord Territorial 2 Gustavo A Madero (Col Aragon La Villa),112,1,0,"BO_1968_00745,BO_1968_00756,BO_1968_00767,BO_1968_00790,BO_1968_00803",Gustavo A Madero
C.R.,CR,Cruz Roja (Col Polanco),109,1,0,"BO_1968_01005,BO_1968_01070,BO_1968_02203,BO_1968_02230,BO_1968_02249",Miguel Hidalgo
GAM-II,GAM-2,Coord Territorial 2 Gustavo A Madero (Col Aragon La Villa),106,1,0,"BO_1976_00073,BO_1976_00105,BO_1976_00131,BO_1976_00229,BO_1976_00259",Gustavo A Madero
BJ-I,BJ-1,Coord Territorial 1 Benito Juarez (Col Santa Cruz Atoyac),106,1,0,"BO_1976_00258,BO_1976_00295,BO_1976_00315,BO_1976_00339,BO_1976_00424",Benito Juarez
GAM-III,GAM-3,Coord Territorial 3 Gustavo A Madero - Hosp Mag Salinas (Col Magdalena de las Salinas),106,1,0,"BO_1976_00003,BO_1976_00011,BO_1976_00028,BO_1976_00075,BO_1976_00079",Gustavo A Madero
CH-VI,CUH-6,Coord Territorial 6 Cuauhtemoc (Col Centro),105,1,0,"BO_1975_01654,BO_1976_00207,BO_1976_00239,BO_1976_00300,BO_1976_00307",Cuauhtemoc
V.O.,VO,Villa Obregon,104,1,0,"BO_1968_00806,BO_1968_00864,BO_1968_00874,BO_1968_00906,BO_1968_00986",Alvaro Obregon
CU-1,CUH-1,Coord Territorial 1 Cuauhtemoc (Col San Simon Tolnahuac),104,1,0,"BO_1975_00749,BO_1975_00792,BO_1975_00793,BO_1975_00844,BO_1975_00918",Cuauhtemoc
CH-4,CUH-4,Coord Territorial 4 Cuauhtémoc (Col Centro),102,1,0,"BO_1975_00003,BO_1975_00157,BO_1975_00250,BO_1975_00326,BO_1975_00340",Cuauhtemoc
1A,CUH-1,Coord Territorial 1 Cuauhtemoc (Col San Simon Tolnahuac),101,1,0,"BO_1969_02188,BO_1970_00796,BO_1970_00806,BO_1970_00807,BO_1970_00808",Cuauhtemoc
9a deleg,HGRL,Hospital Ruben Leñero (Col Santo Tomas),99,1,0,"BO_1969_00732,BO_1969_00875,BO_1969_00897,BO_1969_00904,BO_1969_00905",Miguel Hidalgo
2A,VC-1,Coord Territorial 1 Venustiano Carranza (Col Merced),98,1,0,"BO_1970_00793,BO_1970_00794,BO_1970_00795,BO_1970_00801,BO_1970_00813",Venustiano Carranza
CH-III,CUH-3,Coord Territorial 3 Cuauhtémoc (Col Morelos),97,1,0,"BO_1976_00074,BO_1976_00102,BO_1976_00103,BO_1976_00212,BO_1976_00214",Cuauhtemoc
Xochimilco,XO-1,Coord Territorial 1 Xochimilco - Reclusorio Sur (Col San Mateo Jalpa),95,1,0,"BO_1968_00737,BO_1968_00854,BO_1968_00896,BO_1968_00955,BO_1968_00964",Xochimilco
2a Del.,VC-1,Coord Territorial 1 Venustiano Carranza (Col Merced),95,1,0,"BO_1968_00735,BO_1968_00752,BO_1968_00759,BO_1968_00772,BO_1968_00777",Venustiano Carranza
CO-1,COY-1,Coord Territorial 1 Coyoacan (Col Romero de Terreros),93,1,0,"BO_1975_00060,BO_1975_00304,BO_1975_00305,BO_1975_00311,BO_1975_00425",Coyoacan
IZA-I,IZP-1,Coord Territorial 1 Iztapalapa (Barrio de San Lucas),92,1,0,"BO_1976_00047,BO_1976_00090,BO_1976_00124,BO_1976_00221,BO_1976_00234",Iztapalapa
25,MC-2,Coord Territorial 2 Magdalena Contreras (Col Barranca Seca),92,1,0,"BO_1980_00109,BO_1980_00181,BO_1980_00516,BO_1980_00541,BO_1980_00890",Magdalena Contreras
9a Deleg,HGRL,Hospital Ruben Leñero (Col Santo Tomas),91,1,0,"BO_1969_00790,BO_1971_00878,BO_1971_00930,BO_1971_00953,BO_1971_00967",Miguel Hidalgo
1a Deleg,CUH-1,Coord Territorial 1 Cuauhtemoc (Col San Simon Tolnahuac),91,1,0,"BO_1969_00805,BO_1971_00872,BO_1971_00901,BO_1971_00939,BO_1971_00945",Cuauhtemoc
Cruz Roja,CR,Cruz Roja (Col Polanco),81,1,0,"BO_1968_03145,BO_1969_00993,BO_1971_00934,BO_1971_00954,BO_1971_00965",Miguel Hidalgo
14a Deleg,AZC-2,Coord Territorial 2 Azcapotzalco (Col Del Maestro),80,1,0,"BO_1971_00877,BO_1971_00921,BO_1971_00992,BO_1971_01015,BO_1971_01047",Azcapotzalco
BJ-II,BJ-2,Coord Territorial 2 Benito Juarez (Col Santa Cruz Atoyac),80,1,0,"BO_1976_00107,BO_1976_00148,BO_1976_00185,BO_1976_00281,BO_1976_00357",Benito Juarez
Ixtapalapa,IZP-1,Coord Territorial 1 Iztapalapa (Barrio de San Lucas),78,1,0,"BO_1972_00874,BO_1972_00878,BO_1972_00886,BO_1972_00909,BO_1972_00933",Iztapalapa
X-I,XO-1,Coord Territorial 1 Xochimilco - Reclusorio Sur (Col San Mateo Jalpa),77,1,0,"BO_1976_00301,BO_1976_00475,BO_1976_00512,BO_1976_00570,BO_1976_00605",Xochimilco
CH-II,CUH-2,Coord Territorial 2 Cuauhtémoc (Col Buenavista),76,1,0,"BO_1976_00059,BO_1976_00169,BO_1976_00321,BO_1976_00334,BO_1976_00354",Cuauhtemoc
BJ-III,BJ-3,Coord Territorial 3 Benito Juarez (Col Zacahuizco),76,1,0,"BO_1976_00031,BO_1976_00042,BO_1976_00112,BO_1976_00171,BO_1976_00379",Benito Juarez
1a Del.,CUH-1,Coord Territorial 1 Cuauhtemoc (Col San Simon Tolnahuac),74,1,0,"BO_1968_00734,BO_1968_00738,BO_1968_00764,BO_1968_00786,BO_1968_00788",Cuauhtemoc
VO,VO,Villa Obregon,71,1,0,"BO_1969_00896,BO_1969_00915,BO_1969_00942,BO_1969_00975,BO_1969_00982",Alvaro Obregon
14a deleg,AZC-2,Coord Territorial 2 Azcapotzalco (Col Del Maestro),71,1,0,"BO_1969_00830,BO_1969_00856,BO_1969_01039,BO_1969_01059,BO_1969_01086",Azcapotzalco
29,MIL-1,Coord Territorial 1 Milpa Alta (Col Milpa Alta),69,1,0,"BO_1980_00576,BO_1980_00810,BO_1980_00841,BO_1980_01445,BO_1980_01482",Milpa Alta
CH-IV,CUH-4,Coord Territorial 4 Cuauhtémoc (Col Centro),69,1,0,"BO_1975_01694,BO_1975_01831,BO_1976_00151,BO_1976_00172,BO_1976_00302",Cuauhtemoc
6a deleg,CUH-6,Coord Territorial 6 Cuauhtemoc (Col Centro),68,1,0,"BO_1969_00835,BO_1969_00907,BO_1969_00969,BO_1969_00999,BO_1969_01133",Cuauhtemoc
IZA,IZP-1,Coord Territorial 1 Iztapalapa (Barrio de San Lucas),67,1,0,"BO_1970_00840,BO_1970_00862,BO_1970_00874,BO_1970_00891,BO_1970_00898",Iztapalapa
Tlalpan,TLP-1,Coord Territorial 1 Tlalpan (Col Ampliacion Miguel Hidalgo),66,1,0,"BO_1968_00949,BO_1968_01062,BO_1968_02239,BO_1968_02323,BO_1968_02437",Tlalpan
Cuajimalpa,CUJ-1,Coord Territorial 1 Cuajimalpa (Col Cuajimalpa Centro),63,1,0,"BO_1968_00863,BO_1968_00878,BO_1968_00994,BO_1968_01017,BO_1968_01028",Cuauhtemoc
13a Deleg.,GAM-2,Coord Territorial 2 Gustavo A Madero (Col Aragon La Villa),62,1,0,"BO_1971_00798,BO_1972_01256,BO_1972_01301,BO_1972_01308,BO_1972_01309",Gustavo A Madero
TC-1,TLP-1,Coord Territorial 1 Tlalpan (Col Ampliacion Miguel Hidalgo),60,1,0,"BO_1975_00054,BO_1975_00097,BO_1975_00332,BO_1975_00360,BO_1975_00506",Tlalpan
14A,AZC-2,Coord Territorial 2 Azcapotzalco (Col Del Maestro),59,1,0,"BO_1970_00836,BO_1970_00873,BO_1970_00877,BO_1970_00889,BO_1970_00921",Azcapotzalco
H. T. B.,HB,Hospital Balbuena (Col Jardin Balbuena),58,1,0,"BO_1971_01176,BO_1971_01206,BO_1971_01210,BO_1971_01213,BO_1971_01278",Venustiano Carranza
7a deleg,CUH-6,Coord Territorial 6 Cuauhtemoc (Col Centro),54,1,0,"BO_1969_00857,BO_1969_00935,BO_1969_01006,BO_1969_01058,BO_1969_01111",Cuauhtemoc
5a Deleg,STCMZV,Sistema de Transporte Colectivo Metro Zarco y Violeta (Col Guerrero),53,1,0,"BO_1969_00794,BO_1969_00807,BO_1971_00932,BO_1971_00961,BO_1971_00974",Cuauhtemoc
2a Deleg.,VC-1,Coord Territorial 1 Venustiano Carranza (Col Merced),53,1,0,"BO_1972_01305,BO_1972_01312,BO_1972_01316,BO_1972_01351,BO_1972_01353",Venustiano Carranza
Ia Deleg,CUH-1,Coord Territorial 1 Cuauhtemoc (Col San Simon Tolnahuac),53,1,0,"BO_1969_00809,BO_1972_00876,BO_1972_00899,BO_1972_00900,BO_1972_00906",Cuauhtemoc
10a deleg,BJ-1,Coord Territorial 1 Benito Juarez (Col Santa Cruz Atoyac),53,1,0,"BO_1969_00836,BO_1969_00878,BO_1969_00996,BO_1969_01085,BO_1969_01102",Benito Juarez
Ixtacalco,IZC-1,Coord Territorial 1 Iztacalco (Col Santa Anita),51,1,0,"BO_1972_00939,BO_1972_00983,BO_1972_00987,BO_1972_01001,BO_1972_01018",Iztacalco
6a Deleg,CUH-6,Coord Territorial 6 Cuauhtemoc (Col Centro),51,1,0,"BO_1969_00789,BO_1969_00795,BO_1969_00803,BO_1971_00870,BO_1971_00918",Cuauhtemoc
11a Deleg,MH-5,Coord Territorial 5 Miguel Hidalgo (Col Ampliacion Daniel Garza),50,1,0,"BO_1969_00781,BO_1971_00919,BO_1971_00931,BO_1971_01038,BO_1971_01064",Miguel Hidalgo
9A,MH-1,Coord Territorial 1 Miguel Hidalgo – Hospital Ruben Leñero (Col Tacuba),50,1,0,"BO_1969_01449,BO_1970_00811,BO_1970_00822,BO_1970_00835,BO_1970_00837",Miguel Hidalgo
IZO,IZC-1,Coord Territorial 1 Iztacalco (Col Santa Anita),49,1,0,"BO_1970_00821,BO_1970_00864,BO_1970_00890,BO_1970_00912,BO_1970_00913",Iztacalco
14a Del.,AZC-2,Coord Territorial 2 Azcapotzalco (Col Del Maestro),49,1,0,"BO_1968_00754,BO_1968_00768,BO_1968_00773,BO_1968_00784,BO_1968_00800",Azcapotzalco
3a deleg,GAM-2,Coord Territorial 2 Gustavo A Madero (Col Aragon La Villa),47,1,0,"BO_1969_00888,BO_1969_00925,BO_1969_00959,BO_1969_00960,BO_1969_01032",Gustavo A Madero
11a deleg,MH-5,Coord Territorial 5 Miguel Hidalgo (Col Ampliacion Daniel Garza),47,1,0,"BO_1969_00869,BO_1969_00929,BO_1969_00943,BO_1969_00987,BO_1969_01028",Miguel Hidalgo
5a deleg,STCMZV,Sistema de Transporte Colectivo Metro Zarco y Violeta (Col Guerrero),44,1,0,"BO_1969_00860,BO_1969_00936,BO_1969_00977,BO_1969_00997,BO_1969_01033",Cuauhtemoc
3A,CUH-7,Coord Territorial 7 Cuauhtemoc (Col Roma),44,1,0,"BO_1969_01451,BO_1970_00804,BO_1970_00812,BO_1970_00865,BO_1970_00894",Cuauhtemoc
3a Deleg,GAM-2,Coord Territorial 2 Gustavo A Madero (Col Aragon La Villa),44,1,0,"BO_1971_00865,BO_1971_00927,BO_1971_00948,BO_1971_00985,BO_1971_01126",Gustavo A Madero
Ia deleg,CUH-1,Coord Territorial 1 Cuauhtemoc (Col San Simon Tolnahuac),44,1,0,"BO_1969_00816,BO_1969_00818,BO_1969_00820,BO_1969_00848,BO_1969_00849",Cuauhtemoc
CO-I,COY-1,Coord Territorial 1 Coyoacan (Col Romero de Terreros),42,1,0,"BO_1976_00008,BO_1976_00125,BO_1976_00270,BO_1976_00612,BO_1976_00783",Coyoacan
9a Del.,MH-1,Coord Territorial 1 Miguel Hidalgo – Hospital Ruben Leñero (Col Tacuba),41,1,0,"BO_1968_00794,BO_1968_00831,BO_1968_00836,BO_1968_00868,BO_1968_00873",Miguel Hidalgo
7a Deleg,CUH-6,Coord Territorial 6 Cuauhtemoc (Col Centro),40,1,0,"BO_1971_00898,BO_1971_01023,BO_1971_01034,BO_1971_01055,BO_1971_01237",Cuauhtemoc
12a deleg,BJ-3,Coord Territorial 3 Benito Juarez (Col Zacahuizco),40,1,0,"BO_1969_00967,BO_1969_01044,BO_1969_01075,BO_1969_01081,BO_1969_01412",Benito Juarez
8a Deleg,BJ-3,Coord Territorial 3 Benito Juarez (Col Zacahuizco),40,1,0,"BO_1969_00785,BO_1971_00888,BO_1971_01019,BO_1971_01040,BO_1971_01093",Benito Juarez
H. T. V.,HV,Hospital la Villa (Col Granjas Modernas),38,1,0,"BO_1971_00884,BO_1971_00922,BO_1971_00935,BO_1971_00936,BO_1971_00942",Gustavo A Madero
3a Del.,CUH-7,Coord Territorial 7 Cuauhtemoc (Col Roma),37,1,0,"BO_1968_00731,BO_1968_00740,BO_1968_00753,BO_1968_00763,BO_1968_00817",Cuauhtemoc
12a Deleg,BJ-3,Coord Territorial 3 Benito Juarez (Col Zacahuizco),37,1,0,"BO_1969_01003,BO_1971_00890,BO_1971_00896,BO_1971_00951,BO_1971_00993",Benito Juarez
TC-I,TLP-1,Coord Territorial 1 Tlalpan (Col Ampliacion Miguel Hidalgo),35,1,0,"BO_1976_00044,BO_1976_00196,BO_1976_00374,BO_1976_01001,BO_1976_01005",Tlalpan
8a deleg,BJ-3,Coord Territorial 3 Benito Juarez (Col Zacahuizco),34,1,0,"BO_1969_00928,BO_1969_00988,BO_1969_01078,BO_1969_01131,BO_1969_01294",Benito Juarez
10a Deleg,BJ-1,Coord Territorial 1 Benito Juarez (Col Santa Cruz Atoyac),34,1,0,"BO_1971_00893,BO_1971_01018,BO_1971_01095,BO_1971_01260,BO_1971_01281",Benito Juarez
GAM-IV,GAM-4,Coord Territorial 4 Gustavo A Madero (Col Aragon la Villa),33,1,0,"BO_1976_00312,BO_1976_00316,BO_1976_00327,BO_1976_00534,BO_1976_00536",Gustavo A Madero
5A,STCMZV,Sistema de Transporte Colectivo Metro Zarco y Violeta (Col Guerrero),33,1,0,"BO_1970_00838,BO_1970_00853,BO_1970_00886,BO_1970_00903,BO_1970_00932",Cuauhtemoc
4a Deleg,CUH-8,Coord Territorial 8 Cuauhtemoc (Col Obrera),33,1,0,"BO_1971_00899,BO_1971_00929,BO_1971_01012,BO_1971_01014,BO_1971_01186",Cuauhtemoc
5a Del.,STCMZV,Sistema de Transporte Colectivo Metro Zarco y Violeta (Col Guerrero),32,1,0,"BO_1968_00742,BO_1968_00774,BO_1968_00795,BO_1968_00804,BO_1968_00805",Cuauhtemoc
11A,MH-5,Coord Territorial 5 Miguel Hidalgo (Col Ampliacion Daniel Garza),32,1,0,"BO_1969_01452,BO_1969_02174,BO_1970_00833,BO_1970_00887,BO_1970_00897",Miguel Hidalgo
4a deleg,CUH-8,Coord Territorial 8 Cuauhtemoc (Col Obrera),32,1,0,"BO_1969_00826,BO_1969_00866,BO_1969_00937,BO_1969_00938,BO_1969_01057",Cuauhtemoc
CV-I,CUH-1,Coord Territorial 1 Cuauhtemoc (Col San Simon Tolnahuac),31,1,0,"BO_1976_00262,BO_1976_00459,BO_1976_00652,BO_1976_00768,BO_1976_00770",Cuauhtemoc
V. O.,VO,Villa Obregon,30,1,0,"BO_1971_00906,BO_1971_00940,BO_1971_01151,BO_1971_01165,BO_1971_01185",Alvaro Obregon
10A,BJ-1,Coord Territorial 1 Benito Juarez (Col Santa Cruz Atoyac),30,1,0,"BO_1970_00866,BO_1970_00884,BO_1970_00961,BO_1970_01007,BO_1970_01179",Benito Juarez
MA-1,MIL-1,Coord Territorial 1 Milpa Alta (Col Milpa Alta),29,1,0,"BO_1975_00055,BO_1975_00548,BO_1975_00756,BO_1975_01821,BO_1975_01950",Milpa Alta
CH-3,CUH-3,Coord Territorial 3 Cuauhtémoc (Col Morelos),29,1,0,"BO_1975_06141,BO_1976_01150,BO_1976_01194,BO_1976_01209,BO_1976_02254",Cuauhtemoc
8A,BJ-3,Coord Territorial 3 Benito Juarez (Col Zacahuizco),29,1,0,"BO_1969_03417,BO_1969_04033,BO_1969_04733,BO_1970_00879,BO_1970_00915",Benito Juarez
SC,SC,,28,1,0,"BO_1975_00318,BO_1975_01096,BO_1975_03427,BO_1976_00002,BO_1976_03651",
11a Del.,MH-5,Coord Territorial 5 Miguel Hidalgo (Col Ampliacion Daniel Garza),28,1,0,"BO_1968_00793,BO_1968_00799,BO_1968_00802,BO_1968_00881,BO_1968_00891",Miguel Hidalgo
CO,COY-1,Coord Territorial 1 Coyoacan (Col Romero de Terreros),25,1,0,"BO_1970_00948,BO_1970_00980,BO_1970_01083,BO_1970_01134,BO_1970_01181",Coyoacan
7A,CUH-6,Coord Territorial 6 Cuauhtemoc (Col Centro),24,1,0,"BO_1970_00855,BO_1970_00896,BO_1970_00953,BO_1970_00966,BO_1970_01084",Cuauhtemoc
6a Del.,CUH-6,Coord Territorial 6 Cuauhtemoc (Col Centro),24,1,0,"BO_1968_00823,BO_1968_00830,BO_1968_00920,BO_1968_00978,BO_1968_01234",Cuauhtemoc
10a Del.,BJ-1,Coord Territorial 1 Benito Juarez (Col Santa Cruz Atoyac),24,1,0,"BO_1968_00828,BO_1968_00889,BO_1968_00894,BO_1968_00934,BO_1968_01037",Benito Juarez
4a Del.,CUH-8,Coord Territorial 8 Cuauhtemoc (Col Obrera),23,1,0,"BO_1968_00743,BO_1968_00849,BO_1968_00850,BO_1968_01013,BO_1968_01022",Cuauhtemoc
BJ-CM-,HCMS21,Hospital Centro Médico Nacional Siglo XXI (Col Doctores),23,1,0,"BO_1977_05371,BO_1977_05377,BO_1977_05392,BO_1977_05393,BO_1977_05394",Cuauhtemoc
7a Deleg.,CUH-6,Coord Territorial 6 Cuauhtemoc (Col Centro),23,1,0,"BO_1972_01184,BO_1972_01356,BO_1972_01620,BO_1972_01734,BO_1972_01739",Cuauhtemoc
H. T. Balbuena,HB,Hospital Balbuena (Col Jardin Balbuena),23,1,0,"BO_1971_00882,BO_1971_00887,BO_1971_00889,BO_1971_00892,BO_1971_00914",Venustiano Carranza
Contreras,MC-1,Coord Territorial 1 Magdalena Contreras (Col Ampliacion Contreras),22,1,0,"BO_1968_00942,BO_1968_00972,BO_1968_01241,BO_1968_01992,BO_1969_01292",Magdalena Contreras
12A,BJ-2,Coord Territorial 2 Benito Juarez (Col Santa Cruz Atoyac),22,1,0,"BO_1970_00830,BO_1970_00938,BO_1970_01126,BO_1970_01129,BO_1970_01177",Benito Juarez
6A,CUH-6,Coord Territorial 6 Cuauhtemoc (Col Centro),22,1,0,"BO_1970_00839,BO_1970_00858,BO_1970_00983,BO_1970_00987,BO_1970_01009",Cuauhtemoc
Ia Deleg.,CUH-1,Coord Territorial 1 Cuauhtemoc (Col San Simon Tolnahuac),20,1,0,"BO_1972_00877,BO_1972_01339,BO_1972_01384,BO_1972_01403,BO_1972_01559",Cuauhtemoc
8a Del.,BJ-3,Coord Territorial 3 Benito Juarez (Col Zacahuizco),20,1,0,"BO_1968_00821,BO_1968_00846,BO_1968_00913,BO_1968_01052,BO_1968_01116",Benito Juarez
20a deleg,IZP-5,Coord Territorial 5 Iztapalapa (Col V Guerrero),20,1,0,"BO_1973_01968,BO_1973_02018,BO_1973_02048,BO_1973_02049,BO_1973_02050",Iztapalapa
15a deleg,GAM-2,Coord Territorial 2 Gustavo A Madero (Col Aragon La Villa),20,1,0,"BO_1973_01530,BO_1973_01967,BO_1973_02020,BO_1973_02046,BO_1973_02070",Gustavo A Madero
MA-I,MIL-1,Coord Territorial 1 Milpa Alta (Col Milpa Alta),19,1,0,"BO_1976_00117,BO_1976_00170,BO_1976_00294,BO_1976_00478,BO_1976_01549",Milpa Alta
GAM-4,GAM-4,Coord Territorial 4 Gustavo A Madero (Col Aragon la Villa),18,1,0,"BO_1976_01231,BO_1976_02311,BO_1976_02312,BO_1976_02339,BO_1976_02382",Gustavo A Madero
VC II,VC-2,Coord Territorial 2 Venustiano Carranza (Col Moctezuma 2a Seccion),18,1,0,"BO_1977_05869,BO_1977_05878,BO_1977_05882,BO_1977_05902,BO_1977_05907",Venustiano Carranza
XO,XO-1,Coord Territorial 1 Xochimilco - Reclusorio Sur (Col San Mateo Jalpa),17,1,0,"BO_1970_00799,BO_1970_01033,BO_1970_01077,BO_1970_01130,BO_1970_01137",Xochimilco
VC-HB-,HB,Hospital Balbuena (Col Jardin Balbuena),16,1,0,"BO_1977_05391,BO_1977_05395,BO_1977_05639,BO_1977_05646,BO_1977_06760",Venustiano Carranza
4A,CUH-8,Coord Territorial 8 Cuauhtemoc (Col Obrera),16,1,0,"BO_1970_00805,BO_1970_00834,BO_1970_00945,BO_1970_00963,BO_1970_00964",Cuauhtemoc
CU,TLP-2,Coord Territorial 2 Tlalpan (Col La Joya),16,1,0,"BO_1970_00906,BO_1970_00971,BO_1970_01054,BO_1970_01086,BO_1970_01089",Tlalpan
9a Deleg.,MH-1,Coord Territorial 1 Miguel Hidalgo – Hospital Ruben Leñero (Col Tacuba),14,1,0,"BO_1972_01320,BO_1972_01348,BO_1972_01352,BO_1972_01390,BO_1972_01549",Miguel Hidalgo
VC HB,HB,Hospital Balbuena (Col Jardin Balbuena),14,1,0,"BO_1975_00100,BO_1977_05873,BO_1977_05874,BO_1977_05877,BO_1977_05897",Venustiano Carranza
6a Deleg.,CUH-6,Coord Territorial 6 Cuauhtemoc (Col Centro),13,1,0,"BO_1972_01306,BO_1972_01370,BO_1972_01526,BO_1972_01550,BO_1972_01669",Cuauhtemoc
11a Deleg.,MH-5,Coord Territorial 5 Miguel Hidalgo (Col Ampliacion Daniel Garza),13,1,0,"BO_1972_01551,BO_1972_01601,BO_1972_01646,BO_1972_01667,BO_1972_01702",Miguel Hidalgo
MH CR,CR,Cruz Roja (Col Polanco),13,1,0,"BO_1975_02490,BO_1975_02491,BO_1975_02761,BO_1977_05890,BO_1977_05891",Miguel Hidalgo
7a Del.,CUH-6,Coord Territorial 6 Cuauhtemoc (Col Centro),13,1,0,"BO_1968_01014,BO_1968_01248,BO_1968_01282,BO_1968_01310,BO_1968_01334",Cuauhtemoc
H.T.B,HB,Hospital Balbuena (Col Jardin Balbuena),13,1,0,"BO_1971_03432,BO_1973_01107,BO_1973_03490,BO_1973_04120,BO_1973_04218",Venustiano Carranza
TP,TLP-1,Coord Territorial 1 Tlalpan (Col Ampliacion Miguel Hidalgo),13,1,0,"BO_1970_00880,BO_1970_00901,BO_1970_01085,BO_1970_01128,BO_1970_01171",Tlalpan
GAM-I-,GAM-1,Coord Territorial 1 Gustavo A Madero (Col Cuautepec Barrio Bajo),13,1,0,"BO_1977_05376,BO_1977_05400,BO_1977_05617,BO_1977_05621,BO_1977_06757",Gustavo A Madero
HC,CUH-7,Coord Territorial 7 Cuauhtemoc (Col Roma),13,1,0,"BO_1974_00008,BO_1974_00343,BO_1974_02590,BO_1974_02593,BO_1974_02597",Cuauhtemoc
Tlahuac,TLH-1,Coord Territorial 1 Tlahuac (Col Del Mar),13,1,0,"BO_1968_00919,BO_1968_02241,BO_1969_02308,BO_1971_00885,BO_1971_01174",Tlahuac
14a Deleg.,AZC-2,Coord Territorial 2 Azcapotzalco (Col Del Maestro),12,1,0,"BO_1972_01179,BO_1972_01363,BO_1972_01529,BO_1972_01542,BO_1972_01555",Azcapotzalco
IZA II,IZP-2,Coord Territorial 2 Iztapalapa (Barrio Santa Barbara),12,1,0,"BO_1977_05875,BO_1977_05876,BO_1977_05894,BO_1977_05898,BO_1977_05915",Iztapalapa
8a Deleg.,BJ-3,Coord Territorial 3 Benito Juarez (Col Zacahuizco),12,1,0,"BO_1972_01382,BO_1972_01397,BO_1972_01548,BO_1972_01568,BO_1972_01647",Benito Juarez
MH-HRL-,HGRL,Hospital Ruben Leñero (Col Santo Tomas),12,1,0,"BO_1977_05383,BO_1977_05384,BO_1977_05401,BO_1977_05608,BO_1977_05611",Miguel Hidalgo
H. T. Xoco,HX,Hospital Xoco (Col General Anaya),11,1,0,"BO_1971_01348,BO_1971_01350,BO_1971_01629,BO_1971_01672,BO_1971_01791",Benito Juarez
CH V,CUH-5,Coord Territorial 5 Cuauhtémoc (Col Santa María La Ribera),11,1,0,"BO_1977_05946,BO_1977_05949,BO_1977_05955,BO_1977_05962,BO_1977_05969",Cuauhtemoc
VC I,VC-1,Coord Territorial 1 Venustiano Carranza (Col Merced),11,1,0,"BO_1977_05893,BO_1977_05901,BO_1977_05916,BO_1977_05927,BO_1977_05939",Venustiano Carranza
C-HX-,HX,Hospital Xoco (Col General Anaya),10,1,0,"BO_1977_05390,BO_1977_06761,BO_1977_06804,BO_1977_07015,BO_1977_07021",Benito Juarez
IZO-I-,IZC-1,Coord Territorial 1 Iztacalco (Col Santa Anita),10,1,0,"BO_1977_05409,BO_1977_05625,BO_1977_05634,BO_1977_06756,BO_1977_06765",Iztacalco
C.M.N,CMN20N,Hospital Centro Medico Nacional 20 de Noviembre (Col del Valle Sur),10,1,0,"BO_1972_02038,BO_1973_04237,BO_1973_04278,BO_1973_04280,BO_1973_04329",Benito Juarez
VC-II-,VC-2,Coord Territorial 2 Venustiano Carranza (Col Moctezuma 2a Seccion),10,1,0,"BO_1977_05382,BO_1977_05629,BO_1977_05713,BO_1977_06751,BO_1977_06755",Venustiano Carranza
1a Deleg.,CUH-1,Coord Territorial 1 Cuauhtemoc (Col San Simon Tolnahuac),9,1,0,"BO_1972_01362,BO_1972_01532,BO_1972_01543,BO_1972_01904,BO_1972_01912",Cuauhtemoc
GAM-HV-,HV,Hospital la Villa (Col Granjas Modernas),9,1,0,"BO_1977_06769,BO_1977_06994,BO_1977_07008,BO_1977_07009,BO_1977_07022",Gustavo A Madero
Villa Obregon,VO,Villa Obregon,9,1,0,"BO_1968_02607,BO_1971_01950,BO_1971_01963,BO_1971_01971,BO_1972_01124",Alvaro Obregon
7a Delegacion,CUH-6,Coord Territorial 6 Cuauhtemoc (Col Centro),9,1,0,"BO_1968_00730,BO_1968_00751,BO_1968_00757,BO_1968_00796,BO_1968_00982",Cuauhtemoc
CH-V-,CUH-5,Coord Territorial 5 Cuauhtémoc (Col Santa María La Ribera),9,1,0,"BO_1977_05372,BO_1977_05399,BO_1977_05404,BO_1977_05630,BO_1977_05644",Cuauhtemoc
30a,MH-4,Coord Territorial 4 Miguel Hidalgo (Col Ampliacion Daniel Garza),9,1,0,"BO_1977_01997,BO_1977_07109,BO_1978_06181,BO_1978_06893,BO_1979_00325",Miguel Hidalgo
CMN,HCMS21,Hospital Centro Médico Nacional Siglo XXI (Col Doctores),9,1,0,"BO_1973_01765,BO_1973_04044,BO_1974_00527,BO_1974_01982,BO_1974_02093",Cuauhtemoc
H.T.Villa,HV,Hospital la Villa (Col Granjas Modernas),8,1,0,"BO_1968_00991,BO_1968_00992,BO_1968_01213,BO_1968_01344,BO_1968_01399",Gustavo A Madero
7a deleg.,CUH-6,Coord Territorial 6 Cuauhtemoc (Col Centro),8,1,0,"BO_1972_03420,BO_1972_03519,BO_1972_03534,BO_1972_03690,BO_1972_03691",Cuauhtemoc
CV-1,CUH-1,Coord Territorial 1 Cuauhtemoc (Col San Simon Tolnahuac),8,1,0,"BO_1975_00075,BO_1975_00076,BO_1975_00223,BO_1975_00224,BO_1975_00296",Cuauhtemoc
12a Del.,BJ-2,Coord Territorial 2 Benito Juarez (Col Santa Cruz Atoyac),8,1,0,"BO_1968_00758,BO_1968_00904,BO_1968_02169,BO_1968_02176,BO_1968_02278",Benito Juarez
C.R,CR,Cruz Roja (Col Polanco),8,1,0,"BO_1972_03643,BO_1973_04116,BO_1973_04145,BO_1973_04228,BO_1973_04334",Miguel Hidalgo
CU-I,CUH-1,Coord Territorial 1 Cuauhtemoc (Col San Simon Tolnahuac),8,1,0,"BO_1976_05554,BO_1976_06300,BO_1976_06398,BO_1977_00054,BO_1977_00080",Cuauhtemoc
5a Deleg.,STCMZV,Sistema de Transporte Colectivo Metro Zarco y Violeta (Col Guerrero),8,1,0,"BO_1972_01415,BO_1972_01547,BO_1972_01592,BO_1972_01668,BO_1972_01816",Cuauhtemoc
MH-I-,MH-1,Coord Territorial 1 Miguel Hidalgo – Hospital Ruben Leñero (Col Tacuba),8,1,0,"BO_1977_05374,BO_1977_05595,BO_1977_05642,BO_1977_06763,BO_1977_06764",Miguel Hidalgo
H.R.L.,HGRL,Hospital Ruben Leñero (Col Santo Tomas),8,1,0,"BO_1968_01063,BO_1968_01071,BO_1968_01076,BO_1968_01080,BO_1968_01087",Miguel Hidalgo
CH II,CUH-2,Coord Territorial 2 Cuauhtémoc (Col Buenavista),8,1,0,"BO_1977_05870,BO_1977_05885,BO_1977_05900,BO_1977_05914,BO_1977_05926",Cuauhtemoc
3a Deleg.,CUH-7,Coord Territorial 7 Cuauhtemoc (Col Roma),8,1,0,"BO_1972_01344,BO_1972_01355,BO_1972_01385,BO_1972_01614,BO_1972_01766",Cuauhtemoc
BJ-I-,BJ-1,Coord Territorial 1 Benito Juarez (Col Santa Cruz Atoyac),8,1,0,"BO_1977_05597,BO_1977_05615,BO_1977_05616,BO_1977_06776,BO_1977_06780",Benito Juarez
13a delegacion,GAM-2,Coord Territorial 2 Gustavo A Madero (Col Aragon La Villa),7,1,0,"BO_1969_00913,BO_1973_05056,BO_1973_05061,BO_1973_05074,BO_1973_05125",Gustavo A Madero
H.T. Balbuena,HB,Hospital Balbuena (Col Jardin Balbuena),7,1,0,"BO_1968_00746,BO_1968_00747,BO_1968_00748,BO_1971_01221,BO_1972_01317",Venustiano Carranza
GAM I,GAM-1,Coord Territorial 1 Gustavo A Madero (Col Cuautepec Barrio Bajo),7,1,0,"BO_1977_05883,BO_1977_05908,BO_1977_05958,BO_1977_05967,BO_1977_05990",Gustavo A Madero
BJ-CH,HCMS21,Hospital Centro Médico Nacional Siglo XXI (Col Doctores),7,1,0,"BO_1975_02136,BO_1975_03058,BO_1976_00538,BO_1977_01206,BO_1977_01800",Cuauhtemoc
CH-I-,CUH-1,Coord Territorial 1 Cuauhtemoc (Col San Simon Tolnahuac),7,1,0,"BO_1977_05381,BO_1977_05419,BO_1977_05643,BO_1977_06752,BO_1977_06753",Cuauhtemoc
IZA-II-,IZP-2,Coord Territorial 2 Iztapalapa (Barrio Santa Barbara),7,1,0,"BO_1977_05637,BO_1977_06782,BO_1977_06800,BO_1977_06934,BO_1977_06935",Iztapalapa
GAM-III-,GAM-3,Coord Territorial 3 Gustavo A Madero - Hosp Mag Salinas (Col Magdalena de las Salinas),7,1,0,"BO_1977_05407,BO_1977_05635,BO_1977_06759,BO_1977_06796,BO_1977_06928",Gustavo A Madero
13a deleg.,GAM-2,Coord Territorial 2 Gustavo A Madero (Col Aragon La Villa),7,1,0,"BO_1972_03698,BO_1972_03832,BO_1972_03988,BO_1972_04148,BO_1972_04149",Gustavo A Madero
Milpa Alta,MIL-1,Coord Territorial 1 Milpa Alta (Col Milpa Alta),7,1,0,"BO_1968_02228,BO_1968_02418,BO_1969_01144,BO_1969_02330,BO_1969_04213",Milpa Alta
CH III,CUH-3,Coord Territorial 3 Cuauhtémoc (Col Morelos),7,1,0,"BO_1977_05899,BO_1977_05904,BO_1977_05909,BO_1977_05953,BO_1977_05957",Cuauhtemoc
AZ I,AZC-1,Coord Territorial 1 Azcapotzalco (Col El Rosario),7,1,0,"BO_1977_05892,BO_1977_05945,BO_1977_05954,BO_1977_05964,BO_1977_05982",Azcapotzalco
Balbuena,HB,Hospital Balbuena (Col Jardin Balbuena),7,1,0,"BO_1968_00967,BO_1968_01511,BO_1968_03031,BO_1968_03072,BO_1971_03705",Venustiano Carranza
12a Del,BJ-2,Coord Territorial 2 Benito Juarez (Col Santa Cruz Atoyac),7,1,0,"BO_1968_01211,BO_1968_01219,BO_1968_01288,BO_1968_01345,BO_1968_01361",Benito Juarez
H.T.V,HV,Hospital la Villa (Col Granjas Modernas),6,1,0,"BO_1968_01008,BO_1972_05397,BO_1973_04161,BO_1973_04260,BO_1973_05541",Gustavo A Madero
IZA-I-,IZP-1,Coord Territorial 1 Iztapalapa (Barrio de San Lucas),6,1,0,"BO_1977_05397,BO_1977_05398,BO_1977_05408,BO_1977_06790,BO_1977_06792",Iztapalapa
PGR,PGR,Procuraduria General de la Republica,6,1,0,"BO_1974_02219,BO_1974_04534,BO_1974_04535,BO_1974_04536,BO_1974_04537",
30,MH-4,Coord Territorial 4 Miguel Hidalgo (Col Ampliacion Daniel Garza),6,1,0,"BO_1980_07567,BO_1981_00447,BO_1981_01360,BO_1981_02927,BO_1981_06328",Miguel Hidalgo
BJ-H20,HCMS21,Hospital Centro Médico Nacional Siglo XXI (Col Doctores),6,1,0,"BO_1975_00368,BO_1975_06446,BO_1975_06458,BO_1975_06490,BO_1975_06548",Cuauhtemoc
MH-CR-,CR,Cruz Roja (Col Polanco),6,1,0,"BO_1977_05620,BO_1977_05623,BO_1977_05631,BO_1977_05638,BO_1977_07014",Miguel Hidalgo
MH-II-,MH-2,Coord Territorial 2 Miguel Hidalgo (Col Pensil),6,1,0,"BO_1977_05375,BO_1977_05387,BO_1977_05396,BO_1977_05609,BO_1977_05624",Miguel Hidalgo
AZ-I-,AZC-1,Coord Territorial 1 Azcapotzalco (Col El Rosario),6,1,0,"BO_1977_05641,BO_1977_05645,BO_1977_06794,BO_1977_06802,BO_1977_06936",Azcapotzalco
BJ-III-,BJ-3,Coord Territorial 3 Benito Juarez (Col Zacahuizco),5,1,0,"BO_1977_05594,BO_1977_05598,BO_1977_05640,BO_1977_06798,BO_1977_06803",Benito Juarez
H.T.Balbuena,HB,Hospital Balbuena (Col Jardin Balbuena),5,1,0,"BO_1972_00880,BO_1972_01258,BO_1972_01290,BO_1972_01347,BO_1972_02097",Venustiano Carranza
4a Deleg.,CUH-8,Coord Territorial 8 Cuauhtemoc (Col Obrera),5,1,0,"BO_1972_01361,BO_1972_01396,BO_1972_01665,BO_1972_01744,BO_1972_01931",Cuauhtemoc
VC-MB,VC-1,Coord Territorial 1 Venustiano Carranza (Col Merced),5,1,0,"BO_1976_05530,BO_1976_05548,BO_1976_05549,BO_1976_05550,BO_1976_06309",Venustiano Carranza
Obregon,AO-1,Coord Territorial 1 Alvaro Obregon (Col Cristo Rey),5,1,0,"BO_1969_02342,BO_1969_02343,BO_1969_02346,BO_1969_02375,BO_1973_03349",Alvaro Obregon
VC-I-,VC-1,Coord Territorial 1 Venustiano Carranza (Col Merced),5,1,0,"BO_1977_05386,BO_1977_05649,BO_1977_06768,BO_1977_06799,BO_1977_06997",Venustiano Carranza
13a. Del.,GAM-2,Coord Territorial 2 Gustavo A Madero (Col Aragon La Villa),5,1,0,"BO_1968_00997,BO_1968_01018,BO_1968_01021,BO_1968_01047,BO_1968_01100",Gustavo A Madero
12a Deleg.,BJ-2,Coord Territorial 2 Benito Juarez (Col Santa Cruz Atoyac),5,1,0,"BO_1972_01378,BO_1972_01409,BO_1972_01546,BO_1972_01756,BO_1972_01774",Benito Juarez
CH-X,HX,Hospital Xoco (Col General Anaya),4,1,0,"BO_1975_02611,BO_1977_03660,BO_1977_03682,BO_1977_03698",Benito Juarez
3a Delegacion,CUH-7,Coord Territorial 7 Cuauhtemoc (Col Roma),4,1,0,"BO_1973_00836,BO_1973_04728,BO_1973_05422,BO_1973_06057",Cuauhtemoc
OTU,AO-1,Coord Territorial 1 Alvaro Obregon (Col Cristo Rey),4,1,0,"BO_1976_01835,BO_1976_02711,BO_1976_02712,BO_1976_04769",Alvaro Obregon
TP I,TLP-1,Coord Territorial 1 Tlalpan (Col Ampliacion Miguel Hidalgo),4,1,0,"BO_1977_05931,BO_1977_05942,BO_1977_05993,BO_1977_06031",Tlalpan
MA,MIL-1,Coord Territorial 1 Milpa Alta (Col Milpa Alta),4,1,0,"BO_1970_01091,BO_1970_01525,BO_1970_02133,BO_1976_01902",Milpa Alta
BJ-H20N-,HCMS21,Hospital Centro Médico Nacional Siglo XXI (Col Doctores),4,1,0,"BO_1977_05380,BO_1977_05406,BO_1977_07003,BO_1977_07004",Cuauhtemoc
TC,TLP-1,Coord Territorial 1 Tlalpan (Col Ampliacion Miguel Hidalgo),4,1,0,"BO_1970_01205,BO_1970_01330,BO_1970_01602,BO_1970_02028",Tlalpan
GAM III,GAM-3,Coord Territorial 3 Gustavo A Madero - Hosp Mag Salinas (Col Magdalena de las Salinas),4,1,0,"BO_1977_05826,BO_1977_05920,BO_1977_05923,BO_1977_06021",Gustavo A Madero
Coyoacán,COY-1,Coord Territorial 1 Coyoacan (Col Romero de Terreros),4,1,0,"BO_1972_01421,BO_1972_01595,BO_1972_01658,BO_1972_01939",Coyoacan
20A,IZP-5,Coord Territorial 5 Iztapalapa (Col V Guerrero),4,1,0,"BO_1979_01775,BO_1982_06275,BO_1982_06276,BO_1982_06293",Iztapalapa
H.T. Blabuena,HB,Hospital Balbuena (Col Jardin Balbuena),4,1,0,"BO_1972_01310,BO_1972_01411,BO_1972_01598,BO_1972_01599",Venustiano Carranza
10a Deleg.,BJ-1,Coord Territorial 1 Benito Juarez (Col Santa Cruz Atoyac),4,1,0,"BO_1972_01623,BO_1972_01718,BO_1972_01768,BO_1972_04584",Benito Juarez
CHX,HX,Hospital Xoco (Col General Anaya),4,1,0,"BO_1975_06807,BO_1976_00176,BO_1976_00398,BO_1977_01175",Benito Juarez
MH HRL,HGRL,Hospital Ruben Leñero (Col Santo Tomas),4,1,0,"BO_1977_05935,BO_1977_06005,BO_1977_06071,BO_1977_06072",Miguel Hidalgo
13 Deleg.,GAM-2,Coord Territorial 2 Gustavo A Madero (Col Aragon La Villa),4,1,0,"BO_1972_04692,BO_1972_04727,BO_1972_04751,BO_1973_04142",Gustavo A Madero
50a,SC,,4,1,0,"BO_1979_01440,BO_1979_04268,BO_1979_05521,BO_1982_02467",
C-I-,CUH-1,Coord Territorial 1 Cuauhtemoc (Col San Simon Tolnahuac),4,1,0,"BO_1977_05378,BO_1977_05596,BO_1977_06981,BO_1977_07006",Cuauhtemoc
AO I,AO-1,Coord Territorial 1 Alvaro Obregon (Col Cristo Rey),4,1,0,"BO_1977_05948,BO_1977_05956,BO_1977_05986,BO_1977_05992",Alvaro Obregon
H. de B.,HB,Hospital Balbuena (Col Jardin Balbuena),4,1,0,"BO_1972_01919,BO_1972_01920,BO_1972_01921,BO_1972_01943",Venustiano Carranza
C. Roja,CR,Cruz Roja (Col Polanco),4,1,0,"BO_1971_00874,BO_1972_01949,BO_1972_03782,BO_1972_03803",Miguel Hidalgo
IZO I,IZC-1,Coord Territorial 1 Iztacalco (Col Santa Anita),3,1,0,"BO_1977_05888,BO_1977_05889,BO_1977_06008",Iztacalco
H.T. Villa,HV,Hospital la Villa (Col Granjas Modernas),3,1,0,"BO_1968_00853,BO_1972_01375,BO_1972_03600",Gustavo A Madero
Centro Medico,HCMS21,Hospital Centro Médico Nacional Siglo XXI (Col Doctores),3,1,0,"BO_1968_01384,BO_1971_00881,BO_1972_04669",Cuauhtemoc
MC,MC-1,Coord Territorial 1 Magdalena Contreras (Col Ampliacion Contreras),3,1,0,"BO_1970_00809,BO_1970_02085,BO_1970_04427",Magdalena Contreras
CO-I-,COY-1,Coord Territorial 1 Coyoacan (Col Romero de Terreros),3,1,0,"BO_1977_06754,BO_1977_06779,BO_1977_07023",Coyoacan
C-VC-HB,HB,Hospital Balbuena (Col Jardin Balbuena),3,1,0,"BO_1975_06808,BO_1975_06831,BO_1975_06853",Venustiano Carranza
MH-HRL-C,HGRL,Hospital Ruben Leñero (Col Santo Tomas),3,1,0,"BO_1975_03735,BO_1975_04159,BO_1975_06805",Miguel Hidalgo
GAM HV,HV,Hospital la Villa (Col Granjas Modernas),3,1,0,"BO_1977_05887,BO_1977_05974,BO_1977_06070",Gustavo A Madero
BJ-H,HCMS21,Hospital Centro Médico Nacional Siglo XXI (Col Doctores),3,1,0,"BO_1975_00024,BO_1975_00035,BO_1976_06022",Cuauhtemoc
MH I,MH-1,Coord Territorial 1 Miguel Hidalgo – Hospital Ruben Leñero (Col Tacuba),3,1,0,"BO_1977_05886,BO_1977_05997,BO_1977_06028",Miguel Hidalgo
CH I,CUH-1,Coord Territorial 1 Cuauhtemoc (Col San Simon Tolnahuac),3,1,0,"BO_1977_05968,BO_1977_05996,BO_1977_06000",Cuauhtemoc
GAM IV,GAM-4,Coord Territorial 4 Gustavo A Madero (Col Aragon la Villa),3,1,0,"BO_1977_05867,BO_1977_05871,BO_1977_05991",Gustavo A Madero
GAM-HB,HB,Hospital Balbuena (Col Jardin Balbuena),3,1,0,"BO_1975_05285,BO_1976_05767,BO_1977_04075",Venustiano Carranza
IZA-3,IZP-3,Coord Territorial 3 Iztapalapa (Central de Abastos),3,1,0,"BO_1975_04700,BO_1976_02145,BO_1976_03079",Iztapalapa
CH-II-,CUH-2,Coord Territorial 2 Cuauhtémoc (Col Buenavista),3,1,0,"BO_1977_05632,BO_1977_06766,BO_1977_07020",Cuauhtemoc
C.M. Nal.,CMN20N,Hospital Centro Medico Nacional 20 de Noviembre (Col del Valle Sur),3,1,0,"BO_1972_01737,BO_1973_01874,BO_1973_01978",Benito Juarez
H. T. La Villa,HV,Hospital la Villa (Col Granjas Modernas),3,1,0,"BO_1971_01358,BO_1971_01359,BO_1971_01647",Gustavo A Madero
MH-CA,CR,Cruz Roja (Col Polanco),3,1,0,"BO_1977_01172,BO_1977_01481,BO_1977_01621",Miguel Hidalgo
CH IV,CUH-4,Coord Territorial 4 Cuauhtémoc (Col Centro),3,1,0,"BO_1977_05973,BO_1977_05978,BO_1977_06043",Cuauhtemoc
H.T. Xoco,HX,Hospital Xoco (Col General Anaya),3,1,0,"BO_1972_01360,BO_1973_01194,BO_1973_01954",Benito Juarez
13a Delegacion,GAM-2,Coord Territorial 2 Gustavo A Madero (Col Aragon La Villa),3,1,0,"BO_1973_04751,BO_1973_05270,BO_1973_05530",Gustavo A Madero
VC-3,VC-3,Coord Territorial 3 Venustiano Carranza – Hospital De  Balbuena (Col Jardin Balbuena),3,1,0,"BO_1975_00783,BO_1976_02734,BO_1976_03271",Venustiano Carranza
16a Del.,GAM-7,Coord Territorial 7 Gustavo A Madero (Col San Juan de Aragon),3,1,0,"BO_1968_01320,BO_1968_01490,BO_1968_02389",Gustavo A Madero
18A,IZC-2,Coord Territorial 2 Iztacalco (Col Gabriel Ramos Millan),3,1,0,"BO_1970_00985,BO_1974_04278,BO_1982_06291",Iztacalco
16A,GAM-7,Coord Territorial 7 Gustavo A Madero (Col San Juan de Aragon),3,1,0,"BO_1970_01274,BO_1974_04822,BO_1982_06285",Gustavo A Madero
37A,CR,Cruz Roja (Col Polanco),3,1,0,"BO_1982_00001,BO_1982_06281,BO_1982_06299",Miguel Hidalgo
V. Obregon,VO,Villa Obregon,3,1,0,"BO_1971_00879,BO_1971_01217,BO_1971_03064",Alvaro Obregon
39a,GAM-2,Coord Territorial 2 Gustavo A Madero (Col Aragon La Villa),3,1,0,"BO_1977_07153,BO_1978_03710,BO_1979_02396",Gustavo A Madero
AZ,AZC-1,Coord Territorial 1 Azcapotzalco (Col El Rosario),3,1,0,"BO_1975_05978,BO_1976_01837,BO_1977_00025",Azcapotzalco
V.O,VO,Villa Obregon,3,1,0,"BO_1972_04608,BO_1973_05416,BO_1973_05458",Alvaro Obregon
33A,HB,Hospital Balbuena (Col Jardin Balbuena),3,1,0,"BO_1979_01134,BO_1979_02315,BO_1979_05594",Venustiano Carranza
VAO,AO-1,Coord Territorial 1 Alvaro Obregon (Col Cristo Rey),3,1,0,"BO_1974_00135,BO_1974_05396,BO_1974_05397",Alvaro Obregon
9a Delegacion,MH-1,Coord Territorial 1 Miguel Hidalgo – Hospital Ruben Leñero (Col Tacuba),3,1,0,"BO_1973_05170,BO_1973_05180,BO_1973_05188",Miguel Hidalgo
2a deelg,VC-1,Coord Territorial 1 Venustiano Carranza (Col Merced),3,1,0,"BO_1973_01570,BO_1973_01774,BO_1973_03493",Venustiano Carranza
AO,AO-1,Coord Territorial 1 Alvaro Obregon (Col Cristo Rey),3,1,0,"BO_1970_01241,BO_1970_02125,BO_1970_02128",Alvaro Obregon
MH-III,MH-3,Coord Territorial 3 Miguel Hidalgo – Hospital Cruz Roja (Col Lomas de Chapultepec),3,1,0,"BO_1977_01651,BO_1977_01711,BO_1977_04787",Miguel Hidalgo
Alvaro Obregon,AO-1,Coord Territorial 1 Alvaro Obregon (Col Cristo Rey),3,1,0,"BO_1969_00989,BO_1973_01437,BO_1973_01440",Alvaro Obregon
24A,AOB-3,Coord Territorial 3 Alvaro Obregon (Col Progreso Tizapan),3,1,0,"BO_1979_01776,BO_1982_06272,BO_1982_06290",Alvaro Obregon
23A,TLP-2,Coord Territorial 2 Tlalpan (Col La Joya),3,1,0,"BO_1982_06267,BO_1982_06271,BO_1982_06282",Tlalpan
10 deleg,BJ-1,Coord Territorial 1 Benito Juarez (Col Santa Cruz Atoyac),3,1,0,"BO_1969_01046,BO_1969_03999,BO_1973_01707",Benito Juarez
VI-HB,HB,Hospital Balbuena (Col Jardin Balbuena),2,1,0,"BO_1977_01791,BO_1977_05782",Venustiano Carranza
VCHB,HB,Hospital Balbuena (Col Jardin Balbuena),2,1,0,"BO_1977_00448,BO_1977_05721",Venustiano Carranza
C-MH-HRL,HGRL,Hospital Ruben Leñero (Col Santo Tomas),2,1,0,"BO_1975_03077,BO_1975_05097",Miguel Hidalgo
7a. Delegacion,CUH-6,Coord Territorial 6 Cuauhtemoc (Col Centro),2,1,0,"BO_1973_04920,BO_1973_05409",Cuauhtemoc
Villa A. Obregon,VO,Villa Obregon,2,1,0,"BO_1971_02249,BO_1972_02014",Alvaro Obregon
CH VI,CUH-6,Coord Territorial 6 Cuauhtemoc (Col Centro),2,1,0,"BO_1977_06020,BO_1977_06022",Cuauhtemoc
4a Delegacion,CUH-8,Coord Territorial 8 Cuauhtemoc (Col Obrera),2,1,0,"BO_1973_04764,BO_1973_06076",Cuauhtemoc
CH,CUH-1,Coord Territorial 1 Cuauhtemoc (Col San Simon Tolnahuac),2,1,0,"BO_1974_05402,BO_1975_02411",Cuauhtemoc
GAM-II-,GAM-2,Coord Territorial 2 Gustavo A Madero (Col Aragon La Villa),2,1,0,"BO_1977_06758,BO_1977_06784",Gustavo A Madero
R.L.,HGRL,Hospital Ruben Leñero (Col Santo Tomas),2,1,0,"BO_1973_03173,BO_1973_03174",Miguel Hidalgo
Ia Deleg ,CUH-1,Coord Territorial 1 Cuauhtemoc (Col San Simon Tolnahuac),2,1,0,"BO_1972_00917,BO_1972_02062",Cuauhtemoc
IZO-2,IZC-2,Coord Territorial 2 Iztacalco (Col Gabriel Ramos Millan),2,1,0,"BO_1975_01338,BO_1975_03566",Iztacalco
16a Deleg,GAM-2,Coord Territorial 2 Gustavo A Madero (Col Aragon La Villa),2,1,0,"BO_1972_01223,BO_1972_01244",Gustavo A Madero
VI-II,VC-2,Coord Territorial 2 Venustiano Carranza (Col Moctezuma 2a Seccion),2,1,0,"BO_1977_01477,BO_1977_03672",Venustiano Carranza
15a Deleg,GAM-2,Coord Territorial 2 Gustavo A Madero (Col Aragon La Villa),2,1,0,"BO_1971_01858,BO_1973_04485",Gustavo A Madero
14a Delegacion,AZC-2,Coord Territorial 2 Azcapotzalco (Col Del Maestro),2,1,0,"BO_1973_04741,BO_1973_05309",Azcapotzalco
TP-I-,TLP-1,Coord Territorial 1 Tlalpan (Col Ampliacion Miguel Hidalgo),2,1,0,"BO_1977_06748,BO_1977_06771",Tlalpan
CJ-CM,HCMS21,Hospital Centro Médico Nacional Siglo XXI (Col Doctores),2,1,0,"BO_1975_03047,BO_1975_03048",Cuauhtemoc
20aa,IZP-5,Coord Territorial 5 Iztapalapa (Col V Guerrero),2,1,0,"BO_1982_03900,BO_1982_04749",Iztapalapa
20a Deleg,IZP-5,Coord Territorial 5 Iztapalapa (Col V Guerrero),2,1,0,"BO_1971_01889,BO_1973_05449",Iztapalapa
Hosp Villa,HV,Hospital la Villa (Col Granjas Modernas),2,1,0,"BO_1972_01140,BO_1972_01141",Gustavo A Madero
IZA I,IZP-1,Coord Territorial 1 Iztapalapa (Barrio de San Lucas),2,1,0,"BO_1977_05929,BO_1977_05988",Iztapalapa
CU I,CUH-1,Coord Territorial 1 Cuauhtemoc (Col San Simon Tolnahuac),2,1,0,"BO_1977_05960,BO_1977_06032",Cuauhtemoc
1a deleg.,CUH-1,Coord Territorial 1 Cuauhtemoc (Col San Simon Tolnahuac),2,1,0,"BO_1972_04475,BO_1972_05399",Cuauhtemoc
28A,TLH-2,Coord Territorial 2 Tlahuac (Col Barrio La Asuncion),2,1,0,"BO_1974_03361,BO_1979_01774",Tlahuac
2a Delegacion,VC-1,Coord Territorial 1 Venustiano Carranza (Col Merced),2,1,0,"BO_1973_05175,BO_1973_06053",Venustiano Carranza
DGAP,SC,,2,1,0,"BO_1979_00103,BO_1979_05029",
CI,CUH-1,Coord Territorial 1 Cuauhtemoc (Col San Simon Tolnahuac),2,1,0,"BO_1976_00122,BO_1977_05838",Cuauhtemoc
TP.I-,TLP-1,Coord Territorial 1 Tlalpan (Col Ampliacion Miguel Hidalgo),2,1,0,"BO_1977_05388,BO_1977_05389",Tlalpan
31a,BJ-1,Coord Territorial 1 Benito Juarez (Col Santa Cruz Atoyac),2,1,0,"BO_1979_07080,BO_1982_03510",Benito Juarez
CH-IV-,CUH-4,Coord Territorial 4 Cuauhtémoc (Col Centro),2,1,0,"BO_1977_06775,BO_1977_06778",Cuauhtemoc
33a+30a,HB+MH-4,Coord Territorial 4 Miguel Hidalgo (Col Ampliacion Daniel Garza) + Hospital Balbuena (Col Jardin Balbuena),2,2,0,"BO_1977_02043,BO_1982_01735",Miguel Hidalgo + Venustiano Carranza
CH-III-,CUH-3,Coord Territorial 3 Cuauhtémoc (Col Morelos),2,1,0,"BO_1977_05403,BO_1977_06774",Cuauhtemoc
GAM,GAM-1,Coord Territorial 1 Gustavo A Madero (Col Cuautepec Barrio Bajo),2,1,0,"BO_1975_01348,BO_1975_05531",Gustavo A Madero
Iztacala,AZC-1,Coord Territorial 1 Azcapotzalco (Col El Rosario),2,1,0,"BO_1968_00811,BO_1968_02394",Azcapotzalco
19A,IZP-1,Coord Territorial 1 Iztapalapa (Barrio de San Lucas),2,1,0,"BO_1974_05051,BO_1982_06294",Iztapalapa
18a Deleg,IZC-2,Coord Territorial 2 Iztacalco (Col Gabriel Ramos Millan),2,1,0,"BO_1971_01900,BO_1972_01226",Iztacalco
16a deleg,GAM-2,Coord Territorial 2 Gustavo A Madero (Col Aragon La Villa),2,1,0,"BO_1969_00985,BO_1969_00991",Gustavo A Madero
13a. Delegacion,GAM-2,Coord Territorial 2 Gustavo A Madero (Col Aragon La Villa),2,1,0,"BO_1973_06052,BO_1973_06074",Gustavo A Madero
CV-II,TLP-2,Coord Territorial 2 Tlalpan (Col La Joya),2,1,0,"BO_1976_00278,BO_1976_06519",Tlalpan
HCX,HX,Hospital Xoco (Col General Anaya),2,1,0,"BO_1976_03818,BO_1976_05237",Benito Juarez
C-HV,HV,Hospital la Villa (Col Granjas Modernas),2,1,0,"BO_1977_01677,BO_1977_04101",Gustavo A Madero
izatapalapa,IZP-1,Coord Territorial 1 Iztapalapa (Barrio de San Lucas),2,1,0,"BO_1969_00906,BO_1969_00916",Iztapalapa
AO-I-,AO-1,Coord Territorial 1 Alvaro Obregon (Col Cristo Rey),2,1,0,"BO_1977_06747,BO_1977_06749",Alvaro Obregon
BJ-II-,BJ-2,Coord Territorial 2 Benito Juarez (Col Santa Cruz Atoyac),2,1,0,"BO_1977_05373,BO_1977_05619",Benito Juarez
Milpa alta,MIL-1,Coord Territorial 1 Milpa Alta (Col Milpa Alta),2,1,0,"BO_1969_00843,BO_1973_03187",Milpa Alta
HB+MH-HRL,HGRL,Hospital Ruben Leñero (Col Santo Tomas),2,1,0,"BO_1976_00168,BO_1976_05115",Miguel Hidalgo
AH-VI,AH-VI,,2,1,0,"BO_1976_05604,BO_1977_02674",
H de la villa,HV,Hospital la Villa (Col Granjas Modernas),2,1,0,"BO_1973_01415,BO_1973_01416",Gustavo A Madero
C-C-HX,HX,Hospital Xoco (Col General Anaya),2,1,0,"BO_1975_04404,BO_1976_00685",Benito Juarez
H. Villa,HV,Hospital la Villa (Col Granjas Modernas),2,1,0,"BO_1972_01217,BO_1972_01335",Gustavo A Madero
HB IZO-1,IZC-1,Coord Territorial 1 Iztacalco (Col Santa Anita),2,1,0,"BO_1975_01790,BO_1975_02474",Iztacalco
H. T. Villa,HV,Hospital la Villa (Col Granjas Modernas),2,1,0,"BO_1971_01332,BO_1971_01333",Gustavo A Madero
coyoacan,COY-1,Coord Territorial 1 Coyoacan (Col Romero de Terreros),2,1,0,"BO_1973_01469,BO_1973_01477",Coyoacan
MHCR,CR,Cruz Roja (Col Polanco),2,1,0,"BO_1976_05650,BO_1977_05845",Miguel Hidalgo
C Roja,CR,Cruz Roja (Col Polanco),2,1,0,"BO_1973_01443,BO_1974_03856",Miguel Hidalgo
C HX,HX,Hospital Xoco (Col General Anaya),2,1,0,"BO_1977_06036,BO_1977_06057",Benito Juarez
Grupo 4o,CUH-8,Coord Territorial 8 Cuauhtemoc (Col Obrera),2,1,0,"BO_1973_01942,BO_1973_01977",Cuauhtemoc
12a. Del.,BJ-2,Coord Territorial 2 Benito Juarez (Col Santa Cruz Atoyac),2,1,0,"BO_1968_00998,BO_1968_01096",Benito Juarez
Gpo 1,CUH-1,Coord Territorial 1 Cuauhtemoc (Col San Simon Tolnahuac),2,1,0,"BO_1973_03239,BO_1973_03240",Cuauhtemoc
BJ CM,HCMS21,Hospital Centro Médico Nacional Siglo XXI (Col Doctores),2,1,0,"BO_1977_05944,BO_1977_06030",Cuauhtemoc
8a delegacion,BJ-3,Coord Territorial 3 Benito Juarez (Col Zacahuizco),2,1,0,"BO_1972_03638,BO_1973_05234",Benito Juarez
Azcapotzalco,AZC-1,Coord Territorial 1 Azcapotzalco (Col El Rosario),2,1,0,"BO_1968_00820,BO_1969_00948",Azcapotzalco
MH-RL,CR,Cruz Roja (Col Polanco),2,1,0,"BO_1975_01577,BO_1976_00037",Miguel Hidalgo
O,AO-1,Coord Territorial 1 Alvaro Obregon (Col Cristo Rey),2,1,0,"BO_1974_02114,BO_1977_02998",Alvaro Obregon
tlalpan,TLP-1,Coord Territorial 1 Tlalpan (Col Ampliacion Miguel Hidalgo),2,1,0,"BO_1973_01338,BO_1973_01572",Tlalpan
HX-C-1,CUH-1+HX,Coord Territorial 1 Cuauhtemoc (Col San Simon Tolnahuac) + Hospital Xoco (Col General Anaya),1,2,0,BO_1975_00716,Benito Juarez + Cuauhtemoc
xochimilco,XO-1,Coord Territorial 1 Xochimilco - Reclusorio Sur (Col San Mateo Jalpa),1,1,0,BO_1969_00909,Xochimilco
HX BJ-2,BJ-2+HX,Coord Territorial 2 Benito Juarez (Col Santa Cruz Atoyac) + Hospital Xoco (Col General Anaya),1,2,0,BO_1975_06843,Benito Juarez
villa,HV,Hospital la Villa (Col Granjas Modernas),1,1,0,BO_1969_01463,Gustavo A Madero
HX+GAM-HV,HV,Hospital la Villa (Col Granjas Modernas),1,1,0,BO_1976_03627,Gustavo A Madero
VC-HB-263 y CH-V-44,CUH-5+HB,Coord Territorial 5 Cuauhtémoc (Col Santa María La Ribera) + Hospital Balbuena (Col Jardin Balbuena),1,2,0,BO_1976_05647,Cuauhtemoc + Venustiano Carranza
HX-,HX,Hospital Xoco (Col General Anaya),1,1,0,BO_1976_02994,Benito Juarez
cruz roja,CR,Cruz Roja (Col Polanco),1,1,0,BO_1973_01470,Miguel Hidalgo
VC-HB-4,HB,Hospital Balbuena (Col Jardin Balbuena),1,1,0,BO_1975_05464,Venustiano Carranza
HX/12a,BJ-2+HX,Coord Territorial 2 Benito Juarez (Col Santa Cruz Atoyac) + Hospital Xoco (Col General Anaya),1,2,0,BO_1974_03450,Benito Juarez
hx,HX,Hospital Xoco (Col General Anaya),1,1,0,BO_1974_04344,Benito Juarez
VC-HB-MH-CR,CR+HB,Cruz Roja (Col Polanco) + Hospital Balbuena (Col Jardin Balbuena),1,2,0,BO_1975_02522,Miguel Hidalgo + Venustiano Carranza
novena delegacion 29946,MH-1,Coord Territorial 1 Miguel Hidalgo – Hospital Ruben Leñero (Col Tacuba),1,1,0,BO_1970_04992,Miguel Hidalgo
HX-CO-1,COY-1+HX,Coord Territorial 1 Coyoacan (Col Romero de Terreros) + Hospital Xoco (Col General Anaya),1,2,0,BO_1975_05436,Benito Juarez + Coyoacan
HX-IZA-1,HX+IZP-1,Coord Territorial 1 Iztapalapa (Barrio de San Lucas) + Hospital Xoco (Col General Anaya),1,2,0,BO_1975_05265,Benito Juarez + Iztapalapa
Hdz juarez 20a,IZP-5,Coord Territorial 5 Iztapalapa (Col V Guerrero),1,2,1,BO_1973_05439,Iztapalapa
H.Villa,HV,Hospital la Villa (Col Granjas Modernas),1,1,0,BO_1972_01219,Gustavo A Madero
H.V.O.,VO,Villa Obregon,1,1,0,BO_1968_00866,Alvaro Obregon
iztapalapa,IZP-1,Coord Territorial 1 Iztapalapa (Barrio de San Lucas),1,1,0,BO_1969_00884,Iztapalapa
HX-IZO-1,HX+IZP-1,Coord Territorial 1 Iztapalapa (Barrio de San Lucas) + Hospital Xoco (Col General Anaya),1,2,0,BO_1975_06085,Benito Juarez + Iztapalapa
VC-HB-IZA-2,HB+IZP-2,Coord Territorial 2 Iztapalapa (Barrio Santa Barbara) + Hospital Balbuena (Col Jardin Balbuena),1,2,0,BO_1975_02953,Iztapalapa + Venustiano Carranza
iztacalco,IZC-1,Coord Territorial 1 Iztacalco (Col Santa Anita),1,1,0,BO_1973_01418,Iztacalco
ia deleg,CUH-1,Coord Territorial 1 Cuauhtemoc (Col San Simon Tolnahuac),1,1,0,BO_1973_01399,Cuauhtemoc
VC.1,VC-1,Coord Territorial 1 Venustiano Carranza (Col Merced),1,1,0,BO_1976_03921,Venustiano Carranza
Xoco+20a,IZP-5,Coord Territorial 5 Iztapalapa (Col V Guerrero),1,1,0,BO_1982_03456,Iztapalapa
Hosp. Balbuena,HB,Hospital Balbuena (Col Jardin Balbuena),1,1,0,BO_1972_01059,Venustiano Carranza
HRL-GAM-HV,GAM-5+HGRL,Coord Territorial 5 Gustavo A Madero (Col San Juan de Aragon) + Hospital Ruben Leñero (Col Santo Tomas),1,2,0,BO_1975_03153,Gustavo A Madero + Miguel Hidalgo
HB-CH-4,CUH-4,Coord Territorial 4 Cuauhtémoc (Col Centro),1,1,0,BO_1975_04581,Cuauhtemoc
HRL-AZ-1,AZC-1+HGRL,Coord Territorial 1 Azcapotzalco (Col El Rosario) + Hospital Ruben Leñero (Col Santo Tomas),1,2,0,BO_1975_04791,Azcapotzalco + Miguel Hidalgo
HRL+CH-6,CUH-6+HGRL,Coord Territorial 6 Cuauhtemoc (Col Centro) + Hospital Ruben Leñero (Col Santo Tomas),1,2,0,BO_1976_02924,Cuauhtemoc + Miguel Hidalgo
HRL AZ-1,AZC-1+HGRL,Coord Territorial 1 Azcapotzalco (Col El Rosario) + Hospital Ruben Leñero (Col Santo Tomas),1,2,0,BO_1975_01795,Azcapotzalco + Miguel Hidalgo
HB-IZO-1,IZC-1,Coord Territorial 1 Iztacalco (Col Santa Anita),1,1,0,BO_1975_06724,Iztacalco
VO-1,VO,Villa Obregon,1,1,0,BO_1975_00590,Alvaro Obregon
HB-BJ-2,BJ-2+HB,Coord Territorial 2 Benito Juarez (Col Santa Cruz Atoyac) + Hospital Balbuena (Col Jardin Balbuena),1,2,0,BO_1975_00834,Benito Juarez + Venustiano Carranza
Villa,HV,Hospital la Villa (Col Granjas Modernas),1,1,0,BO_1974_03857,Gustavo A Madero
HB-VC-2,VC-2,Coord Territorial 2 Venustiano Carranza (Col Moctezuma 2a Seccion),1,1,0,BO_1975_03054,Venustiano Carranza
HM-1,HM-1,,1,1,0,BO_1975_04639,
X-I-,XO-1,Coord Territorial 1 Xochimilco - Reclusorio Sur (Col San Mateo Jalpa),1,1,0,BO_1977_05411,Xochimilco
Vo,VO,Villa Obregon,1,1,0,BO_1973_01821,Alvaro Obregon
"HC,",CUH-7,Coord Territorial 7 Cuauhtemoc (Col Roma),1,1,0,BO_1976_03916,Cuauhtemoc
HRL-VC/HB,HB+HGRL,Hospital Balbuena (Col Jardin Balbuena) + Hospital Ruben Leñero (Col Santo Tomas),1,3,1,BO_1975_00092,Miguel Hidalgo + Venustiano Carranza
HB-AZ-1,AZC-1+HB,Coord Territorial 1 Azcapotzalco (Col El Rosario) + Hospital Balbuena (Col Jardin Balbuena),1,2,0,BO_1975_01883,Azcapotzalco + Venustiano Carranza
XX,HX,Hospital Xoco (Col General Anaya),1,1,0,BO_1974_02104,Benito Juarez
HB VC-1,HB+VC-1,Coord Territorial 1 Venustiano Carranza (Col Merced) + Hospital Balbuena (Col Jardin Balbuena),1,2,0,BO_1975_05470,Venustiano Carranza
HB GAM-HV,GAM-5+HB,Coord Territorial 5 Gustavo A Madero (Col San Juan de Aragon) + Hospital Balbuena (Col Jardin Balbuena),1,2,0,BO_1975_02604,Gustavo A Madero + Venustiano Carranza
VC-M-B,HB,Hospital Balbuena (Col Jardin Balbuena),1,1,0,BO_1975_02579,Venustiano Carranza
X-1-VC-1,VC-1+XO-1,Coord Territorial 1 Venustiano Carranza (Col Merced) + Coord Territorial 1 Xochimilco - Reclusorio Sur (Col San Mateo Jalpa),1,2,0,BO_1975_04292,Venustiano Carranza + Xochimilco
HV.,HV,Hospital la Villa (Col Granjas Modernas),1,1,0,BO_1973_04629,Gustavo A Madero
HV-CH-2,CUH-2+HV,Coord Territorial 2 Cuauhtémoc (Col Buenavista) + Hospital la Villa (Col Granjas Modernas),1,2,0,BO_1975_04628,Cuauhtemoc + Gustavo A Madero
HB MH-HRL,HGRL,Hospital Ruben Leñero (Col Santo Tomas),1,1,0,BO_1975_02098,Miguel Hidalgo
HB+5a,STCMZV,Sistema de Transporte Colectivo Metro Zarco y Violeta (Col Guerrero),1,1,0,BO_1982_03671,Cuauhtemoc
VH-1,VH-1,,1,1,0,BO_1975_03690,
HB+CH-4,CUH-4,Coord Territorial 4 Cuauhtémoc (Col Centro),1,1,0,BO_1976_04425,Cuauhtemoc
VC.2,VC-2,Coord Territorial 2 Venustiano Carranza (Col Moctezuma 2a Seccion),1,1,0,BO_1976_05341,Venustiano Carranza
VCH-B,HB,Hospital Balbuena (Col Jardin Balbuena),1,1,0,BO_1976_06304,Venustiano Carranza
HTL,HTL,,1,1,0,BO_1976_05212,
HT.B.,HB,Hospital Balbuena (Col Jardin Balbuena),1,1,0,BO_1969_02373,Venustiano Carranza
HB+VC-2,VC-2,Coord Territorial 2 Venustiano Carranza (Col Moctezuma 2a Seccion),1,1,0,BO_1976_04046,Venustiano Carranza
MH-HRL-CH-1,CUH-1+HGRL,Coord Territorial 1 Cuauhtemoc (Col San Simon Tolnahuac) + Hospital Ruben Leñero (Col Santo Tomas),1,2,0,BO_1975_04838,Cuauhtemoc + Miguel Hidalgo
IZA-HB-II,HB+IZP-2,Coord Territorial 2 Iztapalapa (Barrio Santa Barbara) + Hospital Balbuena (Col Jardin Balbuena),1,2,0,BO_1976_01361,Iztapalapa + Venustiano Carranza
NJ,NJ,,1,1,0,BO_1978_01084,
MJ-CM,HCMS21,Hospital Centro Médico Nacional Siglo XXI (Col Doctores),1,2,1,BO_1975_03941,Cuauhtemoc
MH-1-HRL,HGRL+MH-1,Coord Territorial 1 Miguel Hidalgo – Hospital Ruben Leñero (Col Tacuba) + Hospital Ruben Leñero (Col Santo Tomas),1,2,0,BO_1975_05760,Miguel Hidalgo
MH II,MH-2,Coord Territorial 2 Miguel Hidalgo (Col Pensil),1,1,0,BO_1977_06003,Miguel Hidalgo
MR-HRL,HGRL,Hospital Ruben Leñero (Col Santo Tomas),1,1,0,BO_1976_06044,Miguel Hidalgo
MR-I,MH-1,Coord Territorial 1 Miguel Hidalgo – Hospital Ruben Leñero (Col Tacuba),1,1,0,BO_1976_06242,Miguel Hidalgo
N.O.,N.O.,,1,1,0,BO_1973_01422,
NH-II,NH-II,,1,1,0,BO_1977_01767,
M.A.,M.A.,,1,1,0,BO_1973_03520,
M. Alta,MIL-1,Coord Territorial 1 Milpa Alta (Col Milpa Alta),1,1,0,BO_1972_01399,Milpa Alta
Juarez 4a deleg,CUH-8,Coord Territorial 8 Cuauhtemoc (Col Obrera),1,2,1,BO_1973_02802,Cuauhtemoc
R. Lenero,HGRL,Hospital Ruben Leñero (Col Santo Tomas),1,1,0,BO_1973_04456,Miguel Hidalgo
JB-CM,CMN20N,Hospital Centro Medico Nacional 20 de Noviembre (Col del Valle Sur),1,1,0,BO_1975_03006,Benito Juarez
NJ Edo Mex,NJ Edo Mex,,1,1,0,BO_1977_05091,
Iztapala,IZP-1,Coord Territorial 1 Iztapalapa (Barrio de San Lucas),1,1,0,BO_1973_05407,Iztapalapa
Iztacalco D.F,IZC-1,Coord Territorial 1 Iztacalco (Col Santa Anita),1,1,0,BO_1973_05149,Iztacalco
OZA-2,IZP-1,Coord Territorial 1 Iztapalapa (Barrio de San Lucas),1,1,0,BO_1976_02998,Iztapalapa
Onceava Deleg.,MH-5,Coord Territorial 5 Miguel Hidalgo (Col Ampliacion Daniel Garza),1,1,0,BO_1972_01330,Miguel Hidalgo
Iza,IZP-1,Coord Territorial 1 Iztapalapa (Barrio de San Lucas),1,1,0,BO_1972_01417,Iztapalapa
PGR M-XIII,PGR,Procuraduria General de la Republica,1,2,1,BO_1977_04749,
PP,PP,,1,1,0,BO_1976_06268,
MH-2+VC-1,MH-2,Coord Territorial 2 Miguel Hidalgo (Col Pensil),1,1,0,BO_1976_03612,Miguel Hidalgo
MJ-3,MJ-3,,1,1,0,BO_1975_02506,
MH-2-XH,HX+MH-2,Coord Territorial 2 Miguel Hidalgo (Col Pensil) + Hospital Xoco (Col General Anaya),1,2,0,BO_1975_05960,Benito Juarez + Miguel Hidalgo
MH-3,MH-3,Coord Territorial 3 Miguel Hidalgo – Hospital Cruz Roja (Col Lomas de Chapultepec),1,1,0,BO_1975_05708,Miguel Hidalgo
MH-HRL-BJ-CM,HCMS21+HGRL,Hospital Centro Médico Nacional Siglo XXI (Col Doctores) + Hospital Ruben Leñero (Col Santo Tomas),1,2,0,BO_1975_02957,Cuauhtemoc + Miguel Hidalgo
MH-III-,MH-3,Coord Territorial 3 Miguel Hidalgo – Hospital Cruz Roja (Col Lomas de Chapultepec),1,1,0,BO_1977_05410,Miguel Hidalgo
MH-HRL+AZ-1,AZC-1+HGRL,Coord Territorial 1 Azcapotzalco (Col El Rosario) + Hospital Ruben Leñero (Col Santo Tomas),1,2,0,BO_1975_03136,Azcapotzalco + Miguel Hidalgo
MH-LR,HGRL,Hospital Ruben Leñero (Col Santo Tomas),1,1,0,BO_1977_02641,Miguel Hidalgo
MH-HRI,HGRL,Hospital Ruben Leñero (Col Santo Tomas),1,1,0,BO_1977_03667,Miguel Hidalgo
MH-RL-AZ-1,AZC-1+HGRL,Coord Territorial 1 Azcapotzalco (Col El Rosario) + Hospital Ruben Leñero (Col Santo Tomas),1,2,0,BO_1975_04876,Azcapotzalco + Miguel Hidalgo
MH-RL.C,HGRL,Hospital Ruben Leñero (Col Santo Tomas),1,1,0,BO_1975_00729,Miguel Hidalgo
MH-V,MH-5,Coord Territorial 5 Miguel Hidalgo (Col Ampliacion Daniel Garza),1,1,0,BO_1976_06480,Miguel Hidalgo
MH-VC-HB,HB,Hospital Balbuena (Col Jardin Balbuena),1,3,1,BO_1975_02956,Venustiano Carranza
MH.RL*,HGRL,Hospital Ruben Leñero (Col Santo Tomas),1,1,0,BO_1975_03204,Miguel Hidalgo
MH-HR,HGRL,Hospital Ruben Leñero (Col Santo Tomas),1,1,0,BO_1974_01981,Miguel Hidalgo
MH-HAL,HGRL,Hospital Ruben Leñero (Col Santo Tomas),1,1,0,BO_1977_01165,Miguel Hidalgo
MH-CR-VC-1,CR+VC-1,Coord Territorial 1 Venustiano Carranza (Col Merced) + Cruz Roja (Col Polanco),1,2,0,BO_1975_04196,Miguel Hidalgo + Venustiano Carranza
MH-CR-CU-1,CR+CUH-1,Coord Territorial 1 Cuauhtemoc (Col San Simon Tolnahuac) + Cruz Roja (Col Polanco),1,2,0,BO_1975_05783,Cuauhtemoc + Miguel Hidalgo
MH-CR VC-HB,CR+HB,Cruz Roja (Col Polanco) + Hospital Balbuena (Col Jardin Balbuena),1,2,0,BO_1975_00143,Miguel Hidalgo + Venustiano Carranza
MHRC,MHRC,,1,1,0,BO_1975_01557,
MH-ARL,HGRL,Hospital Ruben Leñero (Col Santo Tomas),1,2,0,BO_1975_06817,Miguel Hidalgo
Ilegible,Ilegible,,1,1,0,BO_1974_02082,
Ref. IZA-II,IZP-2,Coord Territorial 2 Iztapalapa (Barrio Santa Barbara),1,1,0,BO_1976_06526,Iztapalapa
IXO-1,IZC-1,Coord Territorial 1 Iztacalco (Col Santa Anita),1,1,0,BO_1976_04301,Iztacalco
IZA-2 y HX,HX+IZP-2,Coord Territorial 2 Iztapalapa (Barrio Santa Barbara) + Hospital Xoco (Col General Anaya),1,2,0,BO_1976_02878,Benito Juarez + Iztapalapa
Tláhuac,TLH-1,Coord Territorial 1 Tlahuac (Col Del Mar),1,1,0,BO_1972_01579,Tlahuac
UI-HB,HB,Hospital Balbuena (Col Jardin Balbuena),1,1,0,BO_1977_03668,Venustiano Carranza
V-C-HB,HB,Hospital Balbuena (Col Jardin Balbuena),1,1,0,BO_1975_00592,Venustiano Carranza
V. Obregón,VO,Villa Obregon,1,1,0,BO_1972_01905,Alvaro Obregon
V.A.,VO,Villa Obregon,1,1,0,BO_1968_00928,Alvaro Obregon
V.Obregon,VO,Villa Obregon,1,1,0,BO_1968_01216,Alvaro Obregon
V.o.,VO,Villa Obregon,1,1,0,BO_1973_03000,Alvaro Obregon
MH-HRZ,HGRL,Hospital Ruben Leñero (Col Santo Tomas),1,1,0,BO_1975_06801,Miguel Hidalgo
VB-HB,HB,Hospital Balbuena (Col Jardin Balbuena),1,1,0,BO_1975_00915,Venustiano Carranza
VC+1,VC-1,Coord Territorial 1 Venustiano Carranza (Col Merced),1,1,0,BO_1975_02345,Venustiano Carranza
SC+20a,IZP-5,Coord Territorial 5 Iztapalapa (Col V Guerrero),1,1,0,BO_1979_01283,Iztapalapa
VC-2 GAM-2,GAM-2+VC-1,Coord Territorial 1 Venustiano Carranza (Col Merced) + Coord Territorial 2 Gustavo A Madero (Col Aragon La Villa),1,2,0,BO_1975_00881,Gustavo A Madero + Venustiano Carranza
VC-CH,CUH-1,Coord Territorial 1 Cuauhtemoc (Col San Simon Tolnahuac),1,2,1,BO_1977_00614,Cuauhtemoc
VC-CH-V,CUH-5,Coord Territorial 5 Cuauhtémoc (Col Santa María La Ribera),1,2,1,BO_1975_00637,Cuauhtemoc
VC-H,HB,Hospital Balbuena (Col Jardin Balbuena),1,1,0,BO_1975_03639,Venustiano Carranza
VC-HB CH-III,CUH-3+HB,Coord Territorial 3 Cuauhtémoc (Col Morelos) + Hospital Balbuena (Col Jardin Balbuena),1,2,0,BO_1977_05343,Cuauhtemoc + Venustiano Carranza
VC-HB+CH-IV,CUH-4+HB,Coord Territorial 4 Cuauhtémoc (Col Centro) + Hospital Balbuena (Col Jardin Balbuena),1,2,0,BO_1976_00722,Cuauhtemoc + Venustiano Carranza
VC-HB-1,HB,Hospital Balbuena (Col Jardin Balbuena),1,1,0,BO_1975_03489,Venustiano Carranza
VC-HB-2,HB,Hospital Balbuena (Col Jardin Balbuena),1,1,0,BO_1975_00118,Venustiano Carranza
IZ0I,IZC-1,Coord Territorial 1 Iztacalco (Col Santa Anita),1,1,0,BO_1977_05853,Iztacalco
Tlalpan D. P.,TLP-1,Coord Territorial 1 Tlalpan (Col Ampliacion Miguel Hidalgo),1,2,1,BO_1971_02174,Tlalpan
IZA-II / MH-CR,CR+IZP-2,Coord Territorial 2 Iztapalapa (Barrio Santa Barbara) + Cruz Roja (Col Polanco),1,2,0,BO_1977_00058,Iztapalapa + Miguel Hidalgo
Tlahuac DF,TLH-1,Coord Territorial 1 Tlahuac (Col Del Mar),1,1,0,BO_1972_01109,Tlahuac
TR-1,TLP-1,Coord Territorial 1 Tlalpan (Col Ampliacion Miguel Hidalgo),1,1,0,BO_1975_00706,Tlalpan
IZO-U,IZC-1,Coord Territorial 1 Iztacalco (Col Santa Anita),1,1,0,BO_1976_06016,Iztacalco
IZO-I-HX,HX+IZC-1,Coord Territorial 1 Iztacalco (Col Santa Anita) + Hospital Xoco (Col General Anaya),1,2,0,BO_1976_01791,Benito Juarez + Iztacalco
SC-CH,CUH-1+SC,Coord Territorial 1 Cuauhtemoc (Col San Simon Tolnahuac),1,2,0,BO_1975_03009,Cuauhtemoc
Sector Central,SC,,1,1,0,BO_1972_02146,
T,T,,1,1,0,BO_1974_04430,
T-1,T-1,,1,1,0,BO_1975_02878,
T-P-1 MH-CR,CR+TLP-1,Coord Territorial 1 Tlalpan (Col Ampliacion Miguel Hidalgo) + Cruz Roja (Col Polanco),1,2,0,BO_1975_00745,Miguel Hidalgo + Tlalpan
T.P.I-,CR+TLP-1,Coord Territorial 1 Tlalpan (Col Ampliacion Miguel Hidalgo) + Cruz Roja (Col Polanco),1,2,0,BO_1977_05636,Miguel Hidalgo + Tlalpan
IZO-HB-1,HB+IZC-1,Coord Territorial 1 Iztacalco (Col Santa Anita) + Hospital Balbuena (Col Jardin Balbuena),1,2,0,BO_1975_01182,Iztacalco + Venustiano Carranza
TC I,TLP-1,Coord Territorial 1 Tlalpan (Col Ampliacion Miguel Hidalgo),1,1,0,BO_1977_05928,Tlalpan
TC-1-HX,HX+TLP-1,Coord Territorial 1 Tlalpan (Col Ampliacion Miguel Hidalgo) + Hospital Xoco (Col General Anaya),1,2,0,BO_1975_04814,Benito Juarez + Tlalpan
TC-2,TC-2,,1,1,0,BO_1976_05305,
TC-I-,TLP-1,Coord Territorial 1 Tlalpan (Col Ampliacion Miguel Hidalgo),1,1,0,BO_1977_05402,Tlalpan
TEX,TEX,,1,1,0,BO_1976_03162,
TP-C-HX,HX+TLP-1,Coord Territorial 1 Tlalpan (Col Ampliacion Miguel Hidalgo) + Hospital Xoco (Col General Anaya),1,2,0,BO_1975_02830,Benito Juarez + Tlalpan
IZA-VC-HB-,HB+IZP-1,Coord Territorial 1 Iztapalapa (Barrio de San Lucas) + Hospital Balbuena (Col Jardin Balbuena),1,3,1,BO_1975_01723,Iztapalapa + Venustiano Carranza
TP-HX,HX+TLP-1,Coord Territorial 1 Tlalpan (Col Ampliacion Miguel Hidalgo) + Hospital Xoco (Col General Anaya),1,2,0,BO_1975_02586,Benito Juarez + Tlalpan
IZA-III,IZP-3,Coord Territorial 3 Iztapalapa (Central de Abastos),1,1,0,BO_1977_02932,Iztapalapa
TPI,TLP-1,Coord Territorial 1 Tlalpan (Col Ampliacion Miguel Hidalgo),1,1,0,BO_1977_00094,Tlalpan
03a,CUH-7,Coord Territorial 7 Cuauhtemoc (Col Roma),1,1,0,BO_1978_02865,Cuauhtemoc
C.m.n.,CMN20N,Hospital Centro Medico Nacional 20 de Noviembre (Col del Valle Sur),1,1,0,BO_1973_01289,Benito Juarez
H.T. B.,HB,Hospital Balbuena (Col Jardin Balbuena),1,1,0,BO_1972_03599,Venustiano Carranza
37a - 18a,CR+IZC-2,Coord Territorial 2 Iztacalco (Col Gabriel Ramos Millan) + Cruz Roja (Col Polanco),1,2,0,BO_1982_01999,Iztacalco + Miguel Hidalgo
5a deleg.,STCMZV,Sistema de Transporte Colectivo Metro Zarco y Violeta (Col Guerrero),1,1,0,BO_1972_04453,Cuauhtemoc
52a,52a,,1,1,0,BO_1979_04269,
4a. Delegacion,CUH-8,Coord Territorial 8 Cuauhtemoc (Col Obrera),1,1,0,BO_1973_05426,Cuauhtemoc
4a deleg.,CUH-8,Coord Territorial 8 Cuauhtemoc (Col Obrera),1,1,0,BO_1972_04471,Cuauhtemoc
4a Deleg. ,CUH-8,Coord Territorial 8 Cuauhtemoc (Col Obrera),1,1,0,BO_1972_01413,Cuauhtemoc
455,455,,1,1,0,BO_1978_00606,
40a,CUH-8,Coord Territorial 8 Cuauhtemoc (Col Obrera),1,1,0,BO_1979_00483,Cuauhtemoc
3a deleg.,CUH-7,Coord Territorial 7 Cuauhtemoc (Col Roma),1,1,0,BO_1972_05404,Cuauhtemoc
3a deelg,CUH-7,Coord Territorial 7 Cuauhtemoc (Col Roma),1,1,0,BO_1969_00957,Cuauhtemoc
38A,COY-5,Coord Territorial 5 Coyoacan (Col CTM-Culhuacan),1,1,0,BO_1979_01777,Coyoacan
37a+30a,MH-4,Coord Territorial 4 Miguel Hidalgo (Col Ampliacion Daniel Garza),1,1,0,BO_1982_03667,Miguel Hidalgo
37a+18a,CR+IZC-2,Coord Territorial 2 Iztacalco (Col Gabriel Ramos Millan) + Cruz Roja (Col Polanco),1,2,0,BO_1982_00130,Iztacalco + Miguel Hidalgo
37a+14a,AZC-2+CR,Coord Territorial 2 Azcapotzalco (Col Del Maestro) + Cruz Roja (Col Polanco),1,2,0,BO_1982_00631,Azcapotzalco + Miguel Hidalgo
370,370,,1,1,0,BO_1981_02941,
5n,STCMZV,Sistema de Transporte Colectivo Metro Zarco y Violeta (Col Guerrero),1,1,0,BO_1979_05146,Cuauhtemoc
36a+34a,HGRL,Hospital Ruben Leñero (Col Santo Tomas),1,1,0,BO_1982_03458,Miguel Hidalgo
36A,HV,Hospital la Villa (Col Granjas Modernas),1,1,0,BO_1979_01778,Gustavo A Madero
364,364,,1,1,0,BO_1979_00087,
36 H,HV,Hospital la Villa (Col Granjas Modernas),1,1,0,BO_1977_06069,Gustavo A Madero
35a-5a,HX+STCMZV,Hospital Xoco (Col General Anaya) + Sistema de Transporte Colectivo Metro Zarco y Violeta (Col Guerrero),1,2,0,BO_1982_00684,Benito Juarez + Cuauhtemoc
35a+38a,COY-5+HX,Coord Territorial 5 Coyoacan (Col CTM-Culhuacan) + Hospital Xoco (Col General Anaya),1,2,0,BO_1982_03104,Benito Juarez + Coyoacan
35a RL,HX,Hospital Xoco (Col General Anaya),1,1,0,BO_1982_00126,Benito Juarez
35a 22a,COY-1+HX,Coord Territorial 1 Coyoacan (Col Romero de Terreros) + Hospital Xoco (Col General Anaya),1,2,0,BO_1977_04863,Benito Juarez + Coyoacan
35A,HX,Hospital Xoco (Col General Anaya),1,1,0,BO_1982_06268,Benito Juarez
34a+TLA-I,HGRL,Hospital Ruben Leñero (Col Santo Tomas),1,1,0,BO_1982_02505,Miguel Hidalgo
34a+33a,HB,Hospital Balbuena (Col Jardin Balbuena),1,1,0,BO_1982_03639,Venustiano Carranza
34a+13a,BJ-1+GAM-2,Coord Territorial 1 Benito Juarez (Col Santa Cruz Atoyac) + Coord Territorial 2 Gustavo A Madero (Col Aragon La Villa),1,2,0,BO_1978_00822,Benito Juarez + Gustavo A Madero
34A,HGRL,Hospital Ruben Leñero (Col Santo Tomas),1,1,0,BO_1979_05748,Miguel Hidalgo
33a+PPR-I,HB,Hospital Balbuena (Col Jardin Balbuena),1,1,0,BO_1979_07004,Venustiano Carranza
5a+36a,HV+STCMZV,Hospital la Villa (Col Granjas Modernas) + Sistema de Transporte Colectivo Metro Zarco y Violeta (Col Guerrero),1,2,0,BO_1982_00098,Cuauhtemoc + Gustavo A Madero
609,609,,1,1,0,BO_1980_05665,
33a+1a,CUH-1,Coord Territorial 1 Cuauhtemoc (Col San Simon Tolnahuac),1,1,0,BO_1982_03672,Cuauhtemoc
9a Deleg. ,MH-1,Coord Territorial 1 Miguel Hidalgo – Hospital Ruben Leñero (Col Tacuba),1,1,0,BO_1972_01349,Miguel Hidalgo
AZO-I,AZC-1,Coord Territorial 1 Azcapotzalco (Col El Rosario),1,1,0,BO_1976_05562,Azcapotzalco
AZO-1,AZC-1,Coord Territorial 1 Azcapotzalco (Col El Rosario),1,1,0,BO_1976_05017,Azcapotzalco
AZ-I+MH-HRL,AZC-1+HGRL,Coord Territorial 1 Azcapotzalco (Col El Rosario) + Hospital Ruben Leñero (Col Santo Tomas),1,2,0,BO_1976_01494,Azcapotzalco + Miguel Hidalgo
AO.1,AO-1,Coord Territorial 1 Alvaro Obregon (Col Cristo Rey),1,1,0,BO_1976_03178,Alvaro Obregon
AO-1-MH-CR,AO-1+CR,Coord Territorial 1 Alvaro Obregon (Col Cristo Rey) + Cruz Roja (Col Polanco),1,2,0,BO_1975_01835,Alvaro Obregon + Miguel Hidalgo
AO-1-HX,AO-1+HX,Coord Territorial 1 Alvaro Obregon (Col Cristo Rey) + Hospital Xoco (Col General Anaya),1,2,0,BO_1975_04221,Alvaro Obregon + Benito Juarez
AI-I,AO-1,Coord Territorial 1 Alvaro Obregon (Col Cristo Rey),1,1,0,BO_1977_01341,Alvaro Obregon
A2-I,AZC-1,Coord Territorial 1 Azcapotzalco (Col El Rosario),1,1,0,BO_1977_05689,Azcapotzalco
9a+23a,MH-1,Coord Territorial 1 Miguel Hidalgo – Hospital Ruben Leñero (Col Tacuba),1,1,0,BO_1979_03398,Miguel Hidalgo
9a delegaciin,MH-1,Coord Territorial 1 Miguel Hidalgo – Hospital Ruben Leñero (Col Tacuba),1,1,0,BO_1973_05241,Miguel Hidalgo
9a deleg.,MH-1,Coord Territorial 1 Miguel Hidalgo – Hospital Ruben Leñero (Col Tacuba),1,1,0,BO_1972_04459,Miguel Hidalgo
9a delef,MH-1,Coord Territorial 1 Miguel Hidalgo – Hospital Ruben Leñero (Col Tacuba),1,1,0,BO_1973_03505,Miguel Hidalgo
9a 8a,BJ-3+MH-1,Coord Territorial 1 Miguel Hidalgo – Hospital Ruben Leñero (Col Tacuba) + Coord Territorial 3 Benito Juarez (Col Zacahuizco),1,2,0,BO_1978_00685,Benito Juarez + Miguel Hidalgo
69,69,,1,1,0,BO_1981_02073,
90a,MH-1,Coord Territorial 1 Miguel Hidalgo – Hospital Ruben Leñero (Col Tacuba),1,1,0,BO_1979_05926,Miguel Hidalgo
8a+37a+SC,BJ-3,Coord Territorial 3 Benito Juarez (Col Zacahuizco),1,1,0,BO_1982_02340,Benito Juarez
8a deleg.,BJ-3,Coord Territorial 3 Benito Juarez (Col Zacahuizco),1,1,0,BO_1972_01205,Benito Juarez
8a 34a,BJ-3+HGRL,Coord Territorial 3 Benito Juarez (Col Zacahuizco) + Hospital Ruben Leñero (Col Santo Tomas),1,2,0,BO_1978_05288,Benito Juarez + Miguel Hidalgo
85,85,,1,1,0,BO_1980_03281,
81a,81a,,1,1,0,BO_1979_00009,
79,79,,1,1,0,BO_1981_04376,
78a,78a,,1,1,0,BO_1979_04218,
78,78,,1,1,0,BO_1980_02879,
75,75,,1,1,0,BO_1981_05182,
73a,73a,,1,1,0,BO_1977_04403,
6a y grupo 2,CUH-6,Coord Territorial 6 Cuauhtemoc (Col Centro),1,2,1,BO_1969_01297,Cuauhtemoc
6a delegacion,CUH-6,Coord Territorial 6 Cuauhtemoc (Col Centro),1,1,0,BO_1973_05169,Cuauhtemoc
6a Delegacion,CUH-6,Coord Territorial 6 Cuauhtemoc (Col Centro),1,1,0,BO_1973_05216,Cuauhtemoc
33a+38a,COY-5+HB,Coord Territorial 5 Coyoacan (Col CTM-Culhuacan) + Hospital Balbuena (Col Jardin Balbuena),1,2,0,BO_1982_00078,Coyoacan + Venustiano Carranza
33a /30a,HB+MH-4,Coord Territorial 4 Miguel Hidalgo (Col Ampliacion Daniel Garza) + Hospital Balbuena (Col Jardin Balbuena),1,2,0,BO_1979_01329,Miguel Hidalgo + Venustiano Carranza
13a delg.,GAM-2,Coord Territorial 2 Gustavo A Madero (Col Aragon La Villa),1,1,0,BO_1973_06152,Gustavo A Madero
15a Deleg.,GAM-2,Coord Territorial 2 Gustavo A Madero (Col Aragon La Villa),1,1,0,BO_1973_04466,Gustavo A Madero
15a Deleg Xochimilco,GAM-2,Coord Territorial 2 Gustavo A Madero (Col Aragon La Villa),1,1,0,BO_1971_01917,Gustavo A Madero
15 Delg,GAM-2,Coord Territorial 2 Gustavo A Madero (Col Aragon La Villa),1,1,0,BO_1973_06159,Gustavo A Madero
14a deleg.,AZC-2,Coord Territorial 2 Azcapotzalco (Col Del Maestro),1,1,0,BO_1972_04478,Azcapotzalco
14a deelg,AZC-2,Coord Territorial 2 Azcapotzalco (Col Del Maestro),1,1,0,BO_1973_01444,Azcapotzalco
14a Deleg. ,AZC-2,Coord Territorial 2 Azcapotzalco (Col Del Maestro),1,1,0,BO_1972_01596,Azcapotzalco
147,147,,1,1,0,BO_1981_04224,
14 deleg,AZC-2,Coord Territorial 2 Azcapotzalco (Col Del Maestro),1,1,0,BO_1973_01203,Azcapotzalco
14 Delegacion,AZC-2,Coord Territorial 2 Azcapotzalco (Col Del Maestro),1,1,0,BO_1973_05491,Azcapotzalco
14 Deleg,AZC-2,Coord Territorial 2 Azcapotzalco (Col Del Maestro),1,1,0,BO_1973_01140,Azcapotzalco
13s,GAM-2,Coord Territorial 2 Gustavo A Madero (Col Aragon La Villa),1,1,0,BO_1982_01172,Gustavo A Madero
13a. Deleg.,GAM-2,Coord Territorial 2 Gustavo A Madero (Col Aragon La Villa),1,1,0,BO_1972_01369,Gustavo A Madero
"13a, Delegacion",GAM-2,Coord Territorial 2 Gustavo A Madero (Col Aragon La Villa),1,1,0,BO_1973_05408,Gustavo A Madero
13a eleg,GAM-2,Coord Territorial 2 Gustavo A Madero (Col Aragon La Villa),1,1,0,BO_1973_04266,Gustavo A Madero
13a dele,GAM-2,Coord Territorial 2 Gustavo A Madero (Col Aragon La Villa),1,1,0,BO_1973_01777,Gustavo A Madero
1687,1687,,1,1,0,BO_1980_01642,
13a Deleg Iztapalapa,GAM-2,Coord Territorial 2 Gustavo A Madero (Col Aragon La Villa),1,1,0,BO_1971_01011,Gustavo A Madero
13 deleg.,GAM-2,Coord Territorial 2 Gustavo A Madero (Col Aragon La Villa),1,1,0,BO_1972_04105,Gustavo A Madero
13 Delegacion,GAM-2,Coord Territorial 2 Gustavo A Madero (Col Aragon La Villa),1,1,0,BO_1973_06100,Gustavo A Madero
12a Delegacion,BJ-2,Coord Territorial 2 Benito Juarez (Col Santa Cruz Atoyac),1,1,0,BO_1973_05469,Benito Juarez
12A-II,BJ-2,Coord Territorial 2 Benito Juarez (Col Santa Cruz Atoyac),1,1,0,BO_1977_01194,Benito Juarez
121,121,,1,1,0,BO_1981_07308,
120-I,120-I,,1,1,0,BO_1977_01340,
11a delegacion,MH-5,Coord Territorial 5 Miguel Hidalgo (Col Ampliacion Daniel Garza),1,1,0,BO_1972_04566,Miguel Hidalgo
115a,115a,,1,1,0,BO_1978_01190,
1136,1136,,1,1,0,BO_1973_01635,
10a+8a,BJ-1+BJ-3,Coord Territorial 1 Benito Juarez (Col Santa Cruz Atoyac) + Coord Territorial 3 Benito Juarez (Col Zacahuizco),1,2,0,BO_1982_02048,Benito Juarez
10 a deleg,BJ-1,Coord Territorial 1 Benito Juarez (Col Santa Cruz Atoyac),1,1,0,BO_1969_04725,Benito Juarez
10 Del.,BJ-1,Coord Territorial 1 Benito Juarez (Col Santa Cruz Atoyac),1,1,0,BO_1968_02167,Benito Juarez
1 deleg,CUH-1,Coord Territorial 1 Cuauhtemoc (Col San Simon Tolnahuac),1,1,0,BO_1969_02744,Cuauhtemoc
15a Delegacion,GAM-2,Coord Territorial 2 Gustavo A Madero (Col Aragon La Villa),1,1,0,BO_1973_06061,Gustavo A Madero
17a 33a,HB+VC-3,Coord Territorial 3 Venustiano Carranza – Hospital De  Balbuena (Col Jardin Balbuena) + Hospital Balbuena (Col Jardin Balbuena),1,2,0,BO_1978_02417,Venustiano Carranza
3352,3352,,1,1,0,BO_1974_01693,
261a,261a,,1,1,0,BO_1978_04855,
334,334,,1,1,0,BO_1980_03252,
332a,332a,,1,1,0,BO_1979_05210,
32a+37a,COY-2+CR,Coord Territorial 2 Coyoacan (Col Romero de Terreros) + Cruz Roja (Col Polanco),1,2,0,BO_1982_03088,Coyoacan + Miguel Hidalgo
31032,31032,,1,1,0,BO_1973_05527,
31,BJ-1,Coord Territorial 1 Benito Juarez (Col Santa Cruz Atoyac),1,1,0,BO_1981_04237,Benito Juarez
2a delegacion,VC-1,Coord Territorial 1 Venustiano Carranza (Col Merced),1,1,0,BO_1969_00812,Venustiano Carranza
2a deleg.,VC-1,Coord Territorial 1 Venustiano Carranza (Col Merced),1,1,0,BO_1972_01627,Venustiano Carranza
2a Ixtacalco,IZC-2,Coord Territorial 2 Iztacalco (Col Gabriel Ramos Millan),1,1,0,BO_1972_01286,Iztacalco
2a Delg,VC-1,Coord Territorial 1 Venustiano Carranza (Col Merced),1,1,0,BO_1969_00810,Venustiano Carranza
2a Deleg},VC-1,Coord Territorial 1 Venustiano Carranza (Col Merced),1,1,0,BO_1973_01185,Venustiano Carranza
2a (A N 102),VC-1,Coord Territorial 1 Venustiano Carranza (Col Merced),1,1,0,BO_1979_01574,Venustiano Carranza
28a deleg,TLH-2,Coord Territorial 2 Tlahuac (Col Barrio La Asuncion),1,1,0,BO_1973_03361,Tlahuac
27A,XO-2,Coord Territorial 2 Xochimilco (Barrio de San Pedro),1,1,0,BO_1982_06292,Xochimilco
26a deleg,CUJ-1,Coord Territorial 1 Cuajimalpa (Col Cuajimalpa Centro),1,1,0,BO_1973_03495,Cuauhtemoc
24a 282,24a 282,,1,1,0,BO_1978_00535,
17a Del.,VC-3,Coord Territorial 3 Venustiano Carranza – Hospital De  Balbuena (Col Jardin Balbuena),1,1,0,BO_1968_01295,Venustiano Carranza
23a y 34a,COY-2+TLP-2,Coord Territorial 2 Coyoacan (Col Romero de Terreros) + Coord Territorial 2 Tlalpan (Col La Joya),1,2,0,BO_1977_05589,Coyoacan + Tlalpan
23a y 32a,COY-2+TLP-2,Coord Territorial 2 Coyoacan (Col Romero de Terreros) + Coord Territorial 2 Tlalpan (Col La Joya),1,2,0,BO_1979_03147,Coyoacan + Tlalpan
224a,224a,,1,1,0,BO_1979_04997,
222,222,,1,1,0,BO_1981_02570,
21a - 34a,GAM-2+HGRL,Coord Territorial 2 Gustavo A Madero (Col Aragon La Villa) + Hospital Ruben Leñero (Col Santo Tomas),1,2,0,BO_1978_03076,Gustavo A Madero + Miguel Hidalgo
20 Delegacion,IZP-5,Coord Territorial 5 Iztapalapa (Col V Guerrero),1,1,0,BO_1973_05521,Iztapalapa
1a y/o 34a,CUH-1+HGRL,Coord Territorial 1 Cuauhtemoc (Col San Simon Tolnahuac) + Hospital Ruben Leñero (Col Santo Tomas),1,2,0,BO_1979_02122,Cuauhtemoc + Miguel Hidalgo
1a dele,CUH-1,Coord Territorial 1 Cuauhtemoc (Col San Simon Tolnahuac),1,1,0,BO_1969_01143,Cuauhtemoc
1a deelg,CUH-1,Coord Territorial 1 Cuauhtemoc (Col San Simon Tolnahuac),1,1,0,BO_1973_01783,Cuauhtemoc
1a Delegacion,CUH-1,Coord Territorial 1 Cuauhtemoc (Col San Simon Tolnahuac),1,1,0,BO_1973_05181,Cuauhtemoc
19a xoco,HX+IZP-1,Coord Territorial 1 Iztapalapa (Barrio de San Lucas) + Hospital Xoco (Col General Anaya),1,2,0,BO_1979_01779,Benito Juarez + Iztapalapa
18a deleg,IZC-2,Coord Territorial 2 Iztacalco (Col Gabriel Ramos Millan),1,1,0,BO_1973_01529,Iztacalco
17a deleg,VC-3,Coord Territorial 3 Venustiano Carranza – Hospital De  Balbuena (Col Jardin Balbuena),1,1,0,BO_1973_01886,Venustiano Carranza
17a Deleg,VC-3,Coord Territorial 3 Venustiano Carranza – Hospital De  Balbuena (Col Jardin Balbuena),1,1,0,BO_1971_01934,Venustiano Carranza
AZO.1,AZC-1,Coord Territorial 1 Azcapotzalco (Col El Rosario),1,1,0,BO_1976_05083,Azcapotzalco
B-AZ-1,AZC-1,Coord Territorial 1 Azcapotzalco (Col El Rosario),1,1,0,BO_1975_01826,Azcapotzalco
Centro M.,CMN20N,Hospital Centro Medico Nacional 20 de Noviembre (Col del Valle Sur),1,1,0,BO_1972_01241,Benito Juarez
GAM-1-MH-HRL,GAM-1+HGRL,Coord Territorial 1 Gustavo A Madero (Col Cuautepec Barrio Bajo) + Hospital Ruben Leñero (Col Santo Tomas),1,2,0,BO_1975_05633,Gustavo A Madero + Miguel Hidalgo
GAM-1-HV,GAM-1+HV,Coord Territorial 1 Gustavo A Madero (Col Cuautepec Barrio Bajo) + Hospital la Villa (Col Granjas Modernas),1,2,0,BO_1975_00823,Gustavo A Madero
GAM- HV,HV,Hospital la Villa (Col Granjas Modernas),1,1,0,BO_1976_00267,Gustavo A Madero
GAM II,GAM-2,Coord Territorial 2 Gustavo A Madero (Col Aragon La Villa),1,1,0,BO_1977_06024,Gustavo A Madero
GA-II,GAM-2,Coord Territorial 2 Gustavo A Madero (Col Aragon La Villa),1,1,0,BO_1977_02988,Gustavo A Madero
G. xoco,HX,Hospital Xoco (Col General Anaya),1,1,0,BO_1972_03790,Benito Juarez
EMGM,EMGM,,1,1,0,BO_1977_00434,
EAM-HV,HV,Hospital la Villa (Col Granjas Modernas),1,2,1,BO_1975_00050,Gustavo A Madero
E-HX,HX,Hospital Xoco (Col General Anaya),1,1,0,BO_1976_05611,Benito Juarez
Disp.,Disp.,,1,1,0,BO_1973_04248,
Cuauhtemoc,CUH,Cuauhtemoc,1,1,0,BO_1973_03504,Cuauhtemoc
Coyoacan (Xoco),HX,Hospital Xoco (Col General Anaya),1,2,1,BO_1971_01749,Benito Juarez
Ch-1,CUH-1,Coord Territorial 1 Cuauhtemoc (Col San Simon Tolnahuac),1,1,0,BO_1975_06265,Cuauhtemoc
CV/1,CUH-1,Coord Territorial 1 Cuauhtemoc (Col San Simon Tolnahuac),1,1,0,BO_1975_00015,Cuauhtemoc
GAM-5,GAM-5,Coord Territorial 5 Gustavo A Madero (Col San Juan de Aragon),1,1,0,BO_1976_03691,Gustavo A Madero
CV-HB,HB+TLP-2,Coord Territorial 2 Tlalpan (Col La Joya) + Hospital Balbuena (Col Jardin Balbuena),1,2,0,BO_1975_01101,Tlalpan + Venustiano Carranza
CV-1 CR,CR+CUH-1,Coord Territorial 1 Cuauhtemoc (Col San Simon Tolnahuac) + Cruz Roja (Col Polanco),1,2,0,BO_1975_01077,Cuauhtemoc + Miguel Hidalgo
CU-I-,CUH-1,Coord Territorial 1 Cuauhtemoc (Col San Simon Tolnahuac),1,1,0,BO_1977_06938,Cuauhtemoc
CU-4,CU-4,,1,1,0,BO_1975_01289,
CR Ia deleg,CR+CUH-1,Coord Territorial 1 Cuauhtemoc (Col San Simon Tolnahuac) + Cruz Roja (Col Polanco),1,2,0,BO_1973_01317,Cuauhtemoc + Miguel Hidalgo
COyoacan,COY-1,Coord Territorial 1 Coyoacan (Col Romero de Terreros),1,1,0,BO_1969_01063,Coyoacan
CM C-HX,HCMS21+HX,Hospital Centro Médico Nacional Siglo XXI (Col Doctores) + Hospital Xoco (Col General Anaya),1,2,0,BO_1975_02738,Benito Juarez + Cuauhtemoc
CIHX,HX,Hospital Xoco (Col General Anaya),1,2,1,BO_1975_01535,Benito Juarez
CI-HX,HX,Hospital Xoco (Col General Anaya),1,2,1,BO_1975_06841,Benito Juarez
CHX-MH-1,HX+MH-1,Coord Territorial 1 Miguel Hidalgo – Hospital Ruben Leñero (Col Tacuba) + Hospital Xoco (Col General Anaya),1,2,0,BO_1975_01455,Benito Juarez + Miguel Hidalgo
CH-VC-HB,CUH-1+HB,Coord Territorial 1 Cuauhtemoc (Col San Simon Tolnahuac) + Hospital Balbuena (Col Jardin Balbuena),1,3,1,BO_1975_03827,Cuauhtemoc + Venustiano Carranza
CH-HB-4,CUH-1+HB,Coord Territorial 1 Cuauhtemoc (Col San Simon Tolnahuac) + Hospital Balbuena (Col Jardin Balbuena),1,2,0,BO_1975_02985,Cuauhtemoc + Venustiano Carranza
CH-HB,CUH-1+HB,Coord Territorial 1 Cuauhtemoc (Col San Simon Tolnahuac) + Hospital Balbuena (Col Jardin Balbuena),1,2,0,BO_1975_02188,Cuauhtemoc + Venustiano Carranza
GAM-2-HV,GAM-2+HV,Coord Territorial 2 Gustavo A Madero (Col Aragon La Villa) + Hospital la Villa (Col Granjas Modernas),1,2,0,BO_1975_04279,Gustavo A Madero
GAM-6,GAM-6,,1,1,0,BO_1976_01215,
BC-I,BJ-1,Coord Territorial 1 Benito Juarez (Col Santa Cruz Atoyac),1,1,0,BO_1977_01666,Benito Juarez
H,H,,1,1,0,BO_1974_01630,
H.Balb.,HB,Hospital Balbuena (Col Jardin Balbuena),1,1,0,BO_1972_03935,Venustiano Carranza
H.B.,HB,Hospital Balbuena (Col Jardin Balbuena),1,1,0,BO_1972_01952,Venustiano Carranza
H. xoco,HX,Hospital Xoco (Col General Anaya),1,1,0,BO_1972_03370,Benito Juarez
H. del R. Leñero,HGRL,Hospital Ruben Leñero (Col Santo Tomas),1,1,0,BO_1972_01899,Miguel Hidalgo
H. de V.,HV,Hospital la Villa (Col Granjas Modernas),1,1,0,BO_1972_01944,Gustavo A Madero
H. T. B,HB,Hospital Balbuena (Col Jardin Balbuena),1,1,0,BO_1971_01263,Venustiano Carranza
H. G. La Villa,HV,Hospital la Villa (Col Granjas Modernas),1,1,0,BO_1971_01003,Gustavo A Madero
H. Cruz Roja,CR,Cruz Roja (Col Polanco),1,1,0,BO_1971_01339,Miguel Hidalgo
H. Balbuena,HB,Hospital Balbuena (Col Jardin Balbuena),1,1,0,BO_1971_01352,Venustiano Carranza
H. B. T.,HB,Hospital Balbuena (Col Jardin Balbuena),1,1,0,BO_1971_00917,Venustiano Carranza
H-B-CH-4,CUH-4+HB,Coord Territorial 4 Cuauhtémoc (Col Centro) + Hospital Balbuena (Col Jardin Balbuena),1,2,0,BO_1975_06062,Cuauhtemoc + Venustiano Carranza
H Villa,HV,Hospital la Villa (Col Granjas Modernas),1,1,0,BO_1969_01012,Gustavo A Madero
H Balbuena,HB,Hospital Balbuena (Col Jardin Balbuena),1,1,0,BO_1969_01013,Venustiano Carranza
Grupo V,STCMZV,Sistema de Transporte Colectivo Metro Zarco y Violeta (Col Guerrero),1,1,0,BO_1972_02037,Cuauhtemoc
GAM-H-V-CH-2,CUH-2+GAM-1+HV,Coord Territorial 1 Gustavo A Madero (Col Cuautepec Barrio Bajo) + Coord Territorial 2 Cuauhtémoc (Col Buenavista) + Hospital la Villa (Col Granjas Modernas),1,3,0,BO_1975_00638,Cuauhtemoc + Gustavo A Madero
Grupo 1o,Grupo 1o,,1,1,0,BO_1972_04581,
Gpo. 4-,Gpo. 4-,,1,1,0,BO_1973_05445,
GH-1,GH-1,,1,1,0,BO_1975_06859,
GAM1,GAM-1,Coord Territorial 1 Gustavo A Madero (Col Cuautepec Barrio Bajo),1,1,0,BO_1975_01561,Gustavo A Madero
GAM-VI,GAM-6,,1,1,0,BO_1976_01991,
GAM-V,GAM-5,Coord Territorial 5 Gustavo A Madero (Col San Juan de Aragon),1,1,0,BO_1976_06432,Gustavo A Madero
GAM-IV-,GAM-4,Coord Territorial 4 Gustavo A Madero (Col Aragon la Villa),1,1,0,BO_1977_06984,Gustavo A Madero
GAM-II+HX,GAM-2+HX,Coord Territorial 2 Gustavo A Madero (Col Aragon La Villa) + Hospital Xoco (Col General Anaya),1,2,0,BO_1976_00793,Benito Juarez + Gustavo A Madero
GAM-HV-I,GAM-1+HV,Coord Territorial 1 Gustavo A Madero (Col Cuautepec Barrio Bajo) + Hospital la Villa (Col Granjas Modernas),1,2,0,BO_1976_01550,Gustavo A Madero
GAM-HV-CM,GAM-1+HCMS21+HV,Coord Territorial 1 Gustavo A Madero (Col Cuautepec Barrio Bajo) + Hospital Centro Médico Nacional Siglo XXI (Col Doctores) + Hospital la Villa (Col Granjas Modernas),1,3,0,BO_1975_01632,Cuauhtemoc + Gustavo A Madero
GAM-HV-2,GAM-1+HV,Coord Territorial 1 Gustavo A Madero (Col Cuautepec Barrio Bajo) + Hospital la Villa (Col Granjas Modernas),1,2,0,BO_1975_06860,Gustavo A Madero
GAM-HV-1,GAM-1+HV,Coord Territorial 1 Gustavo A Madero (Col Cuautepec Barrio Bajo) + Hospital la Villa (Col Granjas Modernas),1,2,0,BO_1975_00824,Gustavo A Madero
GAM-HV+HX,GAM-1+HV+HX,Coord Territorial 1 Gustavo A Madero (Col Cuautepec Barrio Bajo) + Hospital Xoco (Col General Anaya) + Hospital la Villa (Col Granjas Modernas),1,3,0,BO_1976_00794,Benito Juarez + Gustavo A Madero
GAM-HC,CUH-7+GAM-1,Coord Territorial 1 Gustavo A Madero (Col Cuautepec Barrio Bajo) + Coord Territorial 7 Cuauhtemoc (Col Roma),1,2,0,BO_1975_00033,Cuauhtemoc + Gustavo A Madero
CH-CR,CR,Cruz Roja (Col Polanco),1,2,1,BO_1975_03799,Miguel Hidalgo
CH-2 HV,HV,Hospital la Villa (Col Granjas Modernas),1,2,1,BO_1975_02438,Gustavo A Madero
CH-1 MH-HRL,CUH-1+HGRL,Coord Territorial 1 Cuauhtemoc (Col San Simon Tolnahuac) + Hospital Ruben Leñero (Col Santo Tomas),1,2,0,BO_1975_01741,Cuauhtemoc + Miguel Hidalgo
BJH20N,HCMS21,Hospital Centro Médico Nacional Siglo XXI (Col Doctores),1,1,0,BO_1977_04762,Cuauhtemoc
C-A,C-A,,1,1,0,BO_1976_06416,
C-2,C-2,,1,1,0,BO_1975_04183,
C-1-HX,CUH-1+HX,Coord Territorial 1 Cuauhtemoc (Col San Simon Tolnahuac) + Hospital Xoco (Col General Anaya),1,2,0,BO_1975_05038,Benito Juarez + Cuauhtemoc
C-1 IZA-1,CUH-1+IZP-1,Coord Territorial 1 Cuauhtemoc (Col San Simon Tolnahuac) + Coord Territorial 1 Iztapalapa (Barrio de San Lucas),1,2,0,BO_1975_00829,Cuauhtemoc + Iztapalapa
C-/C/HX,HX,Hospital Xoco (Col General Anaya),1,1,0,BO_1975_06785,Benito Juarez
C+HX,HX,Hospital Xoco (Col General Anaya),1,1,0,BO_1976_00970,Benito Juarez
C I,CUH-1,Coord Territorial 1 Cuauhtemoc (Col San Simon Tolnahuac),1,1,0,BO_1977_05972,Cuauhtemoc
C -I,CUH-1,Coord Territorial 1 Cuauhtemoc (Col San Simon Tolnahuac),1,1,0,BO_1977_05872,Cuauhtemoc
C -HX,HX,Hospital Xoco (Col General Anaya),1,1,0,BO_1977_05977,Benito Juarez
C,C,,1,1,0,BO_1975_05458,
Bab.,HB,Hospital Balbuena (Col Jardin Balbuena),1,1,0,BO_1971_03404,Venustiano Carranza
BT-CH,CUH-1,Coord Territorial 1 Cuauhtemoc (Col San Simon Tolnahuac),1,2,1,BO_1975_00158,Cuauhtemoc
BLI,BJ-1,Coord Territorial 1 Benito Juarez (Col Santa Cruz Atoyac),1,1,0,BO_1977_05837,Benito Juarez
BL-I,BJ-1,Coord Territorial 1 Benito Juarez (Col Santa Cruz Atoyac),1,1,0,BO_1977_05846,Benito Juarez
BJ-JM,HCMS21,Hospital Centro Médico Nacional Siglo XXI (Col Doctores),1,1,0,BO_1977_01342,Cuauhtemoc
CH - VI,CUH-6,Coord Territorial 6 Cuauhtemoc (Col Centro),1,1,0,BO_1977_05868,Cuauhtemoc
BJ-CM-MH-HRL,HCMS21+HGRL,Hospital Centro Médico Nacional Siglo XXI (Col Doctores) + Hospital Ruben Leñero (Col Santo Tomas),1,2,0,BO_1975_06754,Cuauhtemoc + Miguel Hidalgo
BJ-CM-GAM-1,GAM-1+HCMS21,Coord Territorial 1 Gustavo A Madero (Col Cuautepec Barrio Bajo) + Hospital Centro Médico Nacional Siglo XXI (Col Doctores),1,2,0,BO_1975_04205,Cuauhtemoc + Gustavo A Madero
BJ-CM-C,HCMS21,Hospital Centro Médico Nacional Siglo XXI (Col Doctores),1,1,0,BO_1975_06832,Cuauhtemoc
BJ-CM+MH-HRL,HCMS21+HGRL,Hospital Centro Médico Nacional Siglo XXI (Col Doctores) + Hospital Ruben Leñero (Col Santo Tomas),1,2,0,BO_1977_02540,Cuauhtemoc + Miguel Hidalgo
BJ-CM+CH-I,CUH-1+HCMS21,Coord Territorial 1 Cuauhtemoc (Col San Simon Tolnahuac) + Hospital Centro Médico Nacional Siglo XXI (Col Doctores),1,2,0,BO_1977_03005,Cuauhtemoc
BJ-CM VC-HB,HB+HCMS21,Hospital Balbuena (Col Jardin Balbuena) + Hospital Centro Médico Nacional Siglo XXI (Col Doctores),1,2,0,BO_1975_01738,Cuauhtemoc + Venustiano Carranza
BJ-CHX,BJ-1+HX,Coord Territorial 1 Benito Juarez (Col Santa Cruz Atoyac) + Hospital Xoco (Col General Anaya),1,2,0,BO_1976_01898,Benito Juarez
BJ-2 C-HX,BJ-1+HX,Coord Territorial 1 Benito Juarez (Col Santa Cruz Atoyac) + Hospital Xoco (Col General Anaya),1,2,0,BO_1975_03945,Benito Juarez
BJ-1-3,BJ-1,Coord Territorial 1 Benito Juarez (Col Santa Cruz Atoyac),1,1,0,BO_1975_05949,Benito Juarez
BJ-1 MH-CR,BJ-1+CR,Coord Territorial 1 Benito Juarez (Col Santa Cruz Atoyac) + Cruz Roja (Col Polanco),1,2,0,BO_1975_00127,Benito Juarez + Miguel Hidalgo
BJ-1 C-CV,BJ-1,Coord Territorial 1 Benito Juarez (Col Santa Cruz Atoyac),1,2,1,BO_1975_01757,Benito Juarez
BJ- CM,HCMS21,Hospital Centro Médico Nacional Siglo XXI (Col Doctores),1,1,0,BO_1976_00016,Cuauhtemoc
BI-I,BJ-1,Coord Territorial 1 Benito Juarez (Col Santa Cruz Atoyac),1,1,0,BO_1977_03833,Benito Juarez
BI-CM,HCMS21,Hospital Centro Médico Nacional Siglo XXI (Col Doctores),1,1,0,BO_1977_01473,Cuauhtemoc
C-C-1,CUH-1,Coord Territorial 1 Cuauhtemoc (Col San Simon Tolnahuac),1,1,0,BO_1976_03790,Cuauhtemoc
C-CH,CUH-1,Coord Territorial 1 Cuauhtemoc (Col San Simon Tolnahuac),1,1,0,BO_1975_00998,Cuauhtemoc
C-GAM-HV,GAM-1+HB,Coord Territorial 1 Gustavo A Madero (Col Cuautepec Barrio Bajo) + Hospital Balbuena (Col Jardin Balbuena),1,2,0,BO_1975_01347,Gustavo A Madero + Venustiano Carranza
C-H,CUH-1,Coord Territorial 1 Cuauhtemoc (Col San Simon Tolnahuac),1,1,0,BO_1977_01768,Cuauhtemoc
C/HX/Xoco,HX,Hospital Xoco (Col General Anaya),1,1,0,BO_1973_01767,Benito Juarez
C/1,CUH-1,Coord Territorial 1 Cuauhtemoc (Col San Simon Tolnahuac),1,1,0,BO_1975_00020,Cuauhtemoc
C.M.Nal.,CMN20N,Hospital Centro Medico Nacional 20 de Noviembre (Col del Valle Sur),1,1,0,BO_1973_04245,Benito Juarez
C.M.N.,CMN20N,Hospital Centro Medico Nacional 20 de Noviembre (Col del Valle Sur),1,1,0,BO_1973_03089,Benito Juarez
C.M,HCMS21,Hospital Centro Médico Nacional Siglo XXI (Col Doctores),1,1,0,BO_1973_04489,Cuauhtemoc
C.HX,HX,Hospital Xoco (Col General Anaya),1,1,0,BO_1975_00335,Benito Juarez
C. R. N 2a Deleg,VC-1,Coord Territorial 1 Venustiano Carranza (Col Merced),1,2,1,BO_1971_00924,Venustiano Carranza
C. R. Cela,C. R. Cela,,1,1,0,BO_1971_01331,
C. R.,CR,Cruz Roja (Col Polanco),1,1,0,BO_1971_01409,Miguel Hidalgo
C. M. Nal.,CMN20N,Hospital Centro Medico Nacional 20 de Noviembre (Col del Valle Sur),1,1,0,BO_1971_01317,Benito Juarez
C-X-1,C-X-1,,1,1,0,BO_1975_01317,
C-VC-HV,HV,Hospital la Villa (Col Granjas Modernas),1,2,1,BO_1975_05199,Gustavo A Madero
C-MH-I,MH-1,Coord Territorial 1 Miguel Hidalgo – Hospital Ruben Leñero (Col Tacuba),1,1,0,BO_1976_00645,Miguel Hidalgo
C-MH-2,MH-2,Coord Territorial 2 Miguel Hidalgo (Col Pensil),1,1,0,BO_1975_03885,Miguel Hidalgo
C-MH-1,MH-1,Coord Territorial 1 Miguel Hidalgo – Hospital Ruben Leñero (Col Tacuba),1,1,0,BO_1975_04137,Miguel Hidalgo
C-MH+HRL,HGRL,Hospital Ruben Leñero (Col Santo Tomas),1,1,0,BO_1976_03050,Miguel Hidalgo
C-I [HX],CUH-1+HX,Coord Territorial 1 Cuauhtemoc (Col San Simon Tolnahuac) + Hospital Xoco (Col General Anaya),1,2,0,BO_1976_00610,Benito Juarez + Cuauhtemoc
C-HX-MH-HRL-C,HGRL+HX,Hospital Ruben Leñero (Col Santo Tomas) + Hospital Xoco (Col General Anaya),1,2,0,BO_1975_02926,Benito Juarez + Miguel Hidalgo
C-HX-1,HX,Hospital Xoco (Col General Anaya),1,1,0,BO_1975_01202,Benito Juarez
C-HX+IZA-I ,HX+IZP-1,Coord Territorial 1 Iztapalapa (Barrio de San Lucas) + Hospital Xoco (Col General Anaya),1,2,0,BO_1976_02104,Benito Juarez + Iztapalapa
C-HX+AO-I,AO-1+HX,Coord Territorial 1 Alvaro Obregon (Col Cristo Rey) + Hospital Xoco (Col General Anaya),1,2,0,BO_1977_01635,Alvaro Obregon + Benito Juarez
C-HI,CUH-1,Coord Territorial 1 Cuauhtemoc (Col San Simon Tolnahuac),1,1,0,BO_1977_01466,Cuauhtemoc
C-HC,CUH-1,Coord Territorial 1 Cuauhtemoc (Col San Simon Tolnahuac),1,1,0,BO_1976_06102,Cuauhtemoc
C-H-I,CUH-1,Coord Territorial 1 Cuauhtemoc (Col San Simon Tolnahuac),1,1,0,BO_1977_02661,Cuauhtemoc
C-H-H,CUH-1,Coord Territorial 1 Cuauhtemoc (Col San Simon Tolnahuac),1,1,0,BO_1975_02982,Cuauhtemoc
C-H-6,CUH-6,Coord Territorial 6 Cuauhtemoc (Col Centro),1,1,0,BO_1975_00171,Cuauhtemoc
C-H-5,CUH-5,Coord Territorial 5 Cuauhtémoc (Col Santa María La Ribera),1,1,0,BO_1975_04311,Cuauhtemoc
xoco,HX,Hospital Xoco (Col General Anaya),1,1,0,BO_1973_04285,Benito Juarez
